f-35 competitors	1
croatian air force	2
photo n243ah	1
map creator for fantasy worlds	1
tcp flow control animation	3
cutter's choice bars	1
briggs and stratton 650 series manual	1
book of mormon musical online	1
edward r. murrow	1
liquid hydrocodone	1
dry humping pillow site:answers.yahoo.com	1
c++ insert	1
amazon	2
can melissa and doug doll drink and wet wets in the potty	1
does walmarts honor their online prices i n store	1
last ip of a cidr	1
squat rack	1
cook artichokes	1
maxwell guide don't starve together	1
this is madness! youtube	1
youtube	13
jarrett colaneri	1
games to play with friends far away	1
map of washington dc	1
pornhub	2
flash player test	1
new on netflix may 2016	1
good pvp servers minecraft	1
wow legion pre patch release	1
laker all time team stats	1
hbogo	1
cornell university	1
weather radar birmingham al	1
jrpg pc games 2015	1
e rewards	1
sauder media cabinet	1
"vizio 29"" 2ch sound bar (sb2920-c6) reviews"	1
why does my ac vents make so much noise	1
noritz error 66	1
cheese sticks	1
french toast	1
does academy outdoor drug test	1
stargate sg1	1
triangle	1
hentai gifs	1
jazz prepaid internet packages	1
ae free download full version	1
ward theatre jamaica	1
yahoo news	1
how to change paypal from old layout to new one	1
set up the integral for the divergence theorem both ways. then find the flux. f(x,y,z) = x2 i + xy j + z k	1
apple store	1
apple itunes login	1
target	1
lenin's title	1
accessunited	1
silver airways	1
perdida em sodoma 1982 filme brasileiro	1
how to treat severe stomach cramps and diarrhea	1
modb	1
how to make an obscene amount of money quickly	2
views full album stream	1
jeanne crain	1
go kart racing at priceville	1
katey sagal	1
man of violence movie	1
an ideal place to kill (1971)	1
womb 2010	1
the arrogant 1987	1
hostile intentions movie	1
red swastik	1
provocation pelicula	1
quella età maliziosa	1
eye of the cat 1969	1
hbo go	1
evergreen at lost mountain	1
command line up one level	1
the los angeles times	1
deer repellent	1
sorry	1
double cut vs single cut file	1
cheap shoes for men	1
loot pins bonus loot	1
homemade hot pepper bug spray	1
copper top plate connector	1
jquery-ui draggable not working	1
sims 4 sex uncensored	1
optionnet explorer	1
convertir mp3	1
spinning ping pong ball on finger	1
kerbal space program graphics mod 1.1	1
song/ thank you lord/ lyrics/ inspirations	1
babylock imagine	1
walther ppq	1
talladega	1
meijer	1
histamine intolerance	1
zunimassa set dungeon	1
difference between ortho ease and ortho sport	1
310 n plymouth rd nw	1
mari0	1
wrestling news	1
skyrim reset interior cell command	1
firelight young the giant lyrics	1
150 watt led light bulb	1
150 watt led bulb home depot	1
facebook	23
home iron level test	1
do dogs have nervous tics	1
eviews of gameof thrones	1
mature milfs young anal	1
ss videos ww2	1
dealdash	1
fursuit ressources	1
give the formula of the conjugate base of hso4–.	1
latest bios version for asus	1
key principles of wilderness survival	1
reddit nascar	1
reddit call of duty	1
marvel cinematic universe	1
1967 caprice 4 door	1
fidelgo island weather	1
chocolate chip cookies	1
free youtube downloader review	1
maps google.com	1
hand foot mouth symptoms in adults	1
hancock bank	1
does cable give you more channels than satellite 2016	1
enzo injury wwe site:youtube.com	1
xbox gold 12 month	1
saic careers	1
can pets trigger rimeheart	1
top gear usa	1
heath ledger drugs in system	1
pof	1
todd howard	1
learning gamnes for kids	1
dollywood cabins	1
hi viz motorcycle rain gear	1
horice brown pottery	1
the platinum zero visa card	1
kingsmoot	1
delivery bay youkai watch	1
cccleaner	1
جامعة الدمام	1
منتديات حلول البطالة	1
percentage of dcuo players are villains	1
windows xp burner	1
soccer shoe coloring pages	1
rust best graphics	1
what does the bible say about leadership	1
sooner sports	1
powerball	1
annualcreditreport	1
www.http://hamptoninn.hilton.com/en/hp/groups/personalized/m/mobmchx-fdt-20160624/index.jhtml	1
best games for psp	1
google	1
game of thrones recap	1
lobotomy	1
facebook login	6
vrbo 30a	1
que pasa si mi permiso de conducir de ee.uu.se vence en alabama	1
tacala llc	1
nugget ice machine	1
pit boss kamado	1
mercari	1
don't starve guardian pigs	1
the westin atlanta	1
ark carno	1
floof	1
ark scorpion spawn location	1
dragons milk	1
blackmen aftershave	1
diablo 3 rebirth	1
mbyte to mbps	1
자동차송진가루제거	1
폴크오디오 rti a1/a3	1
catfish cabin albertville menu	1
how long does it take your body to detox from cigarettes	1
happy wheels	1
etv rasoi show august 2015	1
curewards	1
mizzou online chem 1000	1
free geek	1
tv guide	1
256-200-1887	1
exgf sucking	1
dark souls 3 pine resin	1
216 talisman ave, prichard, al 36610	1
robert merton anomie theory	1
cold foot pad	1
baby shower crafts	2
kripp evolution shaman	1
is there a planet made of chocolate	1
get rich or die tryin movie stream	1
a formula can include a reference to another workbook (called an ____ reference), which creates a set of linked workbooks.	1
which statement about important concepts in the capital asset pricing model is most accurate? a. the capital market line is the risk-return profile that contains the set of all dominant portfolios comprised possibly of all securities b. the security market line passes through two points with coordinates (standard deviation, rate of return) equal to (0, risk-free rate) and (market standard deviation, expected market return) c. the capital market line passes through two points with coordinates (be	1
the most common statistic for measuring risk is the standard deviation of expected returns. which statement best describes the standard deviation as a risk measure? a. the standard deviation gets larger as the likelihood of extreme outcomes increases b. the standard deviation gives less weight to upside extreme returns because these are good outcomes, whereas downside extreme returns are bad outcomes and so receive more weight c. when expected returns have a normal distribution then the 95% conf	1
superior cadet award	1
e news	1
akinator	1
divine exchange on the cross	1
aol mail	2
news	2
apollo 11 landing poster berkey	1
bird on rim of vase germany 2 hallmark	1
john wayne the alamo movie torrent	1
software mackiev	1
mackiev family tree maker or rootsmagic	1
auburn football	1
leonard lockport new york	1
north park middle school lockport ny	1
kilo baby baby	1
dhc-5d	1
reaper	1
regions	1
financial literacy study guide	1
fun accounting projects for high school students	1
value of financial literacy	1
where is the best chocolate made	1
remington 870 tactical stock and forend	1
brass plated sheet metal strips	1
gmail	4
ebony gives rimjob	1
cpanel hostgator	1
craigslist	5
2002 nissan frontier wheel north alabama	1
spray and rinse filter cleaner	2
ro su-hui	1
1st of may 2016	1
sling tv login	1
huntsville al news	1
tupelo radar	2
yahoo	4
mike evans nfl	1
scottsboro funeral home	1
payday for trent richardson	1
vig	1
mancave tupelo	1
2016 chevy spark	1
face	1
macys	1
build a resume online	1
cher lloyd i wish album with t.i.	1
ex machina wiki	1
savor bracelet	2
church of the highlands	1
what was the wilmot proviso	1
one piece episode 380	1
sketchers	1
alabama department of corrections employment	1
i need very loud windchimes	1
hard globs coming down back of throat	1
anywho.com app	1
burt funeral home ft payne	1
what kind of chicken to use for kabobs	1
prattville progress	1
if you see your brother sin and don't correct him	1
binaural beats increase hypnotic suggestion	1
the secret sex life of a single mom	1
naked and afraid parody	1
dangers of gmo	1
forensic artist requirements	1
adobo wings diners drive-ins and dives	1
going vegan for depression	1
oven roasted potatoes	1
2008 suburban weight	1
baked mac and cheese with topping	1
examples of five print concept strategies	2
mmorpg safe for kids	1
kid timed outlets	2
"""lowe mill"" events"	1
homemade cuckold	1
jail view arab alabama	2
arab city jail view	1
cindy lynn bayless	1
eddie hagen pirmasens germany	1
mercy triumphs over judgment	1
jimmy and karen evans	1
manon louchard	1
body language short film	1
mapquest	2
sdr currency	1
how to do eyebrows step by step	1
my social security	1
sam's club	1
staples promo code	1
naked cake with fruit	1
frank lloyd wright houses for sale	1
jeffersons aged at sea voyage 3	1
nipple piercing video	1
does breast milk come out during piercing	1
wolf of wall street lamborghini print	1
the east wind	1
how to get photos off of my iphone 5	1
impressive title servers	1
1zr1856v0199923960	1
jackson county ms vets	1
most popular punk bands	1
used cars in columbus ga	1
roblox police yelp id	1
got7 fly	1
messanger	1
checks in the mail	1
we love fine	1
black walnuts	1
who wrote the first multi-state bar exam	1
rivertree church huntsville al	1
westminster christian academy huntsville soccer madison county	1
samuel morse	1
how does whole life insurance cash value work	1
ncaa baseball standings	1
mandalay region of burma	1
abiotic factors of the desert	1
what are mexican poppies	1
what is a armadillo lizard	1
smoking chicken on brinkmann charcoal smoker	1
reset ipod classic without itunes	1
curvy women bending over	1
watch hulu	1
who's your daddy esrb	1
how to open two league clients at once	1
el mundo	1
my i toons account	1
mature men rimming mature men	1
the breakfast club	1
john paul jackson death	2
outlook express mail	1
koffee brown after party mp3 download	1
cylon names	1
udr	1
sandra romain	1
goodyear lakeshore birmingham	1
fashion to figure	1
tower defense games	1
my hero academia episode 5	1
piggly wiggly jemison	1
bootyos cereal	1
psychologist auburn al	1
how to speed up a wav file in audacity	1
cindy zebryk with coldwell banker in fairhope, al	1
free porn	1
pic of goat	1
release your mind noise	1
delta airlines	1
sig rc bluehawk	2
laurus nobilis tree	1
mob psycho 100	1
lycanites mobs dungeosn	1
240 jake drive. sylacauga al 35151	1
gogoanime	2
ps4	1
daily sheeple	1
ideas to cover septic tanksss	1
diablo 3 witch doctor best in slot	1
saito fg 40 review	1
where are the stars of the partridge family now	1
beyonce	1
brookwood hospital inpatient rehab	1
free sulabretes sex tapes	1
al b sure daughter	1
the best burger recipe	1
al di meola	1
one-of-a-kind	1
mybluecross	1
texture pack minecraft	2
captain america civil war torrent	1
cinemax movies lesbians on a pool table	1
pickles	1
coolletters genorator	1
best speech to e-mail android app free	1
vasto fire emblem	1
houses for rent in hazel green al	1
houses for sale in hazel green al	1
endless sphere	1
mgsv save data location	1
pol	1
staravia oras	1
fear the walking dead reddit	1
in game my laptop lags and catches up	2
nip and fab dragon's blood serum	1
apug	1
restaurants near me	1
how to draw kodomo style	1
the curse of sleeping beauty wiki	1
big mama thornton	1
how to flip a coin across your fingers	1
xvideos	1
how to subtract from a .csv file	1
conventional arms transfer policy	1
list of anime that the main heroine is a fox demon	1
google scholar	1
backpack literature 5th edition ebook	1
backpack literature an introduction to fiction poetry drama and writing (4th edition) pdf	1
vape shop montgomery al	1
kanavape	1
seven perfect angels cast	1
san juan	1
shantae risky's revenge review	1
shantae which games	1
lattice parameter	1
umemaro blowout hmv	1
how to read a ttt diagram	1
games like super metroid	1
hunger bar never going away in dayz	1
how to make a team on cevo	2
mlb the show 16 ps vita	1
buffalo wild wings	1
scandal season 5 episode 16 full episode	1
carl verheyen	1
langley funeral home	1
langley funeral home dadeville al	1
why isn't leo on lab rats elite force	1
youtube.com	1
lowes	1
790kingridgedr.roswellga	1
united	1
yahoo mail	2
get started vs start	1
john marsha	1
how good is a baby's memory	1
target raspberry bedspread flower	1
late archaic period	1
moby dick	1
x-men forever	1
pacman	1
darkmoon races guide	1
what happen to old new iphone 4s or 5s	1
do mayor william bell really live in inverness	1
haiyard	1
game of thrones season 6 episode 1 watch online	1
freee movies	1
youtube to mp3	2
ros driver	1
orange pi plus operating system	1
percentage of budget calculator	1
suck guru.com	1
revierw guru.com	1
jobs for 16 year olds in enterprise al	1
xvideo	2
mayo chiki gif	1
lauren phillips	1
patlabor	1
tiny torrent	1
geforce gtx 275 benchmark	1
t shirt wooden beaded necklace	1
is-42 social media in emergency management quizlet	1
renew tag online	1
clay vs sand	1
savage1r	1
how to fight cellulite	1
mark isaac academy	2
john 5:1-14 niv	1
60 minutes australia devil sacrifice	1
facebook symbols copy paste	1
honda factory lawn mower	1
aquatic biodiversity positive and negative effects	1
jubilee stadium daphne al	1
aol	1
sims outdoor retreat promo code	1
wyndham	1
jewelry repair pelham al	1
"""durand egyptian crackle glass"""	1
banshee streaming saison 4 episode 3	1
how can i tell if my craigslist ppost is gohsted	1
iobit malware fighter 4 key	1
wizard101 how to get a storm striker amethyst	1
what layer is the pdu called packet	1
40k marru	1
ps4 controller virtual bus driver	1
ignition coil part number for briggs and stratton 550 ex	1
heavy duty breakaway razor blades	1
porn hub	2
are having a girl or a boy baby if the heartbeat is 185	1
kaneki ken	1
a 54-year-old patient with pulmonary tuberculosis (lung infection) is evaluated for syndrome of inappropriate adh secretion (siadh). which of the following electrolyte imbalances would be expected in this patient?	1
a nurse has been assigned to a 55-year-old woman who has a malignant brain tumor. the patient is receiving her first dose of carmustine. it will be critical for the nurse to observe for which of the following?	1
kinase inhibitor imatinib route of administration	1
types of conflict management styles	1
explain conflict management styles concerning st. clare hospital	1
www.google.com	3
propose a conflict resolution strategy to be used st. clare hospital	1
st. clare hospital conflict resolution strategy	2
mgs cyborg ninja	1
metal gear solid wolf cave	1
fritz sos	1
papa johns coupon code	1
registered landlords hamilton county ohio	1
tupperware	1
wallace community college dothan	1
2020 warrior jasper road	1
coco bandicoot	1
coleman roadtrip grill quick connect	1
coliform bacteria are common contaminants of meats. why might one expect to find coliforms in samples of meats	1
cpp institute	1
netflix	2
beyond the high himalayas	1
free xnxx porn	1
sparknotes the bluest eye	1
lre3083st vs lre3085st	1
myloweslife	1
when did william murdoch and julia ogden have a baby	1
go home and be a family man	1
white blood cell pneumonic	1
xnxx	1
kelly services	1
ebay	6
introduction to cybersecurity (cnx1430)	1
spotify	1
wintzell's application	1
best weapon for cutting kalameet tail	1
dark souls completionist guide	2
littleton co	1
sex toys for men	2
laura mercier secret camouflage	1
shell compact	1
johnson 150 fast strike specs	1
prexisting nd workers comp	2
cant5 add field to crm form	1
extratorrent	1
kaste78	1
fred clenney death	1
uber code	1
highest paid alabama electricians	1
wwenetwork	1
kre-o transformers instructions	1
see kate sew neptune	1
what happens if i dye my hair blue and then purple	1
how to get joey graceffa hair	1
picasa for pc windows 7 free download	1
darksydephil	1
fastest usb 3.0 flash drive	1
brinor bargains	1
doug walker ghostbuster trailer	1
saving multiple items on one image in photoshop	1
align images next to each other without space	1
academy sports	1
myrtle beach casino boats	1
monoprice	1
instagram follow button	1
initial d first stage episode 5 english dub	1
vocal lessons huntsville al	1
boku wa tomodachi ga sukunai next hd ligero mega	1
big chief wetherington,	1
womens liberation movement	1
how to care for seedum	1
add an outlet in between two others	1
motorcycle vulcan 1600 front end wobble	1
taras figlio di poseidone	1
trisul	1
rainierland	1
four french tourists were assaulted on the island of koh kut	1
loss of consortium	1
who is stacy's mom	1
air force bmt shy	1
top secret clearance,	1
honorable discharge	1
how to set up direct deposit regions	1
how do you know checks are expired	1
hs 2 vafrv	1
filing an unemployment claim	1
768-1 twitter	1
underfell	1
myvidster.com/nextdoorraw.com sex videos	3
myvidster.com/hung white gay cocks oral cumshots	1
myvidster.com/homemade hung dicks	1
wabt	1
pinterest	2
hulu	1
beginer guitars	1
youtube benny hinn worship songs	1
wedding ckes	1
talbot outlet	1
spectrum noir brush nibs in bulk	1
maymay made it crafts	1
fanfiction twilight edward and bella get married in vegas	1
image signature maker	1
buffy the vampire slayer	1
pizza pie birmingham	1
fantastic four world's greatest heroes	1
chinese dogma f8	1
mayrin villanueva	1
leah messer	1
disney world dining salmon	1
magic kingdom breakfast	2
most expensive counter service at animal kingdom	1
nineteen duos flute duet	1
beyonce tour 2016	1
netspend	1
auburn department of biological sciences	1
geek and sundry	1
how moderate are moderate muslims?	1
alvin holmes on gov. bentley wsfa	1
math formula to calculate gravel	1
horizon stone	1
u alabama summer co op	1
billboard top 100	1
grace singer	1
microwave popcorn without hulls	1
pure monk fruit	1
site links searchbox schema	1
shoudl i submit a site map to google	1
how to highlight search results	1
mssql rownum	1
how starbucks saved my life	1
who is tiffany edwards starbucks	1
dentures huntsville	1
alabama hunstvlle affordable dentures price list	1
sassy short poems	1
jumpman lyrics	1
xcom 2 faster psi training	1
famas f3	2
dumbass country song lyrics swing batta batta	1
meghan trainor	1
how to clean for anal	1
trey parker and matt stone interview	1
map sbp dbp	1
disney channel original movies	1
ruth b	1
terrorism in the ivory coast	1
cedar rock dairy	1
star citizen motion blur command	1
is prisoner's chain good	1
life in a love	1
nioh	1
free milf porn.com	1
hmas canberra	1
trojan web express	1
hotmail	1
glimepiride side effects	1
phonebank for bernie	1
dominos	1
skechers women's easy going repute mule	1
red brick pizza	1
synonym for flesh out	1
factorio steam engine	1
homemade whipped cream	1
dragon soul app offline	1
best free offline hack n slash android	1
inotia 4 review	1
products to rapidly remove acne scars	1
site:ar15.com pelican cooler, 45 quart	1
city hope malbis	1
cbaby wetlands	1
us army transportation mug	1
2005 mustang gt sub frame connectors youtube	1
farmcreditofvirginias	1
birmingham news	1
anniston star	1
the dark knight returns comics	1
download earlier version of kindle android app	1
kindle app for android phone 4.1 9	1
older versions of kindle app for android phone	1
android kindle app quit wprking	1
turn off automatic updates on my android lg phone for kindle	1
concept outline period 9 print out	1
discord	1
stealth cam battery pack manual	1
naver	1
abcya	1
blessed assurance chords	1
only in florida news	1
indiana republican polls	1
amerisourcebergen	1
19 news	1
lolking jinx	1
computer keeps restarting windows 10	1
star wars youtube full movie return of the jedi	1
maps	2
pickled egg and onion recipe	1
pickled egg recipe	1
milf and teen gif imgur	1
liquid logic jefe	1
fa	2
but for the blood	1
origination of surname of fuhler	1
dizziness	1
carnival cruise	1
taboo show	1
michael kors	1
first byte load time	1
cracker barrel	1
retirement systems of alabama	1
gershwin	1
beethoven symphony 8	1
dhdtv antenna for cheap	1
seri porn	1
watching downloaded kodi files from ps3	1
forced sissy slut training	1
used 5 horse power garden tillers	1
aventus creed cheap	1
pulmonologist	1
dragon ball super episode 41	1
anime fox render	1
beretta stampede	1
melikaria	1
ms relay board pinout diagram	1
under armour	1
bar cart	1
speck cover for ipad	1
alabama power	1
september 23 2003 day of the week	1
istick100wtc update	1
krystal ball	1
www mycfavisit com survey	2
mothers day date 2016	1
young thug freestyle	1
karen moss nicole richie	1
maia campbell	1
gardening growing from seeds	1
godzilla resurgence spoilers	1
travel ratings website	1
smle iii* bolt tool	1
www.sudoku.com/playnow	1
hoppin josh lol	1
work at home jobs for doctors	1
krups egg cooker manual	1
blurred vision brain tumor	2
online games	1
kurt russell	1
nvidia	1
vbs central baptist church sign up	1
vbs central baptist church sign up decatur al	1
annasophia robb and chloe grace moretz	1
ender and petra	1
2. what is meant by motor unit recruitment?	1
2. what is meaning of motor unit recruitment?	1
1. in which gender is muscle fatigue found? why?	1
lily starlette.	1
rambler johnson summary	1
roberts brothers	1
twelfth night sibling love	1
best portable blender for shakeology	1
kim vandergriff	1
nudevista	1
tractor supply store drive belt spring	1
danielkolenda.com/events	1
weather service all caps	1
airfiber 5x	1
pet rescue/how to unlock paths	1
attalla.k12.al.us	1
advantages and disadvantages of incentive pay system	1
what does registrar mean	1
air video hd	1
drake new song 2016	1
vrbo miami	1
assisted living calendar of events	1
kodak esp c315 driver	1
dspgaming	1
ltd	1
fresh market	1
cahaba grand conference center	1
largest churches in alabama	1
may calendar	1
where did oprah go to high school	1
how does garry's mod work	1
my candy love dress up	1
tracer pose	1
hydrogen deficiency formula	1
fnaf world	1
shade murray nashville tn	2
furaffninity	1
eval nameerror python	1
eval locals	1
bamaflava	1
tier list fire emblem radiant dawn hard mode	1
xbox controller dolphin wii laggy	1
alexander city outlook classifieds	1
natalie portman my blueberry nights	1
charter	1
youtube gangland	1
fox news	1
usafa admissions	1
us bank apraiser	1
no knot eyelet fly line pin	1
toshiba laptops	2
www.roadrunner.com	1
mujer viendo hacia la ventana de noche	1
visitantes de dormitorio	1
marvel heroes 2016	1
kickasstorrents	1
game of thrones season 6 episode 3 trailer	1
maxcdn	1
chief cell exocrine	1
stimulates pancreas to secrete fluids high in bicarbonate ions	1
which of the following account for three-quarters of the total minerals required by the human body?	1
which of the choices below is not a fate of carbohydrate taken into the body?	1
what would happen if the capsular hydrostatic pressure were increased above normal?	1
which of the following regions of the nephron is most likely to be found in the renal medulla?	1
how to join the french foreign legion	1
miniology	1
combat wings: battle of britain (pc, 2008) - european version	1
airliner ws100 smart slate	1
carmike gift cards	1
car leaks oil after change	1
praise is what i do	1
see a white girl get fuck by a white guy	2
orbeck of vinheim	1
foot massage in montgomery al	1
openbor	1
the following accounts for the largest share of the budget (20 percent):	1
divergent bird tattoos	1
lyrics to rap god	1
lyrics to let it go frozen	1
site:8muses.com 8muses	1
happystarreviews.com	1
foreign degree equivalency in usa	1
ged test to graduate early	1
acc lacrosse	1
bdcraft	1
nascar schedule 2016	1
aero race wheels on ford ranger	1
uah	1
redbud festival honaker va	1
best urology in atlanta	1
how many dems voted in pa	1
he. 7 24-25	1
der micheal quinn fayettyville ga 30214	1
leeds presbyterian church	1
steep and cheap	1
rustle jimmies	1
steps and ladders for above ground pools	1
giro d'italia 2016	1
pro cycling stats	1
wells fargo	2
why is my sound not working	1
starbucks thing to put around your cup	1
freeporn	1
2013 lincoln navigator for sale in ala	1
next comet visible from north america	1
muzaffarnagar film	1
swelling under arm	2
care credit	1
new can am spyder for sale	1
how to download mp3 and mp4 from youtube	1
southbury circle vestavia al	1
how high were the walls of jericho before they came tumbling down	1
daniel	1
my nsula	1
bitrix24	1
jetpack's carousel has been disabled, because another plugin or your theme is overriding the [gallery] shortcode.	1
you tube	2
alan tudyk uncharted	1
voice of nathan drake	1
/hgg/ [kiss] カスタムメイド3d2 pastebin qzqgcmxx	1
ga lottery	1
hbo now	1
supreme	1
polaris ranger 2007 parts	1
2007 polaris ranger throttle body cover and screws	1
2007 polaris ranger 700 rpm at idle	1
mj thrift store huntsville al	1
how can i get designers to see my art work?	1
is a policy of nonintervention with regard to prison management that u.s. courts tended to follow until the late 1960s.	1
is the legal status of prisoners in some jurisdictions who are denied the opportunity to vote, hold public office, marry, or enter into contracts by virtue of their status as incarcerated felons.	1
amino acids are carried to the ribosome by _____________ in order to build polypeptides.	1
places to go in colorado	1
sharpe's eagle cast	1
city of albertville al	1
chacos	1
running shoes no socks	1
no sock hiking shoes	1
free iphone 6 plus	1
iphone 6 plus free	1
metamech shadow cat	1
carvana	1
dark souls 3 pyromancy worth it	1
old kings great hammer	1
dark souls 3 chameleon	1
convert to spherical coordinates	1
hydrolic cement swimming pool	1
c-section	1
27961 us hwy 98 • suite 17• daphne, al• 36526	1
transforce.com	1
once upon a time	1
david garrett wife	1
slitherio	1
koliko dugo se peku lesnici	1
requirements to be a human resources manager	1
dark souls 3 new game plus	1
palmetto state armory coupon	1
christian alcohol and drug addiction photos and quotes	1
america comparative advantage examples real world	1
what is ulls s4	1
charisma carpenter nude	1
vittoria goma 29x2.25 tnt	1
geax goma 29 2.25 tnt	1
amd radeon gpu	1
game of thrones season 1 streaming	1
i idolize you bull durham	1
cubs walkup songs	1
restore iphone 6 without losing jailbreak	1
thera shoes	1
pogo	1
watch archer season 7 episode 2 free online putlocker	1
bamaonline	1
"""blake weaver"" arab high school"	1
exploretalent 16 year old alabama	1
3109 prescott ln sw, decatur, al 35603	1
computer going way to slow	1
battlefront vorpx	1
mw2 vorpx	1
vive weekend pickup	1
rags player	1
alexa amazon	1
linking honeywell thermostat with amazon echo	1
can zoloft be used as an anti-psychotic drug	1
taylor st claire gangbang	1
viking gangbang	1
roll play rape gangbang	1
xbunker	1
lg one click root 1.3	1
son of citation machine mla	1
gunsmith mobile alabama	1
miller ronin gallery	1
missouri lakes trail	1
lost lake trail colorado	1
sign up for amazon prime by accident	1
danica patrick	1
jurassic world the game maxed hybrids	1
how to calculate bullet drop	1
kanab utah	1
google play music	1
auburn graduation dates	1
italian cookware brands	1
where does joker phillips coach	1
laptop deals	1
cobra electronics esd7570 9-band radar	1
tops with bows	1
amd radeon hd 7310 for windows 10	1
trig addition formulas	1
love live school idol festival ost torrent	1
italian opera classical period	1
dark souls 3 blades of the darkmoon broken	1
anri of astoria	1
these girls	1
romanoff home depot	1
ameris bank	1
yamaha xl700 for sale	1
word counter	1
if you have hbo now can you watch episodes as soon as they come out	1
busty tits	1
sand mountain al	1
d'haquille williams nfl	1
gluten free tortillas	1
jobs zoo alabama	1
how to burn cd on flash drive	1
niacin	1
maren morris	1
when did the antebellum period start and end	1
missouri compromise	1
nat turner's rebellion	1
bamboo decking	1
composite decking	1
disguised gun case power box	1
sams club	1
dorya interiors	1
vimeo	1
distance from troy to auburn	1
eleanor	1
white collar	1
jobs hiring in montgomery al	1
how to remove an apple id from a second hand iphone with computer	1
icloud unlocker download no survey	1
which of the following is true of cardiorespiratory fitness	1
the po2 decreases with increasing altitude because of the	1
flexibility is defined as the quizlet	1
which of the following factors are important to consider when designing a laboratory test to evaluate sport performance	1
body fat appears to be most dangerous when it exceeds	1
what is considered to be the minimum healthy fat level for men and women	1
which type of rom training utilizes slow and controlled, sport-specific movements designed to increase core temperature and enhance activity related flexibility and balance	1
tigermail	1
milk bacteria bibliography	1
vhs to digital	1
i want you savage garden lyrics	1
oslo airport gardermoen map	1
hotel parking at comfort hotel trondheim	1
how to pay for ferry in norway	1
wikipedia	1
st. louis & dallas stars game	1
challenger cliffs gw2	1
myspanishlab answers chapter 4	1
the fappening	1
roadblocks	1
creating a skincare line	1
musiq soulchild life on earth deluxe zip	1
boy head twists	1
hallelujah shrek	1
stuffed french toast	1
espn	1
grainger	1
att.net	1
honda st90 for sale alabama	1
ms state baseball schedule	1
sec baseball standings	1
troy built 3000 psi pressure washer with briggs and stratton how to get pressure	1
how to operate a troy bilt pressure washer	2
flower pot covers tennessee	1
used mobile homes for sale near boaz, alabama	1
how to sell personalized items on amazon	1
cirricula vitae	1
apple blight	1
marriott rewards	1
ocean sky jets	1
proguides	1
watch raw full show	2
led display six-in-one digital altimeter	1
kelley blue book used cars	1
craigslist auburn	1
the springs at huntsville apartments	2
whnt news 19	1
kentucky earthquake 2016	1
wifi super slow but ethernet fast	1
early endosome	1
do you need ps plus to play no man's sky	1
winston police department new girl	1
mini talon	1
david yurman bracelets	1
make skyrim children nude	1
bill and virgina love of anniston al	1
richest person in calhoun county al	1
all alabama players drafted 2016	1
jesus said all power has been given to me now i give to you	1
homemade bug trap	1
used cars montgomery al	1
note 6	1
aile striker pack	1
easy video editing software for youtube	1
croatia	1
add snorkel to honda rubicon	1
vh400 soil moisture sensor probes	1
craigs	1
caribbean news newspapers	1
resume maker	1
al turner, gadsden, alabama whitepages	1
soul calibur 4 intermediate equipment	1
wish.com	1
football games	2
refer to figure 34-1. there is an excess demand for money at an interest rate of	1
site:m3post.com ind vs oem trunk badge	1
khenifra ferme	1
ferme safi a vendre maroc	1
amazigh turf	1
oybs orange	1
melodic casting dndtools	1
black knight sword dark souls 3	1
how do you remove the sim card from a galaxy s5	1
louisiana catholic blessed seelos	1
kikfinder	1
summit white mountain brinkley sandal lowest price	1
summit white mountain brinley brown sale	1
closed toe sandals womens	1
al com baldwin county news	1
hotel maid catch	1
columbia md historic sites	1
hip to waist ratio	1
paragon apartments columbia md	1
gramercy apartments columbia md	1
piecy bangs	1
tumblr	1
double entendre	1
jeffstateonline	1
tomato slice	1
armenian people	1
old black bear	1
drdt-2	1
what are o.j. simpson and nicole simpson's kids doing now?	1
does alabama plan to drug test if you are on medicade	1
how to clean ears	1
lemonade video	1
how to turn a regular patch into velcro patch	2
how to fix tire pull	1
how to turn off tpms light on nissan altima	1
regions online	1
col jacobi letter obama	1
straight talk	1
video on cleopatra's life	1
hno3 acid strength	1
is sph 107 the same as coms 101	1
weather.com	1
how to record an instrument on pc	1
where can i check departure and arrival times of carnival ship	1
diflucan candida	1
bus tuscaloosa to birmingham airport	1
kenshi yonezu lyrics	1
kids’ responsibility board & chore chart system	1
kids’ responsibility board	2
xiqubangchui	1
1988 ford ranger spark plugs	1
1040ez exemptions	1
hobbit home builders in north carolina	1
south carolina federal credit union	1
new pentax k1 lense	1
log cabin house plans	1
shoals treatment center	1
first metro	1
grapefruit diet workout reccomendations	1
make doggie dough to hide meds	1
smooth cigarettes	1
hair follicle drug test	1
what are those musical	1
who are the eagles carrying the woman israel into the desert	1
thermodynamic stability of radioactive waste	1
"""instrumentation"" vitrification nuclear waste storage"	2
cheapest samsung refrigerators	1
craigslist dachshund puppies for sale	1
flaming lay up drills	1
how to go to previously saved version of project eclipse	1
blue cross blue shield	1
sunchaser oasis cruise	1
tna flix	2
cruz denies an indiana loss	1
you have more friends on facebook than you think	1
star wars the old republic	1
can my computer run star wars the old republic test	1
abigail ratchford	1
treaty of new echota	1
cult of domesticity	1
dred scott decision	1
robin mckinley new book	1
radiation definition	1
in chrome, what is difference between the complete save and the htlm only save	1
define talladega 500 race	1
how to pay attention to your posture	1
will xbox 360 controller charger work on windows 7	1
cinemassacre the dragon in my dreams	1
planetsuzy angelica de la sol	2
freecreditreport	1
new madrid fault map	1
weather	1
microsoft products	1
when is pentecost sunday 2016?	1
seared tuna	1
best buy	2
"""unfortunately, com.samsung.ipservice has stopped"""	1
nyaa torremt	1
internet says i am getting high speed, but is very slow	1
inga von salen linkedin	1
donkey mating	1
flags of nations	1
2 qt round chafing dish	1
3 drawer lateral file cabinet	1
althorp	1
rust steam key sale	1
pineal gland calcification	1
charter spectrum	1
malwarebytes free	1
sermon on the mount	1
taotronics tt-ah002	1
are psychic abilities real	1
i wish i had been raised with somthing other than christianity	1
family feud	1
cancelled shows 2016	1
holocaust death by category	1
whats the end of season rewards for premier teams	1
ends lyrics	1
what type of fising tackle for bahamas	1
5 foot cable lock	1
darthvader actor	1
rosella virus	1
roseola virus	1
download ios 9.3.1 jailbreak	1
aquarium blower	1
obituary moreen rogers georgia	1
skindex	1
clarks	1
lillian franklin vs wells fargo	1
app inventor	1
city employment	1
piercing javelin eso	1
sidney harrell attorney mobile al	1
renew strength like eagles	1
anything goes fallout 3	1
early types of canal inclined plane	1
larry wilmore correspondents dinner	1
2006 hundai elatra left front fender	1
left alone game	1
rwby reddit	1
2003 jeep tj ac evaporator	1
carlos slim	1
rpg maker vx ace cowboy	1
will using two cigarette lighters in a car harm it	1
plate bolted into 03 altima 2.5s front bumper	1
reverse number lookup	1
award winning chinease food recipes	1
land auction alabama	1
how long do judgements last in alabama	1
arec	1
can you freeze cheese	1
wwe payback 2016	2
ford ts50 need for speed	1
university of pike chapter name in virginia	1
virginia pi kappa alpha chapter name	1
find a grave	1
cocktail recipes	1
how to make a graph in word	1
cnn	1
can chiropractic help sinus issues	1
new mo creatures servers	1
minecraft 1.7.2 forge	1
minecraft forge 1.7.2	1
minecraft 1.7.2 forge wont launch	1
mo creatures 1.7.2 server	1
hp d110 showing offline	1
how to access iphone on itunes	1
tineye	1
twitter clexa lives on	1
david hilbert biography	1
office resource pool ohc	1
office of human capital tsa	1
www.roundup.com	1
www.gumball .com	1
bee armor set armor	1
elk river tn access points	1
flint creek decatur al	1
limestone creek alabama map	1
john 3:36 kjv	1
christianity today heaven	1
"""allie"" ""powers"" profile"	1
http:safelink.com	1
copart inc fairfield ca	1
mr. wood, nasa first shuttle flight chief engineer	1
birth chart with coordinates	2
lighthouse dachshunds	1
ourtime reviews	1
easy website software	1
4chan	1
what is a ware house order picker	1
watch center - lugano	1
t bar watch lug	1
reddit birmingham	1
label:money	1
ruger sr9c accuracy problems	2
tradutor	1
ps3 read exfat	1
3d sphere in winplot	1
scallop appetizer recipe	1
how to set the computer not to go to sleep windows 10	1
advance wars adder quotes	1
tuscaloosa county jail mugshots	1
gothika full movie	1
oriental trading company	1
walmart	1
the voice australia 2016	1
whirpool wfw9400sz01 hinge	1
remy lacroix	1
mediacom	1
germany homeless refugees	1
stanley cup playoffs	1
tumlin construction	1
witcher 2 enhanced edition walkthrough pc	1
how to get the loot crate neverwinter	1
walmart grocery	1
weird sound in my ear after swimming	1
i hate setting up swimming pools	1
gfi	1
evil within how to change save profile	1
door county style	1
american pie wedding hd online	1
door county weddings	1
hentai uncensored	1
dyzhawn l. perkins autopsy	1
grazing contracts for livestock	1
troll 2 imdb	1
anal	1
how to uninstall windows 10	1
outlook update	1
wolf gang mosart	1
string theory	1
google maps	1
ceponis+montgomery al	2
pc google cast smart tv	1
chastity	1
anyone else have shortness of breath vaping .....	1
ngu 4.80 cfw	1
watch captain america civil war	1
old black porn stars	1
best blu ray player under 200	1
fat bikes	1
jamie dornan	1
dragon ball super episode 41 subbed	1
bane of the stricken	1
turmeric	1
akame ga kill	1
australlian guy lightning girl	1
dead baby jokes	1
what types of enzymes are responsible for hydrolyzing the proteins in foods?	1
which of the following is a feature of physical activity and bone health?	1
which of the following cannot add fat to the body?	1
2878846	1
winches for polaris ranger 900 xp	2
90930 warn	1
nvidia gamestream over cellular data	1
listerhill	1
diversity in the workplace	1
democratic principles in working practice	1
democratic principles in the workforce	1
how to reduce bureaucracy in workplace	1
credit karma	1
fairytail	1
avalon beach destin fl rentals	1
norta	1
jcpenney	1
wish for a world without flame	1
minimal pair names with /s/ and /t/	1
auburn university final exam schedule	1
the history of ethnic succession in organized crime suggests that an ethnic gang has to go through several stages before it can attain supremacy. which of the following is not one of those stages?	1
brain disease model of addiction	1
text and drive	1
