vizio tv states wifi is disconnected	1
how to slow down sections of video in gopro studio	1
eli5 puppygate	1
www.craigslist.com fairbanks	1
2301 phainopepla cir. wasilla ak	1
how to remove drm from itunes	1
how to .com remove drm from itunes	1
yahoo mail	5
neuronton	1
mxgp 2 free download pc	1
samsung water filter a4113	1
ตุ๊กตาลูกเทพ	1
when can i plant strawberries outside	1
instant/sorcery recursion	1
jungle book	1
alaska mountain facts	1
raws	1
alaska aviation weather	1
kayak nc22 caravan	1
my order from apr 15, 2016	2
flexmls	1
beethoven's 5th symphony	1
romanticism tscience	1
2003 chevy 4l60 hotwire neutral safery switch	1
ford e350 vs e450 chassis	1
msrp on forester and sunseeker motorhomes	1
forest river rv 2290s	1
ford e450 specs	1
amtgard a&s tournament	1
free adobe reader	1
average tattoo	1
hitler tried nuremberg	2
college for aerospace engineering	1
12 kingdoms episode 1 sub	1
spirit of bamboo	1
shakespeare-told taming of the shrew	1
bicycle mirrors	1
how to thaw ground beef	1
amazon	3
palmer ak non emergency number trooper	1
spongebob i'm ready gif	1
parallel english and japanese text	1
us passport	1
weird science	1
synonym of partaking	1
matsu collge	1
eve online ships	1
eve online security agent	1
pigmast and beefmast farming simulator 2015	1
farming simulator 2015 mods	1
windows 10 home max ram	1
best time to take hyaluronic acid supplements	1
stanley cup playoff history results	1
how do i know what my starbucks reward is?	1
how to build a shelter from sticks	2
bible verse beaten badly not recognisable as human	1
fast food near westmark fairbanks	1
strip clubs fairbanks	1
nude celebrity pics	1
pizza hut fairbanks	1
urban dictionary ara ara	1
what is jerry spinelli's hobbies	1
coolmath	1
streetsboro ohio cici's pizza	1
ch2m hill	1
ace attorney font	1
alaska pta	1
cnn live stream	1
cnn.com	1
three limitations of the scientific method	1
best new xbox one games 2016	1
speak easy	1
www.gcu.edu	1
oil pump shaft leans over	1
dimetrodon ark	1
google	2
ark survival evolved wiki	1
dominos fairbanks	1
weapons corruption of champions	1
wshh	1
hentai games	1
zillow	1
worthington ford	1
used cadillac escalade near me	1
ark survival evolved battleye	1
alaska pacific university	1
gci uaa graduation	1
gimp adjust brush size	1
pof	1
cyclobenzaprine dosage high	1
white pill 771 round	1
hagstrom viking guitar	1
are hagstrom guitars good	1
gta 5 interactive map	1
reddit.com overwatch	1
roccat	1
titan panel	1
bike shops anchorage	1
dude looks like a lady	1
alaska marine highway	1
jamie n commons interview	1
larrywilmore whcd	1
mcnulty cant admit hes wrong the wire	1
ram trucks	1
women lower belly sticking out symptom	1
pornhub	1
arctic monkeys - love is a laserquest	1
divided we fall,together we stand!!	1
ascended super saiyan	1
john james audubon	1
axe melee	1
leffen twitter	1
boris peach r34	2
bigbootysarahh	1
kancolle characters	1
black desert online english torrent	1
jab+cross darebee	1
winamp	1
song of the sea torrent	1
book pet trravel online alaska airlines	1
jetblue	1
a1271	1
officemax	1
mount and blade battle map	1
how to downgrade costco membership	1
after defeating miraak what happened to the dragonborn	1
flexsteel bexley sofa	1
paw patrol tour	1
how to use bear grylls fire starter	1
behringer src2496 ultramatch pro	1
family therapy episode 5 recap	1
game of thrones time	1
how much does sunoco racing fuel cost	1
messenger	1
1987 coachmen sd750 cabover camper	1
2008 silver fox 990	2
www.straighttalk.com	1
neil patrick harris astrology	1
melissascaptions.tumbler.com	1
mat su school district	1
which of the following statements about dehydration is not true	1
phoenix	1
small business insurance texas	1
shops for rent dallas	1
jisho	1
blueiris	1
wii doesn't show colors	1
amazing race 2016	1
gcss army training	1
gcss army login	1
mmc credential	1
ripley 7	1
restaurant equipment alaska	1
kohl jackets	1
adn	1
10/22 mods	1
justin gabriel the bunny	1
gay porn	1
potlucker	1
free online magic 8 ball	1
youtube	1
brand new car maintenance	1
blousing rubber	1
konwent dziekanów	1
tarot deck	1
clothing	1
hotmail	1
zoey deutch	1
bella boutique anchorage	1
house finch	1
magpie	1
a wife's needs naruto	1
final fantasy xv	1
california tourist attractions	1
gallbladder attack relief	1
alaska center for alternative lifestyles	1
vs1	1
172p	1
porn	1
brandon bowhay in juneau	1
uaf anlc gwich'in	1
egids	1
megas xlr webrip	1
psych cast	1
uber oakland airport	1
thread was not declared in this scope	1
c++ vector	1
remax anchorage	1
game of thrones season 6 episode 2	1
homecoming harmony: memory of earth orson card audiobook	1
the take argentina	1
fallout 4 bobbleheads locations	1
fallout 4 bobblehead location	1
phobia list	1
any thing, any time, any place, any how army	1
the scottish play	1
chaucer marriage group summary	1
noodlebib	1
coursera	1
kohls	1
free net	1
facebook	4
деффчонки 6 сезон	1
zenith chassis 5537	1
zenith radio models 1940	2
christopher stokowski vermont	1
denali road lotter	1
starbucks careers	1
alison rapp	1
woman masturbating	1
papa doc duvalier	1
natural medicine to increase focus	1
thy flesh consumed	1
birch lake alaska part ranger	1
alaska state park ranger contact	1
fred blixt cabin thanksgiving	1
fred blixt cabin	1
black pearl doppler	1
nora riley	1
money supply effect on employment	1
xhamster	1
facebook login	1
5ds examples	1
mature porn pics	1
whooping crane	1
thirty one	1
scrap a doodles	1
craigslist fairbanks	1
real estate weir ms	1
mississipppi state university students who are from carrollton ms	1
idea homeschool fairbanks office	1
gci	1
papa johns	1
p value calculator	1
quiet humidifier amazon	1
porn hub	1
sct tuner	1
walker's cycle of violence	1
cubicle doorbell	1
sky dragon	1
cavalier pfsrd	1
natural health instead of zantac	1
daggerfall basics	1
youtube comments not indexed by search engines	1
genten leather japan	1
weekend backpacking gear list	1
fairbanks, ak hospital pollen count	1
nigahiga	1
crescent lake cabin?trackid=sp-006	1
funhaus rainbow six	1
2016 es file explorer broken	1
win 10 turn on updates	1
real black porn	1
my disney experience	1
squad names	1
nudevista	1
gary taubes	1
record skipping sound	1
aleks	1
vinelink	1
best weight gain stacks	2
umbatu	1
mountain hardwear waterproof backpack	1
indica vs sativa	1
spain uni	1
uaa box office	1
receptionist jobs anchorage	1
backpage	1
msn	1
goobie til you french fry song from wario ware	1
doctor my eyes by jackson browne	1
logs	1
