mypearsonlab	1
cunningham supply	1
where can i buy bathtub shower combo	1
bathtub shower combo	1
dudes nudes	1
how much to buy an island slab from a granite shop	1
google does not show youtube notifications	1
transforming time and space beyond control	1
what is childhood cancer	1
wells fargo login	1
custom crosshair cs go	1
my a hee maya ha	1
مجتهد	1
herr's ketchup	2
personal training southington ct	1
gadowski wyspa	1
mapquest	2
06071 weather	1
naked woman at the front door	1
tgp	1
cam free chat	1
free cam chat	1
rabbit rabbit rabbit	1
wisdom truth beauty masonic pillars	1
netflix suspense movies 2016	1
i got my mind set on you	1
noodletools	1
hexakill bans	1
lowes microlams i beam 20' long	1
collinsville 10k	1
michael b stubbs + dover corp	1
ivy corp	1
fo4 syringer build	1
321 marsh rd, litchfield, ct	1
dollar tree	1
manchester community college	1
does my child have a concussion	1
lego army	1
police story 5 full movie	1
radiohead dead air space	1
gazeta sot	1
www.filectui.com	1
starfall	1
ct12news	1
conversion chart fahrenheit celsius kelvin rankine	1
kim possible anal	1
toonfanclub kim possible	1
dust 2 is cancer	1
cohen's d	1
search instagram	1
amazon wetek	1
wesleyan honor board	1
701 grove ave kokomo indiana	1
xnxx	1
multi vari chart minitab	1
seth devalve	1
charlestown ri condos for sale	1
archer sidereel	1
dos the data on sd card get erased if i do hard reset on android phone	1
zillow	1
bose soundtouch app update	1
hoffman auto group	1
white lines between diffuse sprites	1
goose creek candles retailers	1
goose creek candles	1
yonkers triune	1
ridgefield press	1
ny daily news	1
journal news	1
ny post	1
people	1
writing hardship letter to mortgage company	1
damping-off-like symptoms have been observed in moringa seedlings.	1
abdl porn	1
facebook	13
who went off dancing with thestars this week	1
wilmore white house	1
fluffylai furaffinity	1
futanari hentai	1
xfinity tv	1
veritas winery	1
craiglist ct	1
converts electromagnetic waves into sound waves.	1
samsclub	1
powerball	2
mandy calloway nude	1
scanof playboy college	1
actors who aren't fammous	1
imdb the shining	1
how'd you like some ice cream doc	1
traingle horror films	1
youtube	10
apes review	1
missing boys austin and perry hoax	1
mt everest hoax	1
berlin public schools	1
jerusalem medley	1
virtualbox harddisk image type	1
virtualbox vmdk or vdi	1
windows 7 64 bit in virtualbox run 32 bit apps	1
windows 7 64 bit in virtualbox run 32 bit apps wow64	1
windows 7 home & pro installation media different?	1
make windows 7 install iso from dvd	1
imgburn	1
hashtab	1
windows 7 tool calculate md5 sha	1
working in sweden	1
sharks vs predators game 2 channel	2
google calendar desktop	1
walmart character cakes	1
chris lewis wheelchair	1
super adventure box guild decorations	1
yahoo mail	2
masm assebly user input string	1
masm assembly get user input	2
gamecube emulator	1
антифріз для системи опалення	1
biggest fish in ark	1
taxi vigo to baiona	1
hotel gijon spain	1
oviedo hotels spain	1
apartmentratings.com	1
banks based in west	1
essay comparing gardiner rifkin and harnoncourt bach in b minor	1
roof rack cross bars for fj cruiser oem roof rack	1
best mats for cx5	1
larry wilmore	1
don cherry chicago bears	1
bootstrap pagination	1
kabali teaser	1
is it against the law to record a skype call	1
optimum	2
ruby ribbon logo	1
m4b conversion online	1
5 pin tube socket	1
human evolution mape	1
music mp3	1
"larry wilmore to president obama: ""you did it, my nigga."""	1
obama aunt hillary	1
uni2 pizza oven	1
mastering chemistry	1
kiplinger magazine	1
free chat rooms	1
webster bank	1
shopbop	1
dicht gedrängt	1
black and white grow creature	1
weddings wire	1
keeler tavern museum	1
fairfield blackboard	1
wings milford	1
pirogi recept	1
ravioli recept nosalty	1
618-3129b	1
2007 avalon abs actuator	1
yu yu hakusho videos funimation	1
gone with the wind	1
gmail	5
digital banking products	1
ugc cozy cmaper	1
witch doctor set dungeon	1
d3 gear calculator	1
boss tu-3 flat tuning	1
chondrus crispus endophyte	1
pier one	1
amazon.com	1
credit karma	1
que es candida	1
refurbished iphone 6 in norwalk, ct	1
all about you home care	1
glastonbury parks and rec	1
www.dailymotion.com/nicolearbour	1
can you listen to mp3s on ford 2011 fusion	1
juventus	1
mercanti fiorentini website mf 1304 size 9m	2
brutal anal swallow	1
james j braddock	1
93 ranger tire size	1
drug addiction statistics	1
5:2 recipes	1
how to respond back that you don't want to hang out	1
achar gosht	1
ps4 reviews ign	1
shield of faith pathfinder	1
slipstream pathfinder	1
how long to cook garlic bread	1
robert gulliver danbury, ct	1
scrollsaw bell	1
xmas bell patterns	1
sing in	1
breaking bad critical essays	1
xmod rc website	1
coocheer jjrc h22 mini drone double-sided inverted flight rc quadcopter	1
tunxix road simsbury ct	1
cedar slat mailbox	1
wells fargo	1
white big booty fuck	1
is vocational school free	1
rira.com	1
simon properties crystal mall management team	1
n scale double track bridge	3
n scale double bridge	1
n scale bridge	1
interstate commerce commission bans segregation	1
royal caribbean explorer of the seas reviews	1
cosplay sex	1
fernando alonso	1
livio	2
business men and their religion	1
leaders in business faith	1
arranged by catherine mckenzie	1
shell and bones new haven connecticut	1
bocca r esturant new haven	1
how to buy coke stock free	1
one share.com	1
boy scout letterhead	1
myverizon	1
superheroes unlimited 1.8	1
diy awning	1
best enduro mtb	1
macy's insite	1
shoreham ny nicola tesla statue	1
aarp cell phone discount	1
king cobra	1
summer baseball camps in connecticut	1
directions to choate athletic field wallingford ct	1
chiefs draft picks 2016	1
alicia bratton ct	1
santa claus email	1
spookycraft immortalhd	1
the creatures store	1
grand prix pax	1
what is enb skyrim mods	1
best release 2k16	1
dp dough zone of theday	1
r gaybros	1
kevin tyburski	1
batman vs superman dawn of justice full movie online free	1
bar 80	1
how many thursdays between two dates	1
firefox 46 64 bit download	1
house rentals wilton ct	1
polish dating site in ct	1
pollstar	1
what to wear plaid pants with	1
watch-series-tv.	1
shapeways	1
g to oz conversion	1
when will the nerf hyperfire come in stock walmart	1
rabies	1
lavasoft ad aware free	1
my daughtter is bipolar	1
daughter with bipolar disorder won't let me get close to her	1
vizio m50-c1 manual	1
annamalicec	1
prince	2
aspirations	1
stewart florida nearest airport	1
dominos	1
gore vidal's caligula: a novel by william howard	1
usps tracking	1
prudential real estate citrus county	1
instagram	1
trump twitter	1
facebook login	5
the division dark zone players are assholes	1
aaa membership	1
sportsman's guide	1
warby parker	1
sylar setlist	1
kbb	1
slk300	1
secrets resort akumal	1
fallout 4 not launching	1
como guardar mis fotos de google plus en mi computadora	1
map camp wood texas	1
fresh market	1
personal weather stations	1
ebay.com	1
chloroform porn	1
slitherio	3
yuotube	1
claire's new haven	1
hyohyeon	1
yale pre departure flights	1
my cipe	1
best chicken broccoli ziti recipe	1
best chicken broccoli alfredo recipe	1
maureen a reviczky	1
lax'aire	1
hannah simone	1
mountain top inn	1
behind the voice actors the future duiary	1
most popular tennis movies	1
weather	1
victoria rowell	1
shved pussy	1
40 year old big tits shaved pussy	1
how to get portable dvd player to work	1
ideaflask	1
ellis island and statue of liberty	1
university of bridgeport	1
craigslist ny	1
tcgplayer	1
the god spot	1
dance moms group dance orange is the new black	1
google scholar	1
reasons for divorce	1
japanese lucky numbers	1
first niagara	1
smithtown kickers sc thunder	1
edp soccer	1
sc2 how to turn the screen	1
chuunibyou	1
is dundarians sword magic	1
video games awesome	1
baby stand jojo	1
kj johansen	1
www.americangirldoll	1
girl games go	1
stamford to grand central train time	1
mahjong	1
justyoss	1
mymathlab	1
ebay	3
prove that the class np is closed under union	1
for any graph g , let v g denote the set of vertices of g , and e g denote the set of edges of g . prove that the language is in np	1
bulbapedia	1
national ambient air quality standards	1
freud the interpretation of dreams	1
dont dream its over lyrics	1
lights ellie goulding lyrics	1
nycfc vs vancouver recap	1
2016 mls attendance	1
oil prices	2
how many oil tankers in the world	1
forced drag queen tumblr	2
sissy rape pics tumblr	1
hartford courant	1
pastafarian	1
when was depression discovered	1
google docs	1
study hacks	1
buzz feed study	1
ieee 1584 equation	1
you tube	1
reddit wowservers	1
best buy hours	1
penetrating sealer for concrete	1
fairy tales	1
home depot	1
movie 06111	1
arnold schwarzenegger	1
disney world weddings	1
.a compound with molecular mass 292.16 g/mol was dissolved in a 5-ml volumetric ﬂask. a 1.00-ml aliquot was withdrawn, placed in a 10-ml volumetric ﬂask, and diluted to the mark. the absorbance at 340 nm was 0.427 in a 1.000-cm cuvet. the molar absorptivity at 340 nm is 340  6 130 m1 cm1. (a) calculate the concentration of compound in the cuvet. (b) what was the concentration of compound in the 5-ml ﬂask? (c)how many milligrams of compound were used to make the 5-ml solution?	1
yahoo	8
members credit union	1
red sky at morning summary	1
red sky at morning goodreads quotations	1
lord beaverbrook	1
ropa de moda juvenil	1
lenda asberry gofundme	1
mens big and tall golf wear	1
recipe for pancakes	1
graduation stickers michaels	1
26 gauge wire	1
digikey	1
"""nobodyeven"""	1
cheap fishing kayaks	1
nucanoe frontier 12 seat	1
nucanoe accessories	1
s ramanujan	1
mega millions	1
m jak milosc	1
flight tracker	1
process of digestion	1
block contacts on andriod device	1
block texts on android tracfone	1
pitch perfect 2 full movie	1
canirunit	1
the dumbest go fund me accoutns	1
netter's orthopaedic clinical examination: an evidence-based approach, 3e pdf	1
netter's orthopaedic clinical examination: an evidence-based approach, 3e torrent	1
product group: wheeling jesuit university	1
for tables in a google doc, how to have it not break across pages	1
keurig rivo reusable cups	1
ap exam schedule	2
porno cartoon	1
join or die	1
run 3	1
proflowers promo codes	1
校花的貼身高手	1
avon property records	1
deviot, power rangers wiki	1
freddy funko	1
how to attach deck structure to concrete column	1
simpson strong tie	1
"""hang deck joist from concrete column"""	1
pokemon yellow version pokedex	1
why doesn't feynman path integral diverge	1
codes for animal jam	1
rdma disney vote	1
chadwick boseman	1
666 satan	1
kiara mia	1
flaws synonym	1
cat high cholesterol	1
albuterol side effects cats	1
sports authority	1
kazoo kid	1
wine classes ct	1
fabric stores connecticut	1
silk fabric stores connecticut	1
symptoms high blood pressure	1
hunter douglas products for sliding glass doors	1
sikorsky credit union	1
yt	2
how to get hairspray out	1
patagonia synchilla snap t	1
how to handle friends with benefits	1
jeans tear in crotch every month	2
flowers close petals at night	1
my tooth hurts	2
radiohead	1
mtd tiller adjustments	1
jeep renegade	1
map of new haven ct streets	1
andy ross group llc	1
swassassins16 twitter	1
lord of the flies rape scene	1
united check in	1
fallout 4 how to throw grenade	1
molar scale of acid	2
health benefits of dark cherries	1
average tennis net height	1
cotton on	1
polyvore	1
windows 8.1 image resizer powertoy	1
youtube to mp3	1
"14' x 48"" above ground pool"	1
instagram greens farm liquor	1
instagram greens farm spirit	1
game maker studio object set sprite	1
game maker studio flip sprite	1
pulse width modulation inverter	1
kodi	1
aol.com	1
puppy wireless	1
wifi network analyser windows 10	1
what is the pattern of planets around sun	1
bmw usa	1
pokemon gym leaders	1
pokemon black white overworld sprite showcase	1
steven universe garnet	1
pastelodie	1
alyssa wills maine	1
exploited asian girls forced sex videos	1
university of maine orono	1
springfield college	1
sacred stitches	1
optimum norwalk,ct,schedule	1
arduino brick breaker game example	1
bet you ant do it like=me	1
google	1
meme generator	1
houzz	1
wilfred costume	1
dalene flooring outlet	1
american pharoah news	1
eu4 roman empire	1
the names of complex anions end in	1
joey keane	1
july 12 1970 day	1
jean henri dunant natal chart	1
crusaders quest rebecca wiki	1
unable to delete contact from iphone	1
donald crisp	1
map quest	1
cardi b childhood	1
iraq \	1
honda motorcycle 24 hour roadside assistance phone number	1
what is in selzer water	1
once upon a time season 5 torrent	1
capitulos de candy candy completos	1
extended prostate biopsy	2
penbay pilot	1
ron swanson	1
jodi taylor pics tumblr	1
star stable	1
ayane doa5 mmd model	1
self awareness scale	1
emotional self awareness questionnaire	1
warrior glyph mighty	1
zombies took my daughter download	1
universal dns	1
accuweather	1
solenoid 725-04439	1
monkey d dragon	1
office ally	1
xm-x1 crossbone	1
gundam thunderbolt	1
9gag	1
best non refrigerated probiotics	1
mercola promo code	2
among or amongs	1
how do outcomes of monopolistic competition compare to perfect competition	1
outcome of monopolistic competition	1
saturday night live peter dinklage	1
funny lol comic	1
skype recording	1
tn vs ips	1
safezone browser accessibility features	1
when would aj reed come up to mlb?	1
5 guys ct	1
我的一个朋友	1
two gallants - winter's youth tabs	1
uninstall windows 10 kb	1
pokemon mystery gift codes	1
wellsfargo dealer	1
a haunted house	1
topstud	1
michael kors pocket book brown signature with black base	1
alice moon-fanelli	1
summer teen programs israel	1
thailand giant	1
bloomathon azalea lavender	1
yuvutu	1
where's my refund	1
harry shum jr	1
marine channel 83a	1
amazon	3
no villain synopsis	1
death of a salesman	1
mx simulator	1
readyrig fish rod bag	1
ready rig rod case	1
ordering business cards online	1
alpha statistics power	1
kyra krass igert	1
baron and kenny vs preacher and hayes	1
cheap bikinis free return	1
diminutive of peach in russian	1
bronxville ny townhouses for sale	1
one handed reach weapon 5e	1
5e feats	1
bridgeport public schools	1
google drive	2
hotmail.com signin	1
klondike cheats	1
dandelion root and grape seed extract	1
who is winter soldier	1
spotify	1
ccsu email	1
where to buy glass beads	1
floating candles last 8 hours	1
eastland cylinder vases buy	1
raveis	1
pizza hut	1
anime	1
new twenty dollar bill	1
at thirty, i stood firm	1
michaels	1
play with us episode 1 fourth classroom dot	1
modern heating and cooling	1
how to get kidney stones out	1
patrick man	1
cheryl waters	1
vauban systemn	1
how to put a saddle on a horse in minecraft	1
how to feed a horse in minecraft	1
summer sixteen	1
gay bottoms takign dick tumblr	1
china capital outflow wsj	1
国外大学太垃圾 想辍学	1
library search strategies	1
hbo stream online free	1
celebrity cock	1
messanger	1
wethersfield cove moorings	1
https://facebook	1
uncharted 4: a thief's end	1
different fork on cube bike	1
boyd wheels	1
do peopel ski on mt baldy	1
nussinov algorithm python	1
is coppertone kids sunscreen bad	1
ocean optics xxiii	1
how old is master hades?	1
median purchase price of a house in new york city 2015	1
what is the r value in linear regression	1
xhamster	1
msnbc	1
jet promo code	1
cheapest flight to addis ababa	1
exhaust system sealant	1
traffic cams ct	1
pharma licensing deals 2015	1
eso wall of elements	1
liberty mutual	1
torrents	1
bruce haack	1
the boss	1
civil unrest in america that affect supply chain	1
obama drops mic	1
bank of america credit card login	1
traits expressed in a strawberry	1
total vpn	1
stella artois	1
mike's hard lemonade	1
wwlp	1
what can you do if you can't afford a family lawyer	1
lowes mulch sale	1
an air-conditioning system operates at a total pressure of 1 atm and consists of a heating section and a humidifier that supplies wet steam (saturated water vapor) at 100°c. air enters the heating section at 10°c and 70 percent relative humidity at a rate of 35 m3/min, and it leaves the humidifying section at 20°c and 60 percent relative humidity. determine (a) the temperature and relative humidity of air when it leaves the heating section, (b) the rate of heat transfer in the heating section, a	1
kaley cuoco	1
skysports	1
jyavn01e4ca017041	1
club wyndham	1
tsw youth outreach	1
assault on orochi tower achievement	1
attribution theory	1
myers quizzes	1
conformity and compliance studies have suggested that social influences are	1
social loafing refers to the tendency for people to	1
individuals who are normally law-abiding may vandalize and loot when they become part of a mob	1
navient	1
american education services	1
persona 4 golden	1
ootp players from movies	1
panorama supersite	1
win vision c18	1
calling card iran	1
2015 cyber attack statistics	1
taser videos	1
pippin apple	1
original sin sin will find you out ebay	1
no firelord ozai you’re not wearing any pants	1
how is mrna made	1
moonlight stoneware	1
avon skin so soft bug guard	1
frantoni's williston park	2
first edition holographic charizard	1
cream with vitamins a d e	1
craigslist ct	3
the cenacle	1
ct weather radar	1
leo rosten mr kaplan lesson plan	1
synonyms for changeover	1
wwwjafrabiz.com	1
what channel are the rolex 3 day event on	1
r doby count function	1
the ecstasy of gold	1
diario el trome	1
thorny devil	1
pure muscle x	1
imsa tv	1
gog installation failed disk access problem	1
fclga1366 motherboard	1
rabbit tv	1
twitter?trackid=sp-006	1
monica crowley show	1
dbz xenoverse save file replacement	2
goodwill	1
jcp	1
yahoomail.com	1
hair salon east main street bridgeport ct	1
bank of america	2
what to write in the bridal shower card	1
hitek racing results	1
shell and tube heat exchanger journal papers	1
mrssiren.com	1
relapse	1
doom e2m1 red key	1
derive the rate law for the decomposition of ozone in the reaction 2 o3(g) equilibrium reaction arrow 3 o2(g) on the basis of the proposed mechanism shown below.	1
unfollowgram	1
celebrities who love yogurt	1
agricola and germania summary	1
watch prime	1
withdoctor runescape	1
gundam breaker 3 english	1
logitech wireless keyboard and mouse	1
how much is an inground pool	1
forkball	1
ornstein smough advice	1
urban outfitters	1
sperrys	1
best prices pn speryy angelfosh	1
buty szpilki polskie	3
hurtownie obuwia damskiego	2
met gala 2016	1
cobb hill	1
chewing gum bbc tv show	1
gay southern gentleman	1
liz hurley marilyn monroe	1
why do gay men due their hair platinum blonde	1
oaklawn plantation louisiana	1
straight latino fuck	1
trulia	1
917-371-6903	1
cavalier condominiums	1
army national guard mortar yahoo site:answers.yahoo.com	1
lord & taylor	1
can i connect my laptop to my sony wl series tv	1
thyroid and lecithin	1
avengers 3 infinity war	1
excalibur crossbows	1
papa johns	1
paris convertible futon by dhp	1
elliptigo	1
hotmail	1
grand canyon south rim hotels	1
lab report trend statement	1
white lycra capris	1
darien times	1
greenwich times	1
uconn listserv	1
the high sparrow is annoying	1
euron greyjoy	1
union savings bank	1
baby walker	1
poltergeist	1
best 3 row suv 2016	1
best question and answer websites	1
yahoo answers	1
roller coaster tycoon cheats	1
can you have canola oil on whole30	1
ct deck building codes	1
youtube sarah shai	1
lea michele	1
top ten polititions	1
surface pro 3	1
css wide broken	1
css float property	1
html comment tag	1
credit karma terms of use	1
couchtuner	1
numark ns7 2 drivers pc	1
teen heels dancing	1
ct post	1
victor cruz	1
youtube hot celebrity sex videos	1
sec 52-572m	1
oil change vs adding oil	1
managerial accounting tunxis	1
shutterfly	1
bing	2
there is a problem with this windows installer package itunes	1
rcbs 90402	1
what is larceny 4th degree	1
where can a 15 year old work	1
rooms for rent in shelton	1
live catholic mass	1
woodard sling chair fremont padded	1
dr scholls	1
mypoints	1
blues saraceno tabs	1
guitar pro drum map	1
shandy beer recipes	1
cauliflower recipes	1
tu mecano acordes	1
thumbzilla	2
tube 8	1
go noodle	1
united nations	1
da vinci lathe	1
risk online multiplayer	1
reddit loose glitter	1
how to know if you're allergic to latex	1
metacritic king's quest	1
weather hourly greenwich ct	1
great clips coupon	1
sam white	1
hotels in litchfield ct	1
nintendo nx	1
tory cenaj, greenwich historical society	1
barret circle west	1
outdoor chair cushions	3
c206 gls in united states	1
isobutand camp fuuel	1
fullmetal alchemist in japanese	1
runescape flour mill	1
youtube ception tycoon	1
social security	1
difference between affect and effect	1
husky ct	1
vpn discord	1
revlo	1
skyrim infinite load screen	1
ddproductions83	1
margaret atwood	1
imdb girl next door	1
modern retro laundry tin	1
online piano	1
qgemail legit	1
local movies schedule	1
value of 1891 morgan silver dollar	1
1925	1
drunk kitchen	1
george washington bushrod	1
miranda vineyard goshen	1
masha e o urso	1
p!ink youtube	1
internet troll	1
gta v sedan cars	1
far cry primal	1
google translate	1
speed of sound in silicon	1
uconn midnight breakfast	1
fishing kayaks	1
use outlook 2010 with office 2013	1
healthy crock pot recipes high protein	1
shakeology vanilla 30 day supply	1
ebay shakeology	1
myreadingmanga checking your browser	1
craiglist la	1
assaf	1
burke making vows operating room	1
fast signs of stroke	1
el al	1
ajax post mvc model example	1
mvc ajax post model to controller	1
radio button list html helpers	1
validations mvc	1
epsxe emulator	1
zapata racing	1
used ridgid 535 pipe threader	1
woodlake at tolland	1
higher education communications vp job description	1
honorand	1
what is the most immediate need in a newborn quizlet	1
unity fixedupdate	1
unity write text to screen	1
futa impregnation	1
a* pathfinding unity	1
unity 2d polygon collider navmesh	1
recover webpage	1
miriam hospital	1
ken krasow	1
logitech speakers s-0264a	1
mbta 501 bus	1
orchard	1
american express	1
sexy babes boobs	1
john roberts บุคลิกภาพ	1
c99 shell	1
tinder alternative asia	1
suu monster musume rule 34	1
kyler fackrell	1
dean lowry	1
www gov dol ct com	1
what happened to frost in rizzoli and isles	1
order complexity dijkstra	1
why is fox a top tier character	1
dark souls 3 walkthrough	1
ct transit	1
consoles	1
herpes zoster ophthalmicus treatment	1
gw2 tempest raid meta	1
synonym: explore	1
barstool sports	1
how to get best reception on digital tv	2
aceclo mr	1
sephora	1
tagged	1
geyser pump diy	1
yahoo driving directions	1
fallout 4	1
eaerth wind and fire tour	1
buy ups power supply	1
康州 駕照	1
uconn actuary career fair	1
nate eovaldi	1
astolfo paladino	1
videos wont go full screen windows 10	1
blink 182 bored to death	1
kinky afro hair wig	1
cheap nyc apartments	1
airsoftextreme	1
xhampster	1
wwe network	1
admiral ackbar quotes	1
maui jim kawika sunglasses	1
pay.com	1
daddy porn	1
there is a light that never goes out chords	1
spirited away term	1
yellow resistance band ankle	1
spri gliding discs size	1
happy wheels	1
brain anatomy quiz	1
ps3 games freeze randomly	1
aol	1
florida civil rights leaders	1
bigotry synonym	1
modern day	1
blackness is a gradient	1
penn relays	1
swap meet ct	1
sugar bytes looperator	1
enterbay bruce lee 75th anniversary	1
crystal story 2 unblocked hacked	1
sears outlet store west haven ct	1
brand support	1
lipkin girls bodies, girls selves: body image year it was made	1
march of dimes walk photos ct	1
grimm inugami recap	1
avogadro's number calculation	1
alera se257224es sedinaag series credenza shell	1
grommet	1
"lg ultrawide 27"" support 75mm 100mm plates"	1
ikea office chair high back	1
net present value	1
present value of net savings	1
lia marie johnson nipples	1
instagram marcuscalo	1
dalia clothing	1
tailpipe broke off muffler	1
tom quinn obit lake forest il	1
aa.com	1
ams dating prices	1
victoria secret codes	1
game of thrones season 6	1
restaurants near 06118 that deliver baklava	1
abbott lab v gardner	1
best fan setup for a watercooled pc	1
kodi tv	1
gin rummy vs rummy	1
incestflix	1
carvel logo	1
xvideo	2
sears	1
installing hdt on skyrim	1
enterprise rental	1
premier league	1
al madany islamic center of norwalk	1
billos	1
linda hooper-kawakami los angeles ca	1
manny silverman gallery	1
collectors abstract impressionist edward dugmore	2
the equal pay act of 1963 was a monumental step for addressing gender-based discrimination in the workplace by mandating equal pay for equal work. but gender discrimination in the workplace still exists, in both explicit and subtle forms. despite progress on narrowing the gender pay gap since the 1960s, women still earn less than $4 for every $5 earned by men. since congress passed the equal pay act, there has been a dramatic shift in women’s	1
westport ct town budget 2016-2017	1
disney font	1
srs for insurance management system pdf	1
nba	1
sims 4 cc mattress	1
sims 4 nursery	1
xfinity login	1
adele million years ago	1
lorex lw2301_w	1
how to reconfigure network interface on dell blade server	1
tnt online	1
lol game rotation	1
young girl lolking	1
awd hybrid	1
weather 06234	1
the human body does not excrete polychlorinated biphenyls (pcbs) but instead stores them in the	1
sleep	1
here comes the jumpkick grumps	1
rivier university	1
longaberger china shamrock dish price	1
slither i o	1
party city	1
when do the 7 start moving the robber	1
the five fs biology	1
dragon age inquisition bestiary	1
marvel infinity war	1
motogp schedule 2016	1
worldstarhiphop	1
split branch tree repair	1
best hiking boot insoles	1
steam	1
rain gutter gardening	1
daiwa mini spin cast	1
bananarepublic returns	1
x arcade cabinet review	2
att settings ct	1
metro north	1
snakehead	2
crosstour siri button	1
man vs himself	1
rnr marine	1
nti backup review	1
volkswagen lease	1
can i screenshot stubhub tickets	1
molecule shapes	1
ebay'	1
fish restaurant stamford gluten free	1
parker mansion westport menu	1
falmouth ma hotels	1
seafood newburg soup	1
which dogs attack the most	1
greek planets	1
new amulet osrs	1
slow motion mutilate a doll 2	1
jumbo	1
homes for sale crescent pointe bluffton sc	1
10 falcon court bluffton sc	1
outlook.com email login	1
may day for schools activities	1
how to install windows 10 on a laptop running windows 7 professional	1
homeopathic medicine covered by insurance	1
site:comediansincarsgettingcoffee.com comedians in cars getting coffee	1
1999 toyota sienna xle 02s repair	1
what is the average cost of a general business license	1
pandora	1
when does the iron banner end may 2016	1
logitech m100 driver xp	1
family search	1
find a grave 81464760 lyonsville cemetary	1
chain rule multiple second derivatives	1
hitozuma1075	1
minako kawabuchi	1
h4610 ori1209	1
fastest way to travel from bali to flores indonesia	1
boot moto x 2014 into recovery	1
advance auto bristol ct	1
bgt	1
dual monitor video game	1
set up dual monitor game	1
games on two monitors	1
growth and development of reptiles	1
z reviews	1
roussel medal bottle	1
we are given two dna sequences s1 and s2 with length n and m respectively. as you may know, dna sequences are composed of a, t, c and g (called nucleotides).	1
suppose we throw n balls (note we will throw exactly n balls, and each throwing is independent of other throwing) into n bins with the probability of a ball landing in each of the n bins being equal.	1
we consider a variation of the quicksort, which uses the following partition algorithm	1
how might p53 protect against heart disease	1
how to print wixie projects	2
1,487.00 /1,600	1
cmls	1
boa	1
wizard101 low level gems	1
w kdrama	1
www.frosthollowpub	1
alessandro siani	1
fashion nails hamden ct	1
youtube couchcomander	1
edible arrangements	1
draft picks by position	1
love me tender	1
central connecticut state university	1
музика шансон рада рай	1
doubletree landover md	1
thai charm new milford connecticut	1
all weather wicker recliners and ottoman	1
the middletown press	1
a yai comedy a yai	1
flash justice league elite	1
recipe converter calculator	1
pop chocolate salted caramel popcorn	1
find me the closest verizon wireless store	1
fear of traveling in a car	1
44 garden st unit 6, farmington, ct 06032	1
jack delano prints	1
pof login	1
there's no such thing as a free lunch	2
bootable usb ubuntu	1
open beta overwatch	1
all the stark children are wargs	1
twitter sent status 401 for url: 1.1/statuses/sample.json	1
twitter_stream.statuses.sample()	1
adhir man jhale lyrics	1
how to get location wise top posts from instagram api	1
dr alan hynak	1
houses for sale vranberry lane burlington ct	1
legendarylea	1
mort sahl movies	1
university of southern california chemistry department	1
michael feig	1
hotel le germain maple leaf square	1
canon 70d low light settings	1
70d low light bird photography	1
milford point parking hours	1
developer items terraria	1
kofuku	1
occupational therapy	1
temet nosce ex tenebris lux	1
cq62-215dx windows 10 wifi driver	1
windows connection manager service	1
windows 10 tiles missing	1
ftv girl kylie	1
soundcloud	1
over the counter check	1
photo booth rental ct	1
release the kraken	1
independent solar leads	1
yg instagram	1
kate middleton india	1
st ann academy	1
should i get a tattoo	1
crash bandicoot 2 secret levels	1
citation generator mla purdue owl	1
american hedge fund pdf	1
img	1
game+of+thrones+s06e02	1
experience of artificial fertilization, such as is affected with ornamental plants in order to obtained new variations in color, has led to numerous experiments. in his experiments	1
stirrup fun stables	1
antioc	1
swiss army knife how old	1
practice ap chem multiple choice problems	1
www..healthyct,org/wellness	1
pelispedia	1
mp3 converter	1
keystone arches trail map	1
intrepid sea air & space museum	1
feul milage 1993 plymouth acclaim	1
java version check	1
season 6 journey diablo 3	1
huskyct	1
nastya zhidkova	1
how do you use the product rule to simplify exponents give an example and explain	1
leanna lei bio	1
armor games	1
eastern connecticut state university	1
male full frontal scenes	1
ytd 3 month libor total return	1
medici.tv	1
foxnews	1
honeydew	2
honeydew the fruit	1
kiwi the fruit	1
tractor supply	1
tower hobbies	1
al sharpton tax memes	1
quotes about family	1
tapout xt workout dvd free download	1
tapout xt	1
daughter first gift for mothers day	1
lake george	1
vanilla visa gift card balance	1
on what band would a satellite receive signals if it were operating in mode u/v	1
cars good in the snow	1
maid on the shore	1
abc song	1
method of frobenius	1
picasso rose period	1
most powerful backpack blower 2015	1
marriott kauai	1
pornhub	2
duluth	1
c'thun deck	1
godfather: the legend continues	1
i buy power	1
all i do is win win win no matter what lyrics rap	1
vb6 msflexgrid which row is selected	1
haircut norwalk ct	1
soufjan - applause	1
bob's stores	1
plagiarism lesson middle school	1
world of tanks replay	1
removing the memory card from an iphone	1
six flags nj hours	1
nutri ninja	1
astronaut ice cream	1
"coleman 14' x 42"" power steel frame above-ground swimming pool set"	1
now watch me whip	1
middletown police	1
star wars potato	1
nascar overtime rule	1
cream cheese brownies	1
chili recipe	1
nice light may dessert	1
my rabbitt is peeing on the floor all of a sudden	1
another way to say light at the end of the tunnel	1
windows folder size tool	1
raptors hat gold	1
chemical engineering	1
how to get a job you like	1
copa cabana massage bangkok	1
"""george hill"", 1796,fryeburg,maine"	1
uconn medical terminology quizlet	1
how to screw down old floorboards and instlall new floring on top	1
demilec heatlok soy 200 problems	2
sakamoto desu ga	1
bee teh thistle	1
dohany synangogue	1
100 pain hot sauce scoville	1
minecraft anime	1
houses for sale in gales ferry ct	1
kentucky derby	1
rolex	1
chan yiu men wing chun	1
norway's coastline	1
prehnite	1
evernote	1
armie hammer	1
trump speech site:wsj.com	1
j'accuse	1
kerrigan build	1
heroes of the storm all chat	1
the london borough of hillingdon	1
can games on steam give viruses	1
yu-gi-oh! zexal: clash! duel carnival!	1
clip-on fans battery powered	1
fitbit hr shows the wrong time	1
industrial colors for basement	1
yahoo.com login	1
cell phone accessories	1
sears baby registry	1
new york daily news	1
how to decorate a bird bath	2
free driving test in parrael parking	1
iqair	1
hotpoint float testing	1
vintage caterpillar parts	1
cub low boy 154 cork carb kit for zenith carburetor at amazon	1
cub lo boy 154 zenith carb kit	1
keg stardew valley	1
craigslist	1
nude teens video	1
cake by the ocean torrent	1
all liara says is thanks for coming by	1
knock knock jokes for boys	1
best clutch 1000hp site:ls1tech.com	1
mcleod	1
monster clutches tick	1
nusb3mon.exe high cpu	1
map metro north lines	1
jazzmen music and gallery	1
jazzmenmusicandgallery/	1
natural history museum	1
free porn vids	1
everything teachers do	1
herbal vaporizers	1
eservices rit	1
265 ellington rd e540, east hartford, ct 06108	1
freestyle 4 tyler the creator listen	1
ninja kiwi	1
easy homemade ice cream	1
detour parker st wallingford,ct	1
figcaption	1
poster image html5 video	1
video to image converter	1
uconn libray	1
克诺索斯	1
target boycott	1
the hardest part of writing a story is the ending	1
lukas graham	1
john deere 272 finish mower manual	1
lexical word finder	2
eve beauregard	1
eleven ruins lake wyndamer	1
metropolis	1
problem with jetblue website	1
php echo html code	1
bypassing battleeye	1
courant	1
ppt che cosa portare in vacanza	1
una vacanza - ppt	1
sacred heart peter embriano	1
peter j embriano ophthalmologist	1
what is pluto	1
perfect girls	1
855-891-5160	1
greenwall climbing ct	1
buzzfeed privilege quiz	1
havoc & the alchemist the silent partner	1
statik selektah what goes around zip	1
burma theatre wwii	1
mario paint	1
warm on a cold night cover	1
como hacer un homúnculo	1
how to get back volume icon in taskbar windows 7	1
bactroban cream in nose	1
stir fry	1
staph infection	1
populous: the beginning download	1
the world is an absolutely horrible place	1
bad things about coral reefs	1
ups	1
groupon majestic earrings	1
groupon majestic topaz earrings	1
capital one	1
similar to lucy doll porn	1
jessie simmons porn	1
john oliver puerto rico	1
agario	1
jahmani swanson size	1
usps first class international	1
active killdisk	1
name that porn	1
7-zip download	1
suddenly hots has connectivity issues	1
bondville vt zip code	1
small fish town in china	2
when do japanese children leave their family	1
cre8-a-pl8	1
novelty license plates	2
sound doesn't work on apple tv	1
lateral movement defensive back	1
brooks ghost	1
best google chrome extensions	1
kids footlocker	1
uconn women's basketball	1
yangon	1
norbert elias friendship	1
limited heroes	1
stuffed mickey mouse stock #0223-9052	1
mckinley fairfield ct	1
minecraft games	1
cvs pharmacy	1
ark dimorphodon	1
ark crossbow id	1
cauliflower pizza crust sandy's kitchen	1
chemistry jokes	1
elder scrolls online cant cast regeneratio	1
airsoft hfc m9 decocker	1
kahr pm9	1
chess	1
sparkchess	1
send laptop to tv bluetooth	1
3 cusion billards videos	1
adventure aquarium coupons	1
foods low in uric acid list	1
mic drop	1
inspirational bible verses	1
reddit	1
virgin atlantic	1
0omegle girls	1
josh paler lin condolence video\	1
vir 112virgin atlantic	1
dom pedro ii	1
agrigento italy	1
ragusa italy	1
regalbuto sicily	1
software para corregir ortografia	1
kenny pitman bloomfield ct	1
steam skins	1
fast and furious 7	1
wwe	1
payback 2016 results	1
flaxseed gel for natural hair	1
i'm so angry right now	1
difference between authorized dealer and stocking distributor	1
subaru 2013 oil problem	1
when to inline or include#	1
how long does mail take within state	1
sims resource sims 4 dinning room	1
staples	1
direct express	1
wendee lee	1
site:craigslist.org bassett mission	1
site:craigslist.org stickley mission	1
el espiritu santo	1
espn	1
record journal	1
the night manager episode names	1
trigger response airsoft	1
the related companies	1
970 farmington ave west hartford	1
b330rx vs e6	1
how do you change th efront turn signal on saturn relay 2005	1
jud ct us	1
longmeadow ma weather	1
directions to shepherds way granby ct 06035	1
davids bridal prom dresses	1
robert pittman ventures	1
mac demarco tabs	1
what is the molar solubility of ag2cro4 in 0.20 m agno3	1
carnival cruise	1
cdkeys	1
toonami aftermath	1
black beans and rice	1
cigna login	1
home in ranna movie	1
litchfield ct economic development commission	1
amc loews port chester	1
nmra racing	1
ufc betting by method	1
valentina nappi rodney moore	1
quinnipiac lacrosse	1
lacrosse goalie camps in ct	1
miguel sano defense	1
nba draft domantas sabonis	1
skyrim sli water bug fix	1
92 civic manual transmission	1
susan miller	1
white house dinner	1
new haven independent	1
lord and taylor	1
ikon	1
srd whirlwind attack	1
nothing left unsaid trailer	1
życzenia dla przyjaciela na urodziny	1
jailbreak ios 9.1	1
american public holidays	1
wayward pines	1
can you drive hire car across us/canada border	1
lawrencium	1
grounders don't give up we fight	1
berman and russo south windsor ct	1
chess castling	1
ct wilderness camp	1
yuk it up	1
how many days do you need in yosemite	1
google maps	1
home depot ac	1
frigidaire 8000 btu air conditioner	1
nichols college teachers assistant	1
renfe	1
monophysite	1
what chapter do the boys stab the pig to death lotf	1
60 days in	1
words that start with e	1
most profitable prosfession in eve	1
gun vs missiles combat eve	1
uconn co op hours	1
how to send citations from pubmed to refworks	1
formal term for recess	1
how to anchor a lazy susan corner cabinet	1
orientaltrading.com	1
how to create a collaborative culture	1
kobalt 1 5/16-in combination standard sae wrench	1
darksouls 3 walkthrough	1
yale financial aid	1
us shoe size	1
villeroy and boch apron sinks	1
compressing drive to save space	1
how strong are a hippos jaws	1
lms uconn	1
how to tell if email sent spam	1
during which process can 10.0 milliliters of a 0.05	1
which equation represents a neutralization reaction	1
dark souls 3 lothric dragons -high	1
faceboko	1
530 bushy hill road, simsbury, ct	1
uno game	1
disney legacy collection	1
maokai counter	1
college in nj	1
montclair state university	1
anthony bourdain	1
