cat6e cable length limit	1
cisco managed switch	1
ip subnet table	2
cat5e cable length	1
sg300-10sfp	1
cisco 12 port managed switch rack mount	1
network diagram drawing tool	1
cisco router	1
patch panel	1
stockton ca real estate	1
cafe berlin dc	1
airbnb	2
kmszal@gmail.com	1
best online pharmacy without prescription	1
how to make a coy pond	1
fashiontap	1
google imagenes	1
wikipedia	1
sling tv	1
average car detail pricing in washington dc	1
ymca camp binghamton	2
internships binghamton ny	1
download jumpstart 3rd grade	1
gregg survivor oz	1
crank brothers pedals	1
kendall jenner	1
worst singers in metal	1
birthmark disappeared	1
utc 12hr format	2
pride and prejudice run	1
champions league 2012/13	1
benicio del toro	1
usa funds loan solutions reviews	1
pantyhose anal videos	3
crossdress porn	1
fist in the air drake stream	1
"""dan rohn"""	1
williams cap toe ii oxford	2
cole haan men's 'williams cpt ii' oxfords	2
giraldo luxe cap toe oxford ii	1
fedex tracking	1
"""new harmony singers"" + california"	1
difference between diskeeper and v-locity endpoint	1
hardware cloth	1
today's google doodle	1
watch saw 3 online	1
oracle vm virtualbox	1
the record exchange md	1
white bluff resort	1
21c museum hotel	1
petfriendly bed and breakfasts around lousiville ky	1
liam oneil durham nc the piano has been drinking	1
what folder to save my custom css bootstrap	1
obama pivot to asia	1
russia georgia 20089	1
may 1, 2016, latest news about trump	1
motophoto bethesda md	1
identifying civil war remains	1
scandinavian food dc	1
reddit nsfw	1
obama, religion, and student loans for seminarians	2
reddit game of thrones season 6 episode 2	1
frank cilczek	1
karen lapina pittsburg pa	1
divorce law in md for social security	1
american airlines merger	1
the midtown group	1
atlantic ave subway station brooklyn ny	1
tysons corner movies	1
game of thrones	2
best practice savings for retirement	1
horace mann	2
thomas gallaudet	1
geoffrey canada	1
the mars family	1
"que crees que es lo que ""brillaba en la mano derecha"" del cirujano?"	1
idl isnumber	1
morgan nichols zachary broyles the knot	1
nissan sentra edmunds	1
mazda dealership silver spring	1
best cars for tall people	1
can teachers vacation time roll over to government jobs dc	1
mary's center jobs	1
children's national medical center glassdoor	1
american institutes for research	1
creditkarma	1
expedia	1
hostels in seattle	1
avast safezone browser	1
beatles and i love her	1
bwi transportation	1
quill bar	1
pasta tomato sauce	1
chinese sorceress	1
burlingon	1
cooking shrimp	1
novel updates my life as an undead	1
etrian odyssey what do tornadoes	1
yeezy ultraboost	1
velicity von	1
savana styles snapchat	1
google play	1
audrey bitoni	1
worldstar candy	1
august ames pawg	1
dana dearmond snapchat	1
chantal tetreault department of anthropology	1
cal mag plants	1
vintage bondage	1
sodium hydroxide	1
warby parker	1
guest services, inc	1
why are my pc backups getting bigger	1
gmail	3
capital one	2
exam schedule gwu	1
interior design business plan	1
80 inch led 1080p tv costco	1
werewolf tos	1
arena stage disgraced	1
what does dpa mean in the military	1
sleeve band crossword	1
book of legends crossword	1
radio shack	1
wwe en vivo y espanol	2
pvp enhancement shaman	1
wow arena mount	1
espn mlb scores	1
gms	1
game of thrones recap	1
michael hermiz, re/max new trend	1
table lets	1
ogalaga souix	1
tracfone minutes web access	1
ryanair	1
craigslist dc	1
hot chocolate recipe cocoa powder	1
bradley and harper nursery bedding	1
chaturbate	1
amazon	1
depeche mode heaven freemasons mix	1
bieber nose	1
lolcounter	1
birkenstock	1
general elektriks	1
dc train	1
.io gmaes	1
.io games	1
vita tax	1
jessye norman voice type	1
gypsy sea view resort	1
youtube	1
what did goldman sachs next year mean?	1
"pepfar dashboard ""citation"""	1
south africa country operation plan fy 2015	1
medicins cabinets recessed opening 15 x 19	1
агнешка супа	1
2011 nfl draft	1
calculate the amount of time that elapses from when the source begins to send the first packet until the destination has received all ten packets	1
b tree example code java with answer	1
paradise biryani point va	1
"""at the audiology now! convention here in mid-april, visitors stood next to blowing electric fans to experience how a new hearing aid could screen out wind noise."""	1
francis bacon new organon	1
new orleans weather	1
pbs video	1
gwent playing innkeeper witcher 3 kingfisher missing	1
dc map	1
cpt	1
find rate expression from mechanism	1
is verizon cdma	1
is it good to take preworkout and protein before a workout	1
radiolab podcast	1
jgr racing	1
xlc wide mouth bag	1
michael strahan	1
syracuse lacrosse twitter	1
5432 connecticut ave nw, washington, dc 20015	1
roir	1
en que paises se han implementado las estufas solares	1
en que paises se utilizan las estufas solares	1
en que lugares son utilizadas las estufas solares	1
cumulative density function of a normal curve given a z-score	1
babel.com	1
al gore dancing gif	1
renee falbo	1
wcl summer 2016 classes	1
citing law review articles	1
the chinese singular or plural	1
stock split	1
surah baqarah	1
ns3	1
infj	1
change picture spotify	1
spartoo	1
easy syynonyms	1
alex rodriguez	1
google news	1
how to contact emsa for replacement part	1
emsa eleganza creamer parts	1
enfield no4 mk2 for sale	1
d.c. star	1
d.c. star 1984	1
persia monir	1
loteria nacional	1
bears defense ranking 2015	1
rung mtmte	1
don lemon	1
gophone	1
bethesda wild bird	1
duran leonard	1
the ariel saga	1
existence series	1
books about teen goddess	1
daughters of the moon series	1
kayak	2
trulia	1
peter gabriel eve game	1
yayoi kusama artwork sale	1
u haul trailer for motorcycle	1
mercedes morno instagram	1
dr sebi sea moss	1
williams, d'haquille	1
culture sur brulis	1
cbs indiana poll	1
alicia keys empire state of mind part 2 lyrics	1
spa fort smith ar	1
drexel sdn 2016	2
raymond bratton wiki	1
trip advisor bike tours new orleans	1
union market restaurant	1
eggs pregnancy	1
midwives maine	1
twiter meekwire	1
someone marry barry	1
when to evolve pikachu	1
volt switch	1
baby carseat firebird	1
pontiac firebird restore	1
asian gay xxx	1
cns child neurology symposium	1
best days to purchase airline tickets 2016	1
verification of training on the protection of human participants	1
parallel compression ableton	1
ascension st agnes dc	1
"""common prayer"" and ""1928"" and ""holy bible"""	1
"""9781886412026"""	1
"""common prayer"" and ""bible"" and ""preservation press"""	1
"""1107032717"""	1
heinz carolina ketchup	1
heinz company history	1
secret area 3 in bush whacker 2	1
soundcloud magi	1
espn hd live stream	1
attendee list 2016 white house correspondents dinner	1
car registration olathe ks	1
case western reserve university school of medicine requirements	1
california northstate university college of medicine average gpa	1
elk grove, california crime rate	1
riverside, ca crime rate	1
weather.com san diego, ca	1
weather.com los angeles, california	1
keck school of medicine of university of southern california neurology	1
amcas deadlines	1
light tuna noodle casserole	1
verizon email sign in	1
pics of lil kim	1
female witches looking for male witches	1
how pornography affects men	1
silver sports brand	1
super 8 denver	1
google contacts	1
mrs fields	1
king bed no center legs	1
united airlines	1
kombu	1
a knock at midnight sermon	1
queensryche	1
sprint cup live stream	1
miami heat news	1
boston weather	1
2016 nba finals	1
selah rain porn videos	1
beacon ny section 8 apartments	1
carry on travel packing list	1
what is white bread?	1
northern ocean hime	1
luxury elite - yeah	1
harbour princess claws	1
english horn cozy	1
demi lovato celebrity fake	1
fire emblem flora	1
j boog	1
joggers spencers	1
vampire ghouled animals	1
vampire ghouled animals site:forum.theonyxpath.com	1
handy mandy	1
stanford campus	1
d+ gpa	1
northeastern when are grades posted	1
barry farm map	1
us navy colored troops	1
grady sizeimore	1
metro select pass	1
scott foley	1
sherilyn fenn	1
xfinity	1
black lagoon	1
giei	1
"""child poverty and its lasting consequence,"""	1
google scholar	1
poverty and education us	1
adyn	1
how to charge my car when i have obly street parking	1
international students doing paid internships	1
how to do well in group itnterviews	1
reset password fidelity	1
club quarters chicago loop	1
thomas v mike miller jr	1
tj maxx	1
best standard format deck hearthstone	1
tiny dick hd	4
sports authority	1
larry wilmore	1
asus p5ld2-vm/s drivers for windows 7	1
reddit axwell dream bigger	1
the ghost and mrs muir full movie	1
used police vehicles for sale	1
used ford explorer police interceptor for sale	1
sandra o'connor day cause	1
sandra day oconnor cause	1
gif to video	1
powerball	1
flower	1
cua library	1
israel iz kamakawiwo'ole how did he die	1
georgetown blackboard	1
clay shaw	1
daredevil torture	1
telly leung	1
dressy black button down vests for women	1
clerical errors and loss of employment	1
zillow	1
fandango	1
how to set up nyko zoom	1
wwe payback 2016 full show	1
slipstream dc	1
efusion mini dna200 stabilized wood	1
ramzi rihani	1
verizon	1
verizon email	1
georgetown school of medicine international elective	1
teacup pig	1
gwu	1
solitaire	1
roblox login	1
street clothes for sims 4	1
how to make aerated concrete	1
dividing by zero	1
google earth	1
