megans law	1
althouse	1
narrow stools ibs	1
actor olga kalashnikova	1
irritable bowel syndrome narrow stools	2
kelly lebrock	1
chicos	1
activate banana republic credit card	1
the barefoot bandit	1
walter gunderson	1
sun armor dark souls 3	1
clever one liners	1
tax on sale od property in honolulu	1
eleaf gs16s tank.	1
carvana	2
maps waikiki	1
pearl and coral waikiki	1
hawian silver pearl necklace settings	1
virgin pulse login	1
weather hilo	1
google translate	1
periodic table	1
delta h per mole of reactant	1
aarp	1
amazon	3
telephone power supply hadw-1	1
nokia ac-3u	1
r/nfl	1
walmart	1
lv sun	1
evaluative essay on a article outline	1
why did our founding fathers leave england	2
dark souls 3 ludleth of courland	1
dominos maui	1
ffix ramuh story	1
polar bear cafe	1
scott & bailey	1
forever21	1
huffington post obama boehner video	1
dance for you beyonce choreography	1
peter pan	1
orangutan tail	1
do emperor penguins stay together to survive the cold	1
x5 supercharger 3.0	1
smite mouse cursor won't go away	1
stem academy	1
how to phish minecraft accounts	1
is there a reset procedure for the polar pom-607	1
change the mouse orientation windows 10	1
how to rotate the operation of a usb mouse	1
oxalates	1
he.be.jb	1
shoulder tattoos	1
youtube billard rail shots	1
kids games online for free	1
my little pony yayponies	1
putlocker	1
youtube	3
affordable waikiki restaurants	1
angelo pietro	1
kim scrubs	1
watch sex scene celeb	1
u torrent search	1
박얘쁜 토렌트	1
박얘쁜 다운	1
psychopath test	1
michael brown	1
yahoo	1
.25in to mm	1
anime collectibles hawaii	1
u hawaii system	1
cambridge university	1
) a 100.0 ml sample of 0.20 m hf is titrated with 0.10 m koh. determine the ph of the solution after the addition of 100.0 ml of koh. the ka of hf is 3.5 × 10-4.	1
best gaming mouse	1
best mousepad for gaming	1
harem collector dorm guardian	1
khelgar influence	1
pof	1
craigslist honolulu	1
day time 2.5 level tennis naperville il	1
what to put on insect bites	1
what doterra oil is good for insect bites	1
hawaiian rollercoaster ride	1
can dansk pot be reenameled	1
texturing an interior cinder block wall	1
tiny houses	1
kizi	1
cady groves	1
1911 parts kit	1
jigsaw puzzle	1
highlightskids	1
fish called muu with human teeth like	1
verizon	1
priority coast	1
club med poylnesia	1
"""mature fruit trees"" affect hawaii property value"	1
trees home value fruit	1
evite	1
olive tree ministries	1
kui pl	1
jake plummer announces pick	1
jason lee minka kelly	1
ksp near future 1.1	1
best beef jerky	1
mortgage calculator	1
john worcester misconduct	1
my hit ru film online	1
www.xpaja.net	1
cities in malaysia	1
craigslist hawaii	2
huffington post	1
msn	2
capricorn woman and scorpio woman friendship	2
pcpartpicker	1
giantessbooru	1
costco careers application	2
youutbe	1
gmaikl	2
calssroom	1
gmail	3
webgl player settings firefox	1
thesaurus	1
smart weigh scale	1
liberty trail dome tent	1
stripper lap dance porn	1
leveon bell steeler highlights	1
rename shipsbad luck	1
java junit expected exception	1
2016 na lcs	1
property source annotation spring boot	1
jsp and spring boot application	1
moto racer 3 demo pc download	1
port forwarding test	1
what kind of white wines are drier	1
stone vs ceramic bread	1
www.pornhub.com/view_video.php?viewkey=1413770705	1
hotmail	2
oahu band directors association	1
naughty america free accounts	1
morse code	1
let razer 'run your games	1
lecture time-frequency analysis for music signal analysis	1
black dick	1
curry	1
keihin slow jet 38 15mm	1
dynojet2206	1
351 2152 dynojet	1
dynojet 2152 needle settings	1
dynojet 2152 vs 2206	1
tower of joy who was there	1
movie2k	1
archer episode 6	1
linux system calls	1
what to do if you only have 2 rune slots in lol	1
master yi runes	1
north kalaheo trai;	1
pollyanna palhano	1
can i have two osu acounts	1
wet and wild	1
antwaun woods	1
honey dicked	1
how to cancel order on steam	1
the encounter	1
tatau	1
residue	1
astro boy (2009)	1
selling seed online rules hawaii	1
nat bletter 2016	1
montgomery winn fortescue	1
pukui kuliouou	1
patten george kauwe hao	1
ian o'sullivan hawaii	1
english second language endorsement university of michigan dearborn	1
world market table runners khadi handspun cotton	2
dinner napkins withe 20 x 20 with pepper red poppie flowers	1
interior design jobs in san diego	1
pinterest	1
course availability west	1
instagram	2
south of nowhere cast	1
1985 apple superbowl ad stadium	1
facebook	1
anime dress up games	1
best lures for catching ocean fish off sailboats	1
4500 south main street utah	1
delightful forrest	1
edwardjones.com/access	1
ben schwartz and joel rubin	1
hbo 4k movies	1
weebly	1
wit'ch fire	1
dark souls 3 hawkwood sword	1
dark souls 3 dark sword	1
elite dangerous engineers	1
good restaurants near i94 indiana	1
does the constitution force a tqwo partyy system	1
solar electric hot water pump design charge controler	1
letsmove.gov	1
why is dance a good choice to choose for physical activity	1
ninjascript average every x bars	1
wyrmfire pots	1
wyvern runescape	1
piratebay	1
oceanic pay my bill	1
windows firewall won't turn on	1
su reddit	1
ubuntu 16.04 wallpaper	2
duelyst rarity	1
youtube jackson browne the load out	1
jackson browne load out stay live	1
jackson browne stay video	1
prince life story	1
kilauea thrift store hours	1
apartment 2 burner glass top stove	1
resume builder	1
game of thrones season 6 episode 3 preview	1
access s4 when the display is broken and phone is locked	1
hdmi usb mouse android attachment	1
samsung galaxy s4 adb driver	1
find my mobile samsung	1
behold there is magic all around us	1
stock simulator	1
walmartgiftcard,com	1
ワイアルア　聖ミカエル教会	1
ハワイ　熟成牛　ステーキ	1
ワイアルア　コーヒー	1
tantrayogaoahu	1
holly cafe	1
the thundermans	1
reit ridea structure	1
zippo	1
usps tracking	1
r ds3	1
hawaiian airlines	1
lillian_sh	1
tokyo twilight yasujiro ozu	1
joanie laurer porn	1
iwannadownload	1
costco	1
gavin thornton	1
scb online india	1
does wormadam evolve	1
league of legends play time	1
twitch tv nick name white collor	1
python clear console	1
61297641806949047901	1
onenote for download windows 10	2
mirage slot tournamnent 2016	1
perfect girls	1
parsley	1
skimpy anime shirts	1
creighton university tuition	1
nicotine	1
craigslist alaska	1
statute of limitations	1
may day is lei day in hawaii	1
ramdisk ddr4	1
home depot	1
mount fuji weather in may	1
zaku zaku pastry	1
family guy	1
about _____ of all children whose lack of conscience becomes plain before age 15 become antisocial adults.	1
individuals with schizophrenia are particularly prone to paranoid delusions of being _____.	1
montell was rushed to the emergency room because he had convulsions and went into cardiac arrest after trying:	1
duc ba church	1
ho chi minh city	1
tegomass	1
breakfast can wait album cover dave chappelle	1
skyrim no damage to alduin bug	1
maui tax maps	2
sports authority closing	2
solar carport ev charger for home	1
residential solar charger carport	1
covers forum	1
xvideo	1
lovers lab skyrim	1
91-1325 kuanoo st., ewa beach, hi	1
freelance writer websites	1
iheartradio	1
comic and toy convention ala moana hotel	1
3 days feeling pnemonia coming on	1
big island candies	1
code black	1
code black renewed	1
reset textarea	1
textarea size form	1
css form	1
marijuana leaf sunburn	1
costco food court nutrition	1
what causes numbness in feet	1
what kind of name is gerina	1
diners drive ins and dives san jose	1
warframe reddit	1
lei day events waikiki	1
tony hyundai new car ad	1
cutter mazda new car ad	1
lemongrass chicken recipes	1
why do knuckles swell	1
transgender	1
seattle protests	1
maui humane society	1
kaiser login	1
facebook login	1
samsung galaxy s7 edge pink dual layer case	1
recipes for japanese senbei	2
ip address 23.83.92.231	1
cpt	1
list<xpathnavigator>xslt args	1
royal kona luau	1
replacing a carbon with oh	1
free wwe livestream	1
wwe payback free live stream	1
snapchat pictures and saying	1
ipaglaban mo lason april 29, 2016 lambingan	1
book of mormon	1
transamerica	1
composite risk management	1
saturn v	1
luigi frame data	1
pichu frame data	1
danganronpa	1
legendarylea pussy slip	1
law of the jungle 137	1
yamaha 2003 motorcycle model numbers	1
united airlines	1
prodigy	1
translate	3
tumblr sleeping girl sex	1
hawaiiantel.net	1
describe the mechanism for moving acetyl coa produced in the mitochondria	1
mint	1
pu u wai hale	1
do you send multiple save the dates to one household	1
fort richardson	1
best buy	1
stop chrome notifications windows	1
the intern final scene	1
frank desomma pof videos	1
an error occurred while syncing fitbit blaze	1
tj clemmings arm length	1
vikings tj clemmings rookie grade	1
phil loadholt nfldraftscout	1
devonte booker college stats	2
alex collins cbs stats	1
tmz	1
srt hemi 6.4l v8 mds	1
regal cinemas	1
oakley	1
aafes	1
autotrader	1
zoloft and ativan and ambien for sleep	1
amazon prime video	1
trade off theory in banruptcy	1
kmart	1
don't starve together full moon command	1
fake tongue piercing	1
cameraman job hawaii	1
committee of 300	1
irifune	1
"mauritius establish* ""diplomatic relations"""	1
can't connect to azure with sql server	1
abm hale pauahi	1
can i check to see if someone has a building permit honolulu	1
lisa lefevre hawii	1
新千歳空港 新規国際線	1
reservations for alamona hotel oahau	1
marcus mojo	1
vw ragtop canvas	1
プリンスゴルフ場 ハワイ	1
hulu	1
ryse boudica boss	1
reddit gaming	1
cruise from hilo to seattle	1
hawaii cruises april 2017	1
ayn rand	1
combien d année dure un bachelor tbs	1
wells fargo login	1
matrix total results rock it texture review	2
steam enter the gungeon	1
refund games on steam	1
ied bonus pot ellinia	1
g e hentai	1
f1	1
sofia's journal blog	1
portable audio system	1
apical ectodermal ridge along the developing limb bud	1
reddit youtbe videos	1
recipes for bubu arare	1
ideas for apartment entry divider walls	1
which street entrance for south street garage honolulu	1
tree of savior venier	1
drink kool aid	1
glackuman	1
what is the temperature of the universe (as a whole) today	1
how did wolves become domesticated	1
juliane kaminski there is no other species which is so	1
manojob	1
manga panda	1
dark souls 3 twin princes	1
time warner cable	1
iqos usa	1
x video	1
etsy	1
spawn killing planetside 2	1
hh holmes	1
oahu things to do	1
watch tvlinks	1
apwh practice multiple choice questions	1
ferment garlic airlock	1
limu salad	1
great women	1
inversion boots	1
refer to the diagram showing the domestic demand and supply curves for a specific standardized product in a particular nation. if the world price for this product is $1.60, this nation will experience a domestic:	1
cacia wu	1
how to watch raptors games online	1
hgtv	1
best mobo for gaming	1
republic of doyle	1
patient has abdominal pain possible diagnosis	1
how to attributes to minecraft items	1
wwe	1
monster saga 2	1
window 10 upgrade desktop loat	1
airport charts fsx	1
american savings bank	1
meeseeks and destroy	1
aussie men in speedos	1
gta v ifruit app	1
rvu stack	1
ka huna moon phases	1
小説を読もう	1
wetlands in urban city	1
quizlet spanish words	1
richard rashke useful enemies	1
pineapple sherbet	1
frag the dog	1
physical science holt pdf	1
front painter	1
craigslist	1
mr rogers neighborhood chords	1
history of sugar cane on maui	1
myuh	1
battlefleet gothic: armada	1
boss 302	1
nseer program	1
frontlines fuel of war trainer	1
frontlines game has stopped working windows 7	1
greg virgo colorado	1
the container store	1
gamestop	1
xbox 360	1
hypnocroak	1
blood elf last names	1
gracie mille	1
navy exchange	1
craigslist oahu	1
www.monopoly.com	1
hawaiian slang shoots	1
how to change my background on patreon	1
annie support	1
oscar of astora without helmet	1
classification of dogs	1
grey wolf	1
clinton march fundraising	1
nfl draft grades	1
new england patriots	1
crock pot recipes	1
hawaiianairlines.com	1
mauna kea beach passes hawaii	2
booklikes	1
ビルジョージ true north	1
宮本茂 リーダーシップ	1
le cigare volone	1
nikkor 18-140mm f/3.5-5.6 vr (product number 2213)	1
nikon hb-69 review	1
i will be there in the morning but in the evening i gotta go	1
kohl's	1
love yourself futuristic	1
ballet seattle	1
earliest known railway accident	1
race results washington state	1
kotaku	1
shore tactical	1
akfiles	1
videos de musica	1
roblox	1
magi anime	1
in the realm of the senses	1
weepinbell gen 2 learnset	1
growlithe	1
costco photo	1
google docs	1
chase united	1
american express	1
game of thrones	1
rubus argutus	1
golf simulator	1
spacemov	1
