assembly instructions for mr. coily enforcer antenna	1
80 meter hf radio	1
infant developmentas outcomes: a familiy systems perspective	1
brother thread tension problems	1
enneagram test free	1
jason simpson	1
when does samsclub have its next mark downs in stores	1
is ok to occasionally use naphazoline eye drops with restasis	1
art fallout 4	1
houses for sale kootenai county idaho	1
springtime oyster mushroom identification idaho	1
paint stores in boise, id	1
amazon prime	1
http://41.media.tumblr.com/071c2c82cc742af6f5cae762e07437c5/tumblr_o6cxscw3sh1sulnzno1_500.png	1
kenworthy	1
legendarylea slip	1
raihnbowkidz	1
civil rights movement activities for elementary students	1
god with us lyrics	1
mcfarlane dragons	1
amateurs gone wild	1
women forced to strip nude videos	1
saia	1
storage in post falls	1
imdb	1
abcya	1
maps and directions	1
what will precipitate first? galena and sphalerite	1
earache and cold	1
blender 3d reconstruction from stills	1
visualsfm fixing reference points	1
tadd jenkins chevrolet	1
larry miller chevrolet	1
symptoms of pneumonia in a pig	1
"""bowater bales"" indiana"	1
lds.org	2
507 n johns ave emmett id	1
peterson and associates	1
4711 north jaguar avenue, boise, id 83713	1
1705 west blaine ave, nampa, id 83651	1
what is the best way to clean morel mushrooms	1
cda press	1
netflix	4
amazon	2
thredup	1
brawling go baka updates	1
brawling go chapter 5	1
autotrader	1
citations site:http://owl.english.purdue.edu	1
which of the following is not a problem associated with international agreements?	2
brownfields are quizlet	1
which of the following actions would probably not encourage efficiency and recycling programs?	1
in terms of generating electricity, fuel cells are _________ than thermal-conversion machines because the chemical energy of a fuel is _______	1
amazingplays.com	1
the vampire diaries	1
recycler bong	1
how to be an effective witness for christ	1
motor trend car of the year list	1
webadvisor.collegeofidaho.edu	1
pokemon showdown type reflector	1
infinitelava souce 1.9	1
animal jam	1
youtube channel art	1
graduate school geography	1
porn	1
zilianop	1
magnate eve	1
custom lapel pins no minimum	1
great falls university average gpa	1
baghdad green zone	1
how to cut a watermelon	1
southcreek subdivision boise	1
heromachine 2.5	1
maher finance 303 test 3	1
hotmail	1
garage gift ideas	1
vandalmail	1
mlg can can	1
uidaho twin larch	1
kotak mahindra	2
is it necessary to peel beets	1
rasam padhus	1
milagu jeeraga rasam	1
egg casserole without bread	1
kissanime	1
calcamil	1
chili recipe	1
zillow	1
hobbit pezi	1
bilbo baggins quotes	1
last probable date for frost in idaho falls id 2016	1
wow how do i kill ironaya	1
define: narcissist	1
what to do when your brake pads are low and you can't replace them right away	1
how long do points stay on record idhao	1
2121 westcliff drive idaho falls	1
words cheat board	1
progexion bbb	1
progrexion reviews	1
broncomail	1
shotgun shells by the pallet	1
genealogynow.org	1
mesa falls, idaho	1
idaho statesman	1
sergio gutierrez idaho	1
dungeons and dragons species	1
jönköping sweden	1
wwe.com	1
skyrim tamriel how to install server	1
analogous definition	1
picture kid rock wiki	1
spiderman n64 rom	1
robert frost ghost house	1
theme of robert frost ghost house	1
how to install vmware player 12 for windows 10	1
diy duck|chicken waterer float	1
bella thorne nip slip	1
youtube	6
665 8th street, idaho falls, id	1
charbroil gas grill parts	1
didn't do nuffin	1
google search	1
el coyote y su banda torrent	1
motos honda boise idaho	1
almond milk	1
cable one boise idaho	1
clarkston wa car dealerships	1
date ariane	1
lpc1758 sjsu cmpe board	1
idaho statesman obituary	1
cwi compass test	1
craigslist boise	2
southwest airlines flights	2
ktvb	3
to kill a mockingbird audiobook	1
little peggy march	1
atlantic ocean map	1
woman to man transexual porn	1
carbondale safe	1
ebay	1
kikkoman products	1
twitter	1
boise vbc	1
i might not make it karaoke	1
nfo ip range	1
208-360-1629	1
dice room	1
the average speed of the coronal solar wind is 450 km/s. how long does it take a particle in such a wind to reach earth?	1
what are the 7 common strong acids	1
craigslist spokane	1
christos anesti	1
betsy ross	1
steven woolfe	1
the yellow wallpaper	1
black and white porno	1
2016 lincoln mkc white platinum price	1
town of salem roles for town	1
hungry shark evolution	1
aleks	2
pulsar challenger gs review	1
facebook	6
6' high quality braided usb charging cord	1
sion counters	1
bloons tower defense 5	1
eternal sunshine of the spotless mind full movie	1
tesla coil	2
reddit	1
bayview idaho	1
trulia	1
bowman lake montana	1
https://goo.gl/eenz9g	1
homedale fishing access	1
main gauche	1
byuidaho employment	1
itunes	2
logical fallacies	1
ferguson to-30 9n700-38	1
pbs app in boise	1
caring for a chenille plant in the west	1
where to get fang prime handle warframe	1
massage parlor boise area	1
massage parlors boise area	1
minecraft obsidian generator	1
restore windows 10 icons	1
aquarius	1
yumi fight lyoko	1
fox news	1
real mature bbw porn	1
real bbw wife porn	1
old bbw porn	2
real amatuer mature bbw's	3
mature bbw wife sucks young guys cock for cum	1
mature bbw fuck movies	1
fat mat bbw wife sucks off one man after another	1
fat mature bbw wife sucks off one man after another	1
wife suck off boy	1
older granny wife sucks off many cocks	2
prius 2016	1
hiking boots	1
ruth b two poor kids lyrics	1
smash forward tilt	1
craigslist east idaho	1
supported beenverified	1
blink health	2
bushwacher 50907-02	1
1994 buick regal coupe	1
woman card hillary	1
indiana democratic polls	1
walla walla comunity college	1
old navy	1
ruger american	1
6.5 creedmoor for hunting	1
tony stewart	1
daytime emmys 2016	2
bryan craig	1
cochlear implant	1
listeria	1
how much house can i afford? cnn	1
marshall university	1
ceo at sulis & thermae london limited linkedin	1
video of ogden wind	1
axis and allies triple a download	1
diy home improvement hacks	1
colored massachusetts quarter	1
hotels near yosemite national park	1
eagle mountain church	1
mountain west bank	1
gotta move competition utah	1
list of all lds missions	1
3 angiosperms have ________ structures such as leaves, stems, and roots and ________ structures such as flowers, fruits and seeds.	1
the haploid nuclei in a mature pollen grain include a ______ nucleus and a ________ nucleus; the latter will replicate to produce two ________ nuclei	1
in corn and other grain embryos, the sheath that encloses the embryonic shoot is the ________ and the sheath that encloses the embryonic root is the _	1
chat rooms online	1
can a sponsor get financial backing in australia during a partner visa application	1
home depot boise	1
eddie the eagle	1
last week tonight with john oliver episodes	1
yify	1
plaid shirt with tie wedding	1
things to do in columbia falls mt	1
patio awnings free standing	1
epsom salt dilution	1
goldfinger	1
idaho falls city bowling tournament	1
dreams about hotels meaning	1
horizon database system	1
full tilt	1
full tilt poker download	1
martha islas boise	1
pathophysiology of osteoarthritis	1
cyber crime	1
new restaurants in cda	1
torrent	1
does windows 10 spy on you	1
wise leadership of kim	1
wetting pants in prison	1
very liberal attitudes about sex	1
spokane, missouri	1
can i deposit late to a college	1
pom pomegranate juice	1
is capric triglyceride safe	1
dogs to adopy ada county	1
dog adoption boise	1
slitherio	2
brpass	1
taylor swift porn look a like	1
what are cyber skins for battleborn	1
unique list python	1
error 010462: geodesic visibility exception	1
what is the millenial generation	1
post register madison baseball team	1
start up moon and star skyrim mod	1
robertson family's names	1
differences between america and spain health	1
will new york legalize	1
target turret for nikon monarch	1
nikon monarch ucc scope	1
grass seed germination	1
hilltop station pizza idaho	1
house on marley and me	1
toro groundsmaster 117 ignition switch	1
american beauty synopsis	1
arteriosclerotic plaque in left external iliac	1
boise city utility billing	1
thinx discountsd	1
amcas ec paragraphs	1
kobe beef	1
google	1
hotels lincoln city oregon	1
g	1
all trap music vol 3	1
tchaikovsky piano concerto 1 sample theme	1
iphone 6s plus otterbox defender case	1
jenny lake wyoming hours	1
pedifile search	1
bloomsday shirts 2016	2
ascending order array	1
the bots won	1
whois	1
subornation of perjury cases 9th circuit	1
pro bono attorneys idaho	1
coerced guilty plea ninth circuit	1
united states v. jimenez-dominguez	1
johnson v. zerbst	1
plum island news	1
scottish shortbread	1
airplane rib form blocks	1
evike airsoft	1
gamestop buy gift cards	1
chocolate shop	1
google docs	1
15911 n yale rd, colbert, wa	1
land for sale massachusetts	1
moonfire lantern ffxiv	1
madden mobile.com	1
ada county assessor	1
gas price fairfield id	1
awp asiimov battle scarred looks factory new	1
animl jam	1
weapon buffs dark souls	1
jake long nfl	1
voc scrubber for lacquer	1
hot springs hot tubs	1
the nature company boise	1
where is my refund	1
reviews for carson skyseeker jc-1000	1
jean kennedy smith	1
news	1
wow emote	1
classroom	1
erotic fantasy larvaturs	1
how much lead is there in cast iron skillet?	1
lipodrine 660 mg	1
country clipper mower parts	1
harbor freight	1
finn collins the 100	1
best fitbit	1
matthew kadey bodybuilding.com	1
elizabeth banks nude	1
bouldre mountain tour	2
idaho quit claim deed	2
free printable quit claim deed form	1
minipresso reviews	1
puppy barn provo	1
watch cool hand luke	1
craigslist	3
chris coghlan espn	1
chicken coop base material	1
hd teen pussy tube	1
hd shemale tube	1
what does hostfile-update do?	1
feather wings baby	1
stretchy car seat cover free pattern	1
infant toms shoe pattern free	1
luscious hentai swimsuit stockings	1
rayban	1
what happens when you drink alcohol every day	1
craigslist twin falls	1
mmf bi	1
domestic violence laws by state	1
music for writing papers	1
forsaken ragnarok pet food	1
scavenger birds in new guinea	1
scavenger hawks in new guinea	1
knin	1
unlock note 5 from frp lock	1
2014 - 2015 njcaa track and field championships results	1
century 21	1
google classroom	1
allegiance 223 70gr powerstrike	1
cdkeys	1
seattle, hiking at the jungle	1
fishing calculator tip it	1
sports authority	1
military jets	1
fma ova 1 english dub	1
2016 tacoma rear disc conversion	1
moritz boehringer	1
audi cars for fis alpine skiers	1
napa	1
baseball credit card	1
what should i specialize in medicine	1
google fonts	1
power supply paper clip test	1
what element must be present in order for fat to be used as energy?	1
which organ produces creatine phosphate (cp) and releases it into the bloodstream?	2
phosphoric glycolysis	1
ministerio de hacienda devolucion de renta	1
mensajes cristianos del antiguo testamento	2
sermones cristianos evangelisticos	1
sermones cristianos sobre las llaves de poder	1
predicaciones cristianas evangelicas sobre la mujer encorvada	2
20 degrees 33 minutes north	1
1997 honda civic si	1
hex color picker	1
oculus rift cv1 release date	1
dark souls 3 firekeeper soul	1
gmail	3
yahoo	1
wells fargo	2
bowling bags	1
xnxx	2
zillow boise idaho	1
difference between android and windows smartphone	1
how to put multiple pages into one pdf	1
xvideo	1
idaho state journal	1
dansmovies	1
.125 gauge chainsaw chain	1
kieran culkin	1
how to qualify for subsidized health care	1
boise craigslist	1
cob horse	1
u tube	1
westport wa florist	1
top games for mages	1
good voice synonym	1
etsy	1
tokyo marui m320a1	1
sample 30 day notice to vacate	1
mesa verde national park camping	1
tools you need to change a crankset	1
dandelion recipes	1
what's my windows 7 product key	1
runescape wiki	1
no rest for the wicked lyrics	1
samanthasez files	1
circulatory system	1
honda eu2000	1
recipes with ground beef	1
function of phenothiazines	1
tens stimulator reviews	1
optifine	1
mycwi.ccblackboard	1
pre sentence investigation academic journals	2
idaho fish and game fishing egulations	1
aristotle's greatest contribution to discrete mathematics	1
adwords	1
wholesale wine bottles	1
ksl classifieds	1
bowel constipation after stroke	1
acacia and jairus	1
vandal mail	1
2016 aero star award winners	1
google drive	1
hd cloning software	1
free meal planner printables	1
face	1
what is the versailles treaty ww2	1
jessie dead rising	1
m4a to avchd	1
is there a practical use for imaginary numbers?	1
how much does tutor doctor charge	1
sciatica treatment	1
aluminum garage door with	1
boise coop membership length of term	1
contempo tile backsplash	1
allegiant	1
factory reset toshiba satellite c855d-s5900	1
how to tell difference between iphone 6 and 6s	1
greyson chance fire	1
canna companion	1
critical health.com	1
byu idaho rent equipment	1
coeur d'alene property management	1
free antivirus download	1
weaver no drill no tap	1
pocatello	1
wastehistime2016	1
word counter	1
which of the following is an example of global interconnectedness presented in the text?	1
a conceptualization in which time is viewed as a finite, scarce resource which must be rationed and controlled is referred to as:	1
share option lillian heard	1
fsx pilot logbook	1
visa premera blue cross hsa account	1
diet that works	1
vitamin d colon cancer	1
simcity 5	1
how to draw a unicorn	1
idla	1
slopestyle mountain bikes idaho courses	1
idaho slopestyle courses, biking	1
yahoo mail	1
wilson combat 308 accuracy guarantee	1
old dried herbs to fresh dried herbs	1
770 gtx cooler gigabyte	1
gigabyte 770 4gb apply paste void warranty?	1
love live dub	1
intergalactic	1
ft bragg glass beach map	2
dutch oven potatoes at 250	1
what was the champagne yeast producing in apple juice	1
error: 3219	1
opendns	1
retro or modern games	1
cheap tickets	1
falling brook condos boise id	1
teen se	1
small house plans	1
verizon	1
pornhub	1
hells canyon	1
watch jane got a gun 2016 putlocker	1
get togethers with other people in their department	1
fucking teen crossdresser	1
o j omstead architect in arizona	1
iphone messaging on pc	1
what if two people file the same dependant	1
florida	1
iq test	1
alaska airlines online banking	1
keybank	1
wellsfargo	1
hampton bay kampar patio furniture cushions	1
dark souls 3 any reason to upgrade shields	1
pickett auction	1
home depot comments complaints	1
elevation of big butte, wa	1
tweencleanjoke apps	1
mla format	1
hammer perpetuem solids	1
all animals brought to adam to name	1
making reinassance business flags or table clothes	2
download youtube	1
google photos	1
nyaa	1
congenital melanocytic nevus	1
dysplastic or atypical naevi organic treatment	1
eirmc billing	1
songs by father rapper	1
cambia de direccion en ups	1
thematic relationship between paintings	1
themes in art history	1
growing huckleberries in idaho	1
best berries to grow in idaho	1
good tips on making a movie	1
playlees shoe in pocatello	1
eviden based parctice for training unliscinced personal in an assisted livin facility for the state of idaho	1
pornhub.com	1
grills and fireplaces boise	1
gourmet grills & heritage safe outlet boise id	1
bardenay restaurant & distillery boise id	1
home depot	1
hindi thriller movies list	1
meridian symphony boise	1
linguaphone italian all talk	1
listverse	1
chicken on sale this week near me	1
cnn	2
throwing knivers	1
throwing kniver reviews	1
uncensored music video	2
tarzan movie	1
owhyee state park	1
grill steak teriyki mearninade	1
bowery boy blues buster cast	1
anne tudor 1482 -	1
division of human resources susan e. buxton, administrator	1
tsbootstrap r	1
chief joseph dam jobs	1
sunroof toyota tacoma 1st gen	1
navy rotc	1
red velvet pancakes	2
chocolate pancakes	1
plugin sony vegas 11	2
eso boss instant kills	1
bo derek pussy	1
gretsch committee electric guitar	1
michael kelly es 335	1
docs	1
idaho botanical gardens	1
wireless display	1
google maps	1
shiba inu puppies in pocatello	1
idaho falls news	1
"""johnny kane"" nude"	2
joel gartland nude	1
max sean cody	1
hillary geneva speech unappreciated planting seeds	1
hillary gay rights geneva sanders	1
objectifying men story complete person	1
tpp liberal hypocrisy	1
democrats bernie majority minority	1
free college trump's kids	1
my hot wife on the dance floor	1
willie nelson singing the last cowboy song	1
the bank of idaho	1
m2 apartments	1
they adding another character slot with legion?	1
wordpress templates	1
rustic wood background clipart	1
rustic mason jar clipart outline with daisies	1
plum tree scientific name	1
yoga beginner sequence	1
donna evans, des moines, washington	1
zabasearch	1
donna lynn evans	1
google earth	1
pokemon trainer club	1
black rhino houlsters	1
ti 89 linear algebra	1
ti 89 linear algebra programming	1
m3 body system	1
ncstar 4x30 compact rifle scope	1
curry thai boise	1
online choir illustrations	1
look at me now	1
reddit graduating college sad	1
stardew valley	1
women outlive men census	1
citizens bank	1
the lion the witch and the wardrobe cast	1
gigabyte lga1151 intel z170 atx motherboard atx ddr4 na motherboards (ga-z170x-gaming 5)	1
oil based sauces	1
bus tours of england	1
lego games from early 200s	1
lego rc supersonic racer game	1
bridgespan health	1
find a grave	1
where is xur	1
ircp 60	1
what does egr do on a gasoline	1
ap calculus ab multiple choice	2
braxton miller draft	1
adult tricycle with electric assist	1
rockauto	1
us pro rugby	1
fred grandy	1
patricia stokely therapy dogs serve children with autism	1
mendelssohn	1
basket weaving supplies	1
www.historyphotos.com	1
trapsmith prc	1
pathfinder imprisonment	1
necromancer names	1
sesame street printables	1
backpage	1
tawnie from naked and afraid	1
"pennsylvania land ""warrant without patent"""	1
is it christmas	1
types of weathering and erosion	1
192.168.0.1	1
