mother's day gift ideas for student to give their moms	1
watch zootopia free online	1
pat martino article	1
bosch tassimo yellow light stays on	1
void runner ost	1
void runner trailer cinematic	1
ide to sata power converter issues	1
amd phenom ii	1
amd phenom ii + heatsink	1
harbor frieght	1
scroll saw rose pattern	1
shahs of sunset	1
colonia review	1
ups carrers	1
woodbridge merlot	1
adding wine to spaghetti sauce	1
ninja 250	1
you're the one in a million chords	1
ricky van shelton ill leave this world loving you chords	1
lightning or lightening	1
trig area of a triangle solver	1
godzilla 1954	1
cloverfield	1
precursors vs xeelee	1
3 month old coughing and sneezing no fever	1
marvel's captain america civil war disney infinity trailer	1
mothershavingsexwiththeirsons	1
henley all she wants to do is dance	1
watership down	1
black desert online best na giant	1
putlockers	1
poll shows trump and hillary even	1
diatomatous earth supplement	1
aurther dayne	1
nick gulas	1
lance russell	1
uk	1
macfarlane microlbiology	1
doppler radar	1
reviews of shaggy paws in elizabethtown ,ky	1
"""antique watercolor curtains"""	1
best roms	1
emulator zone	1
meijer ad	1
what does seychelles use to get ideas moving	1
yahoo	4
wayback machine	1
best sci fi movies no one has seen ender's game	1
reverse image search	1
hiroshi	1
dark souls 3 what can i trade	1
dark souls 3 upgrades	1
queen emoji	1
iwan rheon	1
google maps calloway county public library	1
how to program a xr2 remote to a tv	1
batman day 2016	1
high school english developing an outline	1
american fire and security lexington ky	1
rewiring a lamp site:youtube.com	1
the new covenant	1
define biafra	1
knoxville car window tinting	2
bobcat ct445 tractor for sale	1
facebook	18
bypass at&t tether blok	1
hearthstone mill rogue old gods	1
over air hdtv frequence huntington wv	1
nbc news	1
skype	1
youtube	10
lifelike proto 2000 alco rs11 parts list	1
amd zen	1
starborkkuffee teechip	1
professional paintless dent removal tools	1
cheap boracay hotels	1
tobey maguire	1
how to read music	1
burkesville ky	1
amia miley cliphunter	1
dumbbell set	1
ukfcu	1
weather radar louisville ky	1
facebook login	1
www.ftazeta.com	1
happy wheels	1
netflix	5
tomato mr stripey	1
craigslist louisville	2
does 2015 equinox have app for navigation to use with onstar	1
warlords of draenor can all of my followers become bodyguards?	1
how do hard disk drives work	1
hd anime gang bang	2
tim short morehead	1
hose clamp ac lines	1
turtle toppers for extra large turtles	1
lucia oskerova age	1
taylor swift i heart radio 2016	1
taylor swift clive davis 2014	2
craigslist lexington ky	3
4 inch green vase, flat top	1
4walled	1
fanfiction.net naruto water bender	1
fanfiction.net naruto earth bender	1
how much have property prices risen since 2013 in hendersonville tn	1
dale romans	1
hogan's heroes s03e01	1
family plan cell phone	1
robin brown carter	1
accounting provides financial information that can be useful to owners, creditors, suppliers, employees, and competitors of an organization.	1
one of the most important aspects of the banking legislation passed during the 1930s was that it established:	1
pixelexit free	1
stone fence	1
recoder for landline telephone to record both parties	1
noah's ark in ky	1
how to pop your hip	1
u.s. tanf today	1
how to cook up ground chicken livers	1
history of civil war in ky	1
our movie made children report	1
drano+tinfoil bombs	1
younow	1
talladega	1
prince	3
personal creations	1
fuq.com	1
gen iv	1
dnce	1
back page	1
wsaz news	1
daap campus	1
3108 debera way, louisville, ky 40220-2237	1
compton scattering equation	1
new age porn	1
strange porn	1
beast porn	1
belt on mower deck looks small	1
"""benito cereno"" comic"	2
"""bill jordan"" canada texas"	1
"""hunter jordan"" canadian"	1
top micro usb	1
uk regions	1
united kingdom emergency broadcast text	1
underground stations london top 10	1
silent run baptist church	1
topix russellville ky	1
kik	1
okcupid	2
mapquest	1
google maps	1
watch game of thrones season 6 episode 2	1
james currie boy scouts camp kentucky	1
what does custom mean on posting on fb	1
how to get stinger out of bed of towing truck	1
bottom bracket adapter sheldon	1
manhattan movie	1
michael tilson thomas george gershwin overtures	1
knee painful when bending but no swelling with no injury	1
behr marquee colors	1
dreizack 4034	1
list of improvised weapons	1
overwatch	1
is it bad to go hollow in darksouls 3	1
ebags.con	1
walmart	4
american express serve	1
prison architect current version	1
king 2 hearts ep 17	1
flipagram roast	1
robot couples	1
elysium	1
face	2
yahoo mail	3
fucking mom at lake cabin	1
family home sex between all	1
mew	1
720th mp bn vietnam	1
first time sex pinay in philippines	1
hawg heaven catering	1
svs comics	2
8727 heritage drive florence ky	1
anthrocon	1
rate my professor miami university geology	1
pikecounymugshot	1
pike county detention center jailbase mugshots	1
krissy lynn	1
gba emulator	1
dallas mavericks	1
charlotte hornets	1
five enough ep 22	1
dsw	1
how to remove a date stamp from a digital photo	1
define consumer market segmentation and describe the four types of segments.	1
apple and lady gaga have a shared interest in the paid integration of branded products into movies and online videos known as	1
how long do you have to keep tax returns	1
chris evans movies	1
southeast asia	1
pirates of the caribbean mmo	1
airsoft gi	1
adding audio clips to movie maker for windows 10	1
instachat	1
han fu three kingdom	1
beats 1	1
hypertrophy	1
wwe network	2
saosin best alblum	1
venture lane in benton ky	1
long arm sewins machine	1
may 14th nashville events	1
coryxkenshin	1
sunday school crafts lessons	1
zilla data nuker	1
strasbourg oaths	1
grateful dead hats	1
simtex plaid tablecloth	1
hillary clinton indicted by the fbi	1
haedrig's gift season 6	1
quadratic calculator	1
storage buildings madisonville ky	1
859-661-8382	1
vrbo	2
overwatch pixiv	1
my little pony cheer me up cheerilee	1
google classroom	1
new madrid fault	1
what is the best attic insulation?	1
potted meat	2
rich ledford oldham county ky	1
best futon	1
fashion bed group saturn futon frame weight capacity	1
2005 dodge ram 1500 towing capacity	1
apa citation	1
grade calculator	1
scott middle school fort knox	1
apartments for rent in louisville ky	1
seraph of the ends season 3	1
hulu	1
t.o.p girlfriend	1
translate	2
hesap makinasi	1
williamson daily news	1
charleston gazette	1
herald dispatch	1
ladyhuntress porn videos	1
somerset email	1
slidell	1
ftse	1
2012 polar kraft tx 175 pro	1
gmail	3
how to configure external microphone for skype	1
merriam webster	1
essay submission for college application	1
city hunter anime ryo flashback episodes	1
miranda lambert weight loss medicine	1
best time to buy a car	1
capital one	1
joel bitonio draft	1
types of wide receiver	1
newburgh dam fishing	1
dibels next benchmark	1
viacord billing	1
why do ads keep popping up when i click	1
nadine miller porn	1
femalel elf names two syllables	1
one last time lyrics	1
how to save your minecraft realm	1
sample paragraph text	1
real clear politics	1
republican primary	1
how to get rid of a pimple fast	1
rules on withdrawl utma	1
dysnomia	1
hr salary in kentucky	1
spanish and english names	1
webmd symptoms checker	1
snuff porn	1
std testing in louisville	1
great lakes	1
star wars 1.8.9	1
knitting patterns for women sweaters	1
office depot	1
singapore city for foreigners	1
verizon	2
tmobile	1
lge ku	1
find the length of given by x= 1/3(y^2+2)^3/2	1
fillable w-9	1
how to keep cats out of garden	1
white house correspondents’ dinner	1
list of texas words	1
2017 lincoln continental price	1
bretton woods	1
pa chin family analysis	1
ultimately, why does ming-feng commit suicide?	1
nwn scimitar	1
drow female assassin	1
vocaloid stardust	1
kroger custom cakes	1
c5 corvette bumperremoval	1
epic skin shard	1
hctc	1
people who rescued jews during the holocaust	1
the bielski partisans	1
vacation rentals.com	1
busty exotic facial	1
cum twice anissa kate	1
lacey duvalle cum twice	1
the lords labyrinth path of exile	1
double cumshot	1
minecraft skin creator	1
oconee county inmate search	2
million man lan	1
how to get ultra white mod	1
horizon xbox	1
mothers day gift	1
gifts for mom	1
dr haider elizabethtown ky	1
warframe mesa	1
babylon	1
ky sports radio	1
msn	1
1999 upper deck hologrfx card n11	1
2000 ultimate victory ultimate competitors uc2	1
1999 playoff momentum ssd football brett farve	1
2004 bowman football card125	1
how to hide ip on teamspeak	1
love live tumblr	1
distance from dawson city to eagle plains canada	1
lifestraw	1
tubes of facials	1
navient student loans	1
ron paul free mason video	1
gametwist	1
"supernatural ""lucifer rising"" chuck and cas"	1
eleads crm login	1
install flash player modern version for youtube	1
scentsy	1
googlemaps	1
craftmade de52ch4 delos collection hugger ceiling fan	1
st paul's episcopal preschool review	1
illinois center mall area	1
triathlons in kentucky	1
zootopia fanfiction	1
best cd rates in louisville ky	1
republic bank	1
droid4x cyanogenmod	1
3 cylinder street bike	1
95 geo metro 3 cylinder aftermarket parts	1
att uverse	1
kroger application	1
what does it mean when the emoji of a gun and a star	1
breck's wholesale catalog	1
galaxiesablaze	1
which organization's rules of practice gives it the power of suspension if a cpa is found guilty of lack of integrity in practice?	1
under the securities act of 1933, which of the following burdens of proof on the auditor is incorrect?	1
according to rule 302 of the aicpa code of professional conduct, which service is the auditor allowed to perform for a client in addition to a financial statement audit? course hero	1
notice of layoff	1
target	1
clothing boutiques	1
far cry 3 blood dragon turtles location	1
outdoor theaters in ky	1
ines cuda	1
big boobs	1
2 timothy 2:15	1
larry fannin's morehead kentucky	1
rameses in the prince of egpypt	1
the massive dome of hagia sophia appears to be light and graceful due to	1
2010 mustang gt fuse for compressor	1
vinyl fllor with gritty	1
ixora definition	1
cost of anal gland removal for cats	1
dandelions for profit	2
recognition of gains and losses accounting 302	1
top restaurants lexington ky	1
uky see blue u	1
30mm steering stem nut	1
urban legends	1
how to burn dreamcast games larger than 700mb	1
the hip hop culture	1
care.com	1
kellyservices/tmmk	1
outside rugs	1
kerrits	1
barren county jail	1
webmd	1
sims 2 double deluxe won't uninstall	2
travolta in grease	1
absolute value of complex numbers solver	1
cavaliers for sale	1
mobile home parts store near me	1
mla citation + letter + multiple	1
appalachian writers association	1
british modern tanks	1
masonry repair louisville ky	1
cincinnati bell	1
maps	1
drowning of preacher dickenson in marshall county tenessee	1
fayette county pva	1
foyle's war season 9	1
grayson county detention center inmates leitchfield ky	1
gm truck models	1
sing to the king passion lyrics	1
carrie underwood i told you so live	1
isreal rainbow	1
pussy	1
pussy pic	1
john thompson and son jack larue co ky	1
pre built sheds for sale	1
co2 emissions per person	1
owl apa	1
large mirror	1
senior housing corbin ky	1
hart county kentucky obituaries	1
death cert. info. - ancestry.com james arthur jewell 1900-2000	1
final fantasy 9 pc mods	1
gta v parkour mod	1
minecraft 1.2.5 seed caves	1
co op pc game mmorpg	1
whitaker bank board of directors	1
grand candun university	1
rise of the tomb raider pc money	1
pretty little liars	1
can perma white be tinted	1
noaa -current relative humidity in bowling green ky	1
current relative humidity in bowling green ky	1
concrobium instructions	1
wood that is mold and mildew resistant	1
construction metals inc gable vent reviews	1
clean aced glavanized metal with vinegar	1
wipe down galvanized metal with vinegar	1
halford mackinder heartland theory aphg	1
best r&b songs 2015	1
habermas	1
mosquito curtains	1
the best of tery wallace	1
cheesing the nameless king	1
solaire armor dark souls 3	1
massage envy newport ky	1
covington ky news facebook	1
slow cooker chicken	1
constellations aviators lyrics	1
vacation rental close to north kershaw drive nashville tn	1
learn zillion on twitter	1
darsee & david bella candella	1
portugal	1
dragon age origins ohgren	1
future value calulation	1
future value calculator	1
which of the following is a duty of a financial manager in a business firm?	1
the present value of an ordinary annuity of $2,350 each year for eight years, assuming an opportunity cost of 11 percent, is ________.	1
during 2015, nico corporation had ebit of $100,000, a change in net fixed assets of $400,000, an increase in net current assets of $100,000, an increase in spontaneous current liabilities of $400,000, a depreciation expense of $50,000, and a tax rate of 30%. based on this information, nico's free cash flow is ________.	1
norris dam public access	1
best stock funds	1
fax from computer	1
usps address change	1
ksr	1
college apparel	1
c# writeline based on bool value	1
tomb raider: tomb of the lost adventurer dlc	1
chris young	1
bleed deadmau5	1
thomas hooper tattoo	1
g-x2d11 connecting adapter	1
taming a savannah monitor	1
marine conservation	1
is there any unpaid overtime in marine biology	1
porn tube 4.com	1
portal 3 trailer	1
we've got but 4 days to get to that treasure, or it'll be at the bottom of a lake	1
lucas and hall funeral home obituaries	1
pornhub	1
is it better to have high or low irr	1
x-1 audio	1
reds home games	1
hexohm box	1
saddlebred horses for sale in wv	1
horses for sale in matoaka wv	1
upcoming saddlebred horse auction	1
middle finger emoji	1
archery camp kentucky 2016	1
daredevil	1
dr. john right place wrong time	1
are men stronger than women	1
small internet throughput gadget	1
blue apron	1
7 letters surprised + wave emoji	1
recycle paper	1
wicked eyed woman restaurant	1
thredup review	1
diablo fans	1
donna miller murray state	1
best sirius radio station iron and wine	1
top 8 bracket	1
2014 ctd remote	1
i can read you like a book pdf	1
barcade northside	1
not getting invites on ps4	1
randall spradlin mugshot california	1
ign	1
deadly dragons	2
"benjamin miles ""c-note"" franklin"	1
uninstall nvidia drivers	1
amazon delta rp19804	1
kayak	1
12 month income statement for a farm	1
horse feeds	1
2003 impala idle air control valve	2
free public records for marriage records for trimble co ky	1
iron planet	1
how to cancel a ebay pending order	1
spencers	1
girl fucked by uncle	1
truth or dare questions for kids	1
how to make a under the chair hammock for a cat	1
princessratface polyvore	1
adventure capitalist free 85 gold	1
joining the mound makers	1
dark souls 3 what is sin	1
vocaloid cover tips	1
used motorcycles for sale	2
kawasaki ninja ex500 streetfighter	1
milt thompson obit lawrence county, kentucky	1
rehab elizabethtown ky	1
academic calendar year eku	1
ps950sfss lowes	1
chromebook	1
fmf a744s	1
water pieces with crystals	1
all of the following statements regarding eugene v debs are true except he	1
the chief justice who wrote the decision in brown v. board of education was	1
the north vietnamese military attack of 1968 that, due to the misreporting of the american media, destroyed the myth of american progress in vietnam was the	1
g-eazy think about you	1
forced orgasm	1
kate spade watches	1
delta airlines	1
turbotax	1
oeis glitch primes	1
how to set the valves on a briggs push mower	1
scott county youth baseball	1
led under counter light 9 inch	1
how to cook pinto beans in the power pressure cooker xl	1
adjustable height tub transfer bench	1
according to piaget's theory, during the concrete operational stage, a child is still unlikely to demonstrate	1
dmitri is a typical 6-month-old. when he looks into a mirror he is likely to	1
janie and jack	1
game of thrones	2
who counters riven top	1
lumia 640 camo caes	1
shirley manson - angelfish mp3 download free	1
podesta group	1
mens sandals louisville	1
age of mythology wiki	1
empire of the sun movie	1
outdoor lanterns with flameless candles	1
teacher retail stores	1
100 loops in the primary how many in the secondary	1
social consequences of the first industrial revolution	1
beavers bend resort park oklahoma	1
how to remove a tick	1
events near me	1
sidecar for 2013 road king for sale	1
i'm breaking my back putting up a front for you	1
i'm breaking my back putting up a front for you ozzie nelson lyrics	2
cinnamon sugar ratio	1
double sheet bend	1
flagrim sneeg	1
medium creature large weapon 3.5 item	1
debbie gibson net worth	1
print driver location registry	1
american airlines	1
walid abou-jaoude md	1
oatmeal coconut zucchinni bread	1
ashland daily independent	1
halsey	1
ser davos	1
xvideos i know that girl	1
sign in	1
gunpowder creek cookery	1
unlocking accessories bayonetta 2	1
intel i5-4590 amd equivalent	1
why is building a pc a good idea	1
tiny houses for sale in richmond ky	1
history of christianity	1
how to save a pdf as a jpeg	1
purchasing a mica lamp	1
mica lamp company craigslist	1
top 10 comedy movies	1
boxing glove hybrid cover	1
what year did rvs have an auto switchover valve	1
9mm 124 gr	1
st. louis blues	1
craigslist cincinnati	1
geico login	1
wwe payback 2016	2
glucosamine sulfate	1
economists consider tariffs to be quizlet	1
when per capita real gdp is increasing, real output is growing	1
when regulations interfere with exchange and limit entry into various businesses and occupations, they will	1
accuweather	1
bleach loali	1
dillards	1
amazon	2
sazan hendrix age	1
johnny pag	1
from the vault relics reserved list	1
non nude teen cum	1
how to make homemade macaroni and cheese	1
21 shillings	1
670420531101	1
brown vs. board of education	1
locked out of galaxy s3	1
1996 leaf preferred complete set	1
federal policy making process	1
policies that lead to a better inclusion fo employees	1
diversity in the workplace definition	1
kygunco	1
48 hours on antibiotics and still sore throat	1
esp guitars	1
hb heart to heart xenoblade chronicles x	1
what level chapter 12 xenoblade	1
myrtle beach top hotels	1
city name generator	1
drupal visual grid layout	1
building an arch with a keystone	1
new on amazon prime may 2016	1
digital optical audio input	1
how to change default application for jpegs	1
avg removal tool	1
new alexandria reservoir fishing	1
priceline flights	1
alexander graham bell telephone timeline	1
alexander graham bell dehusking	1
5.3 4l60 c10	2
emuparadise ds	1
pros and cons of rubber mulch	1
best buy	2
potions pathfinder	1
liberty university online login	1
stray bullets sunshine and roses	1
project 64	1
mc skin viewer	1
how to make bookshelves	1
wdrb weather	2
#cutiesaturday	1
hillside issues 1,400,000 of 5%	1
craigs list ashland kentucky area	1
used laptop computers for sale near me	1
best interest of the child test	1
parent falsely claimed of child abuse scholarly articles	1
when does sin equal -1 o the unit circle	1
my life dolls at walmart	1
kiznaiver wikipedia	1
should husbands stop drinking at a certain point in wife's pregnancy	1
does any furniture stores take old mattress when u buy a new one	1
pokemon sun and moon	1
do agility league	1
mens stylish lightweight jackets	1
pocket morty recipe paralyze cure	1
seatgeek atlanta hawks	1
kizi	1
2016 maserati ghibli	1
owensboro messenger obit	1
national student loan data system	1
expensive pyjamas	1
men's wedding rings	1
mens suit	1
exmark 103 4014	2
apartments and houses for rent in berea ky	1
monogrammed dog collars	1
lmu athletics	1
rsm student portal	1
thepiratebay	1
dell support	1
what is an endocrine cell	1
function of the auditory tube in respiration	1
united airlines	1
demarcus robinson instagram	1
uf 247	1
joker phillips	1
attention line address envelope	1
k-mart	1
mahjong	1
annoying dog battle	1
screen filt upside down laptop	1
eiken	1
dusk to dawn security lights	1
y'all tshirt	1
johnny carino's menu	1
coffee diarrhea	1
shooting in campbellsville ky	1
pokemon free play	1
ethel kennedy 2016	1
what does shelley mean by these words in “ode to the west wind”? this closing night / will be the dome of a vast sepulcher	1
kentmere 100 asa black and white	1
wikipedia	1
mixhdporn	2
army	1
faze temperrr full name	1
haverhill high school volleyball 2011	1
fsso on directv	1
topix owingsville, ky	1
mygoodwillhr.	1
how to make a solar system model school project	1
rue 21	1
discount codes 2016 for maria killam	1
suzuki forenza engine started knocking and now wont start	1
starter pvp gear wod	1
tv guide	1
science channel	1
bobbi starr interracial double penetration hd	1
bobbi star 2 black cocks hd	1
ezekiel elliot celebrate bed	1
a user from the sales department calls to report that he is experiencing problems connecting to the sales file server	1
you have used firewalls to create a demilitarized zone	1
over the last month you have noticed a significant increase in the occurence of inappropriate activited performed by employees	1
drag the boradcast domain property	1
a user reports that she can't connect to a server on your network. you check the problem and find out that all users are having the same problem	1
your organization recently opened a branch office in a remote area	1
which of the following solutions are most likely implemented with voip to ensure timely delivery of voice data?	1
one night at flumpty's 2	1
five nights at candy's 2	1
five nights at candy's 1 demo	1
halopedia	1
videogamemm pikmin	1
rock salt rounds	1
galaxy wedding	1
the ride by david allen coe chords	1
porn	2
kumbalanga curry	1
discharge summary sample pdf	1
usb drive does not show full capacity	1
vistaprint	1
cars.com	1
andre's mother terrence mcnally	1
the john lennon letters	1
fnaf world update 2 release date	1
hbogo	1
medieval large castle hanging banners	1
red dragon clan symbols	1
dark souls 3 builds	1
manchester city vs southampton	1
ap calculator	1
sotc usa	1
epididymitis treatment webmd	1
blaster sanctuary	1
press correspondents dinner 2016	1
what is to be blessed	1
shark uv300 vacuum	1
minecraft ae autocrafting inscribers	1
cincinnati museum	1
are eggs a chicken's period	1
game of thrones leak	2
insightbb	1
200 city hill suite 101 london ky 40741	1
local tree nursery fruit trees hardin county, kentucky	1
har-003 torrent	1
iene-483 torrent kat	1
osrs banshees	1
bowling.com	1
images	1
mrselfridje alto	1
hackerspace	1
which function has the greatest rate of change? a. 6x – 3y = 12 b. y = 5x + 4 c. x y 1 2 3 8 5 14 d. a linear function that goes through point 1, 1 and point 0, negative 3	1
the equation y = 55x + 85 describes the amount of money a plumber charges, where y is the total amount he charges and x is the number of hours he works. the table shows the total amount of money an electrician charges. how much does each charge per hour? number of hours worked 1 2 4 7 total amount charged 115 180 310 505 the plumber charges $ per hour. the electrician charges $ per hour.	1
what character traits does juliet demonstrate when she worries that romeo will be caught when he is under her balcony? a. anger and irritation b. shame and fearfulness c. practicality and an ability to think ahead d. despair and a desire to give up	1
stein mart	1
centre college dps	1
cave story animated porn	1
google chrome	1
blacklist cast	1
ed davender	1
chastity milking	1
dixie chicks tickets nashville	1
advanced systemcare uninstaller free download	1
how much does it cost to rent a booth at sofic	1
there are three components to how you market to your customers	1
porter's diamond is a model that offers an explanation of quizlet	1
naurato the game any good	1
whats app pc	1
pca pump hesi	1
epinephrine auto injector hesi	1
xact ky derby marathon'	1
5 star cabin rental	1
gross gore account name	1
you tube	1
green and blue striped suspenders	1
cowboy suspenders	1
old she males	1
lord of hollows dark souls	1
are lead paint houses safe	1
lowes in glasgow ky	1
used jaguar parts for sale	1
rock island armory 1911 for sale	1
3647 warner avenue, louisville, ky	1
oras gts	1
ebonite international	1
star fox the movie	1
itta pupu	1
der gute kamerad	1
"""cosmic tarot"""	1
kylottery.com	1
angies list	1
best internet speed test	1
plenty of fish	2
online universities with masters in information security	1
japanese female nudes	1
jordan hinson	1
rector hayden versailles rd	1
huawei watch reviews	1
dairy queen	2
david kilgour musician	1
weather	2
where to file kentucky amended returns	1
kentucky 740x	1
theonomy definition	1
when firms in b2c markets divide up the potential market according to values, attitudes, and lifestyles, they are making use of _____ segmentation.	1
f	1
thin toenails fungal	1
walmartone	1
hudl	1
recipe boneless chicken breast	1
once upon a time	2
how he used conflict resolution to keep peace	1
netflix proxy error	1
what year did cub cadet introduce the rtz s zero turn mower	1
howardpolebarnsowensboro,ky	1
i can show you how to do-si-do	1
if ct pe negative	1
hiv cd4 less 30 prophylaxis	1
autozone	1
shiri appleby	1
renaissance hotel cincinnati	1
dbz xenoverse	1
dark souls 3 demon king	1
webkinz	1
teachers student religious diet restrictions	1
school lunch prayer	1
second amendment	1
play.mob.org	1
polaris ranger 800 xp homemade deer loader	2
kentucky sports radio	1
espn	1
chaturbate	3
kendall jenner	3
aol	1
do they fingerprint babies	1
random number generator	1
indiana primary date	1
civil rights act of 1964	1
how to check to see if alternator is working	1
how to knock someone out	1
thetubefedwife	1
bobby speckland	1
middle earth shadow of mordor pc gamepad or keyboard	1
middle earth shadow of mordor save game pc	1
shadow of mordor ride cragor	1
pandora	1
discount tire	1
mothers day gifts	1
groupon	1
creepy masage	2
weather radar	1
84 celica supra gear ratios	1
according to the kansas-nebraska act, what would be the status of slavery in the western territories?	1
glow in the dark paint for sale	1
wells fargo	1
google live case coupon code fi	1
jack russell puppies for sale in tennessee	1
taxi pinball	1
colosenses 2:8	1
natalia lafourcade	1
piccolo trumpet repertoire list	1
ben madon nfl draft	1
watch series online	1
buy 7mm mag fmj	1
left handed shooting	1
best gun websites	1
jessica alba upskirt	1
update skype	1
lowes cabinets unfinished	1
xbox live	1
dreadnought beta	1
the jungle book (h and v m.w version)	1
the phantom of the opera - theme song	1
does this look unsure to you	1
nightmare fredbear voice	1
r/nfl	1
wet seal	1
shadow of mordor orc names	1
nude actress	1
318 mopar rod angle	1
318 mopar rod angle 90 degrees atdc	1
this is my heartbeat song	1
rc 02.03.07	1
girl scouts of kentuckiana	1
topix georgetown ky	1
roosters	1
myfreepaysite.com	1
how to upload a powerpoint to youtube	1
death parade	1
mp3xd.com	1
reddit airvpn	1
the creaturehub	1
ebay	1
room essentials 9 x 9 gazebo	1
how to pay for college if below poverty guidelines no loans	1
peter denies jesus three times	1
elite dangerous horizons xbox one release date	1
fox news	1
sawfly on roses	2
how to get rid of sawfly larvae on roses'	1
gunbroker	1
craigslist	3
dick's louisville cardinals	1
esl esport	1
powerball	1
how to reset oil life on 2001 gmc sierra	1
atsko silicone water guard	1
jimmy fortune more than a name on the wall	1
black wives tumblr	1
games	1
plane camp wright paterson air force base	1
cost of living in ketchikan alaska	1
great wall of china facts for kids	1
how to paint aluminum cans	1
クックパッド いちご大福	1
ky lottery	1
hazardous waste site that initiated the superfund program legislation was located in	1
one eyed monster ron jeremy	1
who was king canute	1
woman within	2
louisville traffic cams	1
san jose sharks lines	1
louisville homes for sale	1
homes for sale in louisville ky	2
bankruptcy records louisville ky	1
tenderloin recipe louisville ky	2
60 frames documentary	1
it is the combination of elements within the _____ that provides the overall meaning of the shot or scene.	1
vaginas,pictures	1
craigslist scammer names	1
broodmother boots of travel web	1
westvale abbey	1
blood in stool is called	1
eastern little league lexington	1
rtic	1
carolina beach	1
it's fun to do bad things	1
123 salon	1
peter abelard	1
prezi	1
chase	1
garcinia cambogia or florsokine	1
priceline car rental	1
lutheran hour sermons	1
where to put a leslie simulator in the chain	1
what color countertops for cherry cabinets	1
stardew valley willy	1
sharon inouye delirium	1
how to cut the latest mens hairstyles	1
print targets	3
hammond berries baseball rooster	1
synonyms for untypical	1
jim rutledge	1
twin angel	1
ryobi	1
demon sex game	1
maker's mark american pharoah	1
paradise by the dashboard light	1
reddit ps4	1
tantric sex	1
puss in boots 2 full movie	1
u turn	1
hmo hsa	1
premium gold look snake chain with snake head and tail detail, longest drop 56cm by freedom at topshop. metal.	1
witchery gather neck trapeze top	1
true religion jeans becky bootcut mid wash whisker jeans	1
aeo tiered babydoll shirt	1
blondy hautenge röhrenjeans in weiß	1
make cool animations	1
best place to sell e scrap	1
stomach flutters and very strong pulsing in tummy	1
when does your soul go to heaven	1
inspiring	1
the vulnerability-stress hypothesis of schizophrenia states that	1
jacques seligmann gallery and lot and his daughters	1
ulysse protégé par mercure des charmes de circé	1
student in bfa and studio art and wku	1
creative sketchbook	1
fiona robinson horizon sketchbook	1
ffxv shiva	1
agnis philosphy	1
cbr 600 cam chain tensioner adjustment	1
kshanam movie review	1
marlene's mulch	1
nexus mods unlimited follower	1
hannibal lecter profile	1
1995 mercury cougar xr7 owners manual	1
make your own shoe stretcher	1
show where brides compete for cosmetic surgery	1
maria brink	1
metal sign {grow old along with me the best is yet to be	1
metal sign {grow old along with me the best is yet to be 12 x 12	2
tire discounters	1
indy 500 2016	1
palavras homógrafas	2
sgt. major miguel filpo kidney	1
bilingual verbal ability tests (bvat)	1
animenetwork on ps3	1
funimation	1
worldstarhiphop	1
샘김 유희열형님이 존대말하는게 어색	1
john wanamaker pa	1
car rental discount code	1
how is the data threanted on a ddos attack	1
how does spoofing effect the data of a company	1
how does a trojan affect the data	1
best protection against spoofing	1
mad scientist inventions	1
windy hollow speedway	1
windy hollow speedway rules	1
tampa bay bucs	1
under l1a and l2 status	1
jane yellowrock 3	1
fallout 4 custom radio	1
kenton county animal shelter	1
north carolina house boat rental	1
kfc coupons	1
azlyrics	1
house build guides	1
iron 883 for sale	1
hentai manga	1
oculus rift	1
rodney j. lipp	1
3821 huntington ave, 55416	1
fertilizer for golf course greens	1
charles reynolds carter county kentucky	1
5025583473	1
june kombusha tea recipe	1
curse client	1
rick pitino	1
casi nova porn star	1
conservative treehouse	1
hotgas facebook	1
recent actor deaths	1
adding a straight edge to a double crochet chevron	1
perro aguayo	1
mmpi-2 test	1
camping world of richmond	1
nude winchester ky	1
cherry poppens	1
walmart near me	1
usbank	1
ticoandred.com	1
egalitarian societies have no social groups with unequal access to power, prestige and resources	1
does the presence of tools mean culture existed? quizlet	1
biologist use the term race anthropology	1
kentucky unemployment	1
0xc000007b	1
time warner cable	1
universities near aberdeen proving ground md	1
k lair	1
wkytnews	1
funeral homes in shelbyville kentucky	1
diamond lake	1
www.facebook.com	1
anti-immigrant, nativist sentiment was well supported at the government level during the late 1800s.	1
what monster are you test	1
only love can break your heart lyrics	1
desperado lyrics	1
we like each other and want to take it slow	1
wow add ons curse	1
futanaria threesome	2
futanaria	3
futanaria stefani	1
shemale big cock masturbation	1
white girls pawgs bbws w huge natural massive breast obsession pics images	1
rotten onions com	1
2004 volvo xc90 reviews	1
sunrise at camp apollo	1
lbar	1
tim short ford flemingsburg, ky	1
university of louisville online degrees	1
wow keyboard and mouse	1
twitter	3
devon sawa	1
dex boat safe code	1
s5213w cpu upgrade	1
update the unitprice for beverages only by increasing it by 5 percent	1
add grouping by access	1
wynonna earp	1
tumblr justduet swain	1
tumblr birbs swain	1
"league ""dodge immediately"" site:forums.na.leagueoflegends.com"	1
gem glow	1
drop box	1
shimano clipless and shoes	1
indian weddings	1
toys r us	1
vporn	1
clint hallam	1
how to make really good bubbles	1
small engine parts	1
briggs 126302 0776 e8	1
i saw in spanish preterite	1
kusay karen song	1
shirt woot vinegar smell	1
kc chiefs	1
whr 140 culligan with no filter just blank	1
paleo diet	1
discrimination against appalachians	1
pat and jen flying planes	1
how does the urinary system work with the lungs	1
unturned ids	1
schmoop invisible man chapter 13	1
hide minecraft server ip	1
rebelle locks	1
rj corman address	1
lexington commercial real estate	1
son of anarchy	1
online checkers	1
apc back-ups bc1100u-tw	1
eaton ellipse pro 650 iec	1
pastoral epistles themes	1
paul's understanding of the role of women in ministry based on the pastoral letters	1
1185 larmon mill rd alvaton, ky 42122	1
yahoo.com	1
realtor.com bowling green	1
4212 mt lebanon rd, alvaton, ky 42122	1
how much house can i really afford	1
urgent care walton ky	1
games for girls	1
kering	1
play music over skype	1
pixelmon vulpix	1
how to tenderize ribeye	1
does active involvement matter in selling a sole proprietorship	1
bioware new ip	1
canvas murray state	1
pizza hut murray ky	1
meme maker	1
apps for the zte maven	1
free books by mail	1
diablo3	1
nfl draft grades 2016	1
barry edward boggs middlesboro detention center	1
gameflip	1
hunter md pet macro	1
beast mastery talents	1
sunfish	1
andrea mears	1
kvsi channel 12	1
mockingbird soccer	1
realty one louisa ky	1
19 burgess rd louisa ky	1
earn to die 3 hacked	1
2012 peterbilt 587 value	1
how to tell if a stamp is tagged	1
us tagged airmail	1
big lots	1
beba i sluzba bezbednosti i zoran dindic	1
paypal login	1
whiskey and sore throat	1
mavwar	1
motorola tube base stations	1
furniture liquidators	1
ojjdp on private sectors	1
tesla lyrics and guitar tab heaven's trail	1
3 men on a mountain	1
akira	1
what causes a fuel injected car to flood	1
grilled chicken caesar salad	1
waw zombies t4m	1
rosegardenflorist.com	1
leappad 3 free codes	1
have o breathe very deeply to get a full breath	1
ice maker leaking frigidaire	1
wdrb news louisville	1
4515 spring bay court, louisville, ky	1
jennifer lawrence	1
teamviewer	1
dell webcam central download e7250	1
90 degree gearbox	1
best gifts for mother's day	1
hair colors	1
egfr lentiviral	1
cafe lysander	1
american pharoah makers mark	1
mla cite	1
i found the missing piece lyrics	1
love holds our family together ring	1
airport key west, fk	1
lava stun taser	1
google docs	2
crusader tank	1
gays in russia	1
mutf:prdsx,mutf:vexpx	1
sin drive pics	1
how to see if your paypal is verified	1
gamestop	1
lettuce grow in shade	1
how to use macrs depreciation table	1
blu dot	2
india visa	1
pranesh comedy	1
boat tours in panama city beach fl	1
hohm work batteries	1
ejuice for sale	1
asin b00xgeyu26	1
american sign language classes corbin ky	1
nexus 6p 128gb	1
crop image to specific size	1
shut up and dance	1
jontron twitter	1
dual credit eastern kentucky applicatyion	1
pre built decks	1
pengu	1
zara never forget you sheet music	1
dream of two white lambs	1
premier league table	1
best vaporizers for under $200	1
watch forgetting sarah marshall	1
bryson tiller	1
gastroenterology of southern indiana	1
bts forever young album download	1
birthstones	1
exercises for tennis elbow	1
n-phenylacetyl-l-prolylglycine ethyl ester	2
diy eye glass nylon	1
waze traffic app	1
video show lab for pc	1
wthr	1
how to sell your soul for something in return	1
coraline full movie	1
ken dow on klif radio	1
hdmi antenna	1
xbox hard drive	1
classical conversations	1
xbox live status	1
c9 balls stats	1
barron's ap statistics pdf	1
twisted fate	1
quinn counters	1
colorx-3d	1
puzzles for middle school students printable	1
kick ass torrents	1
samsung gear vr	1
kroger	1
a pea in the pod	1
“if you can recruit a memory to maintain physiological comfort, at least subjectively, that could be an amazing and complex adaptation,”	1
don't let the past remind us of what we are not now meaning	1
josh forsee	1
phone book	1
google	1
cascading style sheets	1
fuzzy logic uses approximate data gathered by experiences rather than fixed and exact facts	1
displays a subset of data from a table based on the specified criteria	1
uses a dedicated connection between two points with the connection remaining active	1
250v capacitor can i use for welder	1
how do i make my google search private	1
family search	1
nysds	1
recipes to make with rice noodles	1
kevin lasean twitch	1
jesus interpreted his own parables	1
if a destructive program is running that might be destroying evidence, what should be done?​	1
what should be the first step of a response policy?​	1
dark classical music	1
trailing column pointer function	1
katherine louise cox poetry.com	1
speed test	1
le morte d arthur themes	1
having a colonoscopy at 6:30am when should i start the golytley?	1
superdrol	1
blu dash jr w d141w gsm dual-sim android smartphone	1
evol future	1
creation of james b beam distilling company ky-drb-230, genuine regal china, c. miller 1967	2
does turkey tail mushrooms contain polysaccharide k	1
what does polysaccharides do	1
playmate hunter	2
c.f. callihan, director of development email	1
just k @vannkalen	1
amolatina	1
502 564 4581	1
old national bank	1
shelby ohio zipcde extension	1
usps schedule pickup	1
dolphin emulator msvcp.140	1
how to speed up twilight princess dolphin	1
opportunities for wireless networls	1
lulu	1
pin up girl	1
everlast contoured slimmer belt	1
stag arms model 3 upper	1
stag arms model 3 upper for sale	1
coc cheat engine 2016	1
organ trail fishing	1
icee machine	1
patrick patterson	1
force damage 3.5	1
falling damage d&d	1
mla citation	2
which of the following countries were former monarchies?	1
whatever comes my way	1
watch outlet online	1
oulet watch	1
oasap	1
just words	1
slave porn	1
247 2016 basketball recruiting rankings	1
why does japapeno have a j and habanero have an h	1
pho soup broth	1
thepiratebay – thepiratebay.se	1
torrent reactor	1
beginner guitar lessons quick-start series	1
nicholasville ky	1
you	1
hispanic family culture	1
281 fairgrounds dr, lexington, ky 40516	1
how do you find people on steam	1
naked buts	2
ariel vs. the bell jar	1
wana rv	1
2014 heartland north trail 22fbs floor plan	1
colerain rv	1
corpse party chapter 3 hidden message	1
china politics	1
difference between realism and modernism	1
thesaurus senses	1
to sleep to dream	1
abby rose porn	1
2005 gmc envoy 4x4 transmission	1
glasgow daily times	1
rebuilt 2005 gmc envoy 4.2l 4x4 transmission	2
2005 gmc envoy 4.2l 4x4 transmission part number	1
pothos	1
berklee college of music notable alumni	1
lone survivor	1
sports of all sorts mt zion	1
suddenlink	1
friv	1
naruto haku x reader lemon	1
glass door	1
where did paul stay the longest	1
grand chien full metal jacket	1
brooks orpik	1
river pines rv park new richmond ohio	1
mens american rag jeans	1
mens american rag jeans slim straight clark fit	1
mens american rag jeans clark fit 36x32	1
vathara	1
audio recorder	1
dead of summer	1
brandi mahon photography lexington ky	1
www.outlook365 log in	1
9. what are the basic consequences of job dissatisfaction in the workforce? coursehero	1
wwe full dvd torrents	1
meatless nutrients	1
watch kazaam online free	1
us history vol 2 chapter 25 quizlet	1
the roe vs wade supreme court decision quizlet	1
bctc	1
shiny wet look fetish	1
milf shiny porn	1
how to clean birkenstocks	1
montelukast sodium	1
how to lower outter zoo walls zoo tycoon 2	1
the last of us hints	1
theme hunters	1
gaara wants a hug	2
crunchyroll guest pass	1
how to enable programs on startup windows 7	1
small engine repair books	1
dofus forum	1
bergdahl	1
med care pharmacy florence	1
ray boltz	1
design a dns namespace for your organization	1
list the steps you took to configure serverc and take a screen shot of the connect to dns server dialog box by pressing alt+prt scr and then paste the resulting images into the lab 12 worksheet file in the page provided by pressing ctrl+v.	1
