yankee artifacts	1
ken kokubo arlington	1
library gordon college	1
baystate	1
horse valley tutorial	1
outline map of africa & mid east	1
jane levy	1
amber heard	1
hodgetwins	1
when does everyone find out harutora is yakou	1
need a place to stay i'm getting ssdi	1
monster jam 2016 concert	1
elon university	1
best nursing schools in massachusetts	1
best accelerated nursing programs in massachusetts	1
worcester polytechnic institute dining services director	1
mass gov general laws	1
chronic lymphocytic leukemia	1
square footage calculator	1
how to make someone an admin on facebook	1
www.rmv	1
dnd fey wilds	1
error c19001 -40017	1
taylor spreitler	1
emily tennent	1
nobody gets out alive	1
dragons of atlantis scripts	1
taki's	1
ilana mercer	1
difference between chevrolet impala ls and lt models	1
pururin	1
usp 795	1
craigslist	10
setting of in cold blood	1
what was capote's goal in cold blood	1
pedophilia in in cold blood	1
weather	1
precision digital corporation	1
brad lepecier	1
psych curve	1
tchaikovsky 1812 overture	1
guitar tuner mic	1
joseline kelly	1
eva magni	1
avengers alliance 2	1
sports zone reading ma	1
espn mlb	1
microcenter	1
emancipated minor	1
boston fleet week 2016	1
simple jack scene tropic thunder	1
714-396-5348	1
wd55fx1180	1
tennis bats	1
metallochaperones	1
metallochaperones meaning	1
boston university vs hamilton college	1
target fenway parking	1
snapfish	1
grim reaper taking a shit pics	1
immediate dentures eating	1
will a bad cover letter hurt me	1
flcl ost	1
falcon crest lodge	1
flight from boston to calgary ca	1
air canada	1
ralp	1
drake take care album download zippyshare	1
g eazy new album download	1
mother's day gift ideas	1
linkedin login	1
best knee pads for construction	1
yahoo	5
salem international university	1
using emr to share infor	1
face	2
middleboro memorial early childhood center	1
software to draw anime characters	1
shuttle dc to bwi	1
super shuttle discount code	1
rosslyn metro lines trip planner	1
claridge house cooperative	1
youtube to mp3	3
lady antebellum concert playlist	1
everett credit union home banking	1
banished việt hóa	1
tải game tính phí cho android	2
web whatsapp	1
maan and geet love scene 91	1
maan and geet love scene 128	1
maan and geet love scene 139	1
nexus 6p cases	1
comic book movies	1
cell phone should not be allowed in classroom essay conclusion	1
solideworks cswa certfication	1
skateland haverhill	1
where are he cheerleaders during basketball games	1
intel socket mp6a479m	1
wheat flour for pancakes	1
itunes	1
csi cyber	1
is the amazon rewards visa card good	1
"for sale maine ""3 cabins"" waterfront"	1
tokyo pop	1
vintage thermos king seeley pint size blue and white	2
what was per capita gdp in 1930	1
lescon public school	1
amazon laptop computers	1
1999 mitsubishi 3000gt	1
riple 9 (2016) english subs	1
franklin income fund cl a	1
be technologies	1
poro wallpaper	1
nutrobal	1
riverfront project in attleboro	1
facebook	23
what is the process for recalling the mayor in attleboro	1
attleboro municipal law	1
article 9 of attleboro city charter	1
icd 10 stroke with hemiparesis	1
icd 10 dysphagia	1
instagram	1
20 day st fairhaven ma	1
university of rochester declining dollars	1
ms config en windows 10	2
female	1
franklin mass police	1
lanesborough ma police	1
mass police patch collectors	1
playoff brackets	1
gtx 960 vs 670	1
will 3d studio max benefit from sli	1
command creations 1.9	1
command creations 1.9 lucky blocks	1
texas intruments number	1
a land before time sarah i found it	1
lucy pinder	1
22 alexandra drive freetown ma	1
dark souls 3 progression map	1
dark souls 3 dancer	1
dark souls 3 npc summon dancer of boreal	1
dark souls 3 best boss weapons	1
coolidge corner theatre boston ma	1
mulheres apaixonadas trilha sonora	1
kodachi	1
udo jin-e	1
ra.one full movie with english subtitles	1
cull lwague of legends	1
lole azura tankini top	1
nike optic shift v-back tankini	1
desert twilight 2137-50	1
1497 rolling hills	1
benjamin moore best yellows	1
high country gardens coupon	1
verizon webmail	1
photography blogs	1
are weddings ring a gift and therefor the property of the spouse	1
lowes	2
wookiee sound	1
attica	1
zg1000 headlight upgrade	1
society of vape	1
zg1000 headlight bulb	1
cuttwood juice	1
lebanese rice	1
patient portal	1
how many watts are 4' lcd light tubes?	1
bjs carrer	1
classic porn	1
projectfreetv	1
unemployment ma	1
republican delegate count	1
gogecapital	1
is batman vs superman a good movie for my 8 year old	1
buddy roche	1
how to uninstall unity web player	1
where is unity web player installing on my computer	1
nicest leather moto jackets	1
cat thumbs	1
amtrak boston	1
peter dinklage	1
adidas cleats	1
cutters gold gloves	1
homeless twinks	1
alan grayson	1
education 2016 jargon	1
old navy	1
sears rototiller	1
greg grove sells lighthouse nursing care center	1
marshalls	1
fitting synonym	1
dfo how to upgrade item grade	1
dfo heaven's luck sword	1
low income senior housing in ct	1
merit construction alliance	1
heroes 3 block monolith	1
kissmanga	1
transferring data samsung s4 to note 5	1
mychart cha	1
france 5 en direct	1
kpmg corporate tax rates	1
the cinema my blood is full of airplanes	1
bill clark uab wiki	1
gmail	6
amiodarone adverse effects	1
the english rhubarb upside down cake	1
tracing art projects	2
discord mic is choppy	1
discord mic stuttering	1
second decan virgo third pisces rising decan	1
moon sign decans	1
hamlet movie	1
amazon	9
play-n-skillz ft. daddy yankee – not a crime instrumental	1
xampp	1
brew fuish	1
sql export to csv with double quotes	1
ddr song list alphabetical	1
pashet ozmafia	1
game of thrones time	1
kasabian underdog	1
how to get pictures to fit on adobe premier	1
dripworks irrigation	1
pop-up riser in drip system	1
atlantis hardscape	1
windows 7 software dvd	1
vnc viewer	1
air jordan iv cool grey 2014	1
regal cinemas berkshire mall lanesboro ma	1
aa coins	1
tradutor	1
visualize spring boot actuator metrics	1
home away	1
mortgage affordability	1
tiaa cref login	1
best place to meet singles on cape cod	1
i believe 葉文輝	1
taboo – catherine – caught in the act!!	1
schools that offer midwifery programs ma	1
mcphs nursing program	1
"""dpa"" ""industrial use"""	1
chelsea defeats diesel plant	1
chelsea mill creek park	1
tainies zoula gr agatha	1
wonderland ri	1
town of salem	1
importing photos from facebook to instagram	2
tokio hotel	1
jukin media verified (original)	1
n3twork twitter	1
underswap	1
rpg maker missing rtp	1
kettlebell workout	1
ninjago games cartoon network	1
natural sleep aids that you can take every night	1
can you take simply sleep every night	1
1968 gibson es335	1
how do you pronounce allopathy	1
lenovo 2.11 where is my cursor	1
lenovo yoga mouse not working	1
usa ultimate	1
raybans at costco	1
2014 影响因子	1
quantum computing	1
michelle almeida cantora	1
dark souls 3 swamp	1
lease option carrington real estate country club hill il	1
spyware removal	1
yosuga no sora gif	1
does using a red eye orb give human dregs	1
recette sauce au foie gras	1
inbox dollars	1
painkiller cocktail	1
the danish girl	1
top game soundtrack download sites	1
a realm reborn soundtrack torrent	1
cock holded	1
shelves for cats	1
5k races in western ma	2
thoreau la désobéissance civile	2
rufus download	1
perenial vines	1
star ledger obituaries today	1
norweigein 50% off excursions	1
can i take oxy if i'm taking suboxene	1
why are the leaves on my majesty palm turning brown	1
bath ,nyh	1
eu4 brandenburg ideas	1
mirdan hammer	1
957 commonwealth ave. boston, ma 02215	1
left 4 dead 2 remastered	1
8muses	1
free one piece games	1
free one piece episodes english dubbed	1
condescending	1
rugs	1
www.offeractivate.com/cap2	1
orianna build	1
mcdonald's menu	1
edwardian literature	1
watch cooking with julie streaming free	1
food coops	1
watch vikings season 4 episode 1	1
ihop	1
quotes about being a mother for cover page on facebook	2
gtx 970 vs gtx 960 4gb ftw	1
replacing graphics card macbook pro	1
amazon basin d2 forums	1
catamaran trapeze harness	2
fedloan	1
internet explorer 11	1
campgrounds on the north shore massachusetts	1
hampton	1
are all peanut butters vegan	1
ebay	6
pearl jam state of love and trust	1
pearl jam setlist	1
car rental milford ma	1
youtube john travolta guest on the larry king show	1
apa cite website	1
mia chung	1
seiko corpse party	1
woods hole oceanographic institution	1
advanced warfare ps3 mod menu	1
eliana aquino	1
couchtuner fear the walking dead season 2 episode 4	1
cranberry specialty hospital middleboro ma	1
sylvan nursery barn fundraiser	1
vnc server	1
you tube	1
usaa	1
best games to use flight stick	1
trainer balisong	1
granola bar recipe	1
pga	1
pga golf academy	1
nice guys trailer	1
american history x	1
use of black and white in american history x	1
project mercury facts	1
lahey clinic jobs	1
abington ma drive	1
algorithm design practice problems	1
tell if 2 lines are identical	1
java matrix inverse	1
tyga careless world	1
rawwest alive tyga	1
telepopmusik angel milk m4a	1
bullets travel at mach	1
google classroom	1
bed bath and beyond framingham ma	1
craigslist nh	1
classical republicanism definition	1
bulbapedia	1
www zynga com farmville 2	1
abc	2
dect cordless phone drops call	1
leek and potato soup	1
pumpkin crisp	2
masslive	1
best places to pick up women	1
pressure cooker soup	1
hbo hd on rcn boston	1
brain power korean version	1
cutting globes	1
upgraded to windows 10 and computer is slow	2
windows 10 upgrade messed up my computer	1
replacing drywall ceiling section	1
plos pathogens, sham sigirr	1
cavanagh stadium	1
prestige pillars of eternity	1
lemonade full album	1
urban sprawl	1
yyou	1
wildstar	1
student of the quarter 2016 first quarter	1
student of the quarter 2016 first quarter somerville argenziano	1
ark throw shoulder mount	1
bravely defualt chapter 7 subquests	1
ten and under	1
let's drown out	1
blood build engine	1
duke university rape cases	1
myrtle beach medical center	1
cruiseport gloucester wedding cost	1
sudden sensitivity to light	1
williamstown, ma, highland woods, sr housing	1
old town canoe sailboat parts	1
s02e04: bloodline	1
greek bloody sheets	1
nfl -draft	1
arnica montana 1000	1
trigger finger	1
www.gmail.com	1
amtrak	1
transfusion journal	1
jetblue mastercard anual fee	1
loan depot	1
seargent growlblade	1
buying sirrius radio equipment	1
staples poker	1
bulimia	1
capitulos 50 completos de novelas colombiana pura sangre	1
missy fernald	1
blood team	1
the troubles	1
twisted fates real name	1
trumpet vine	1
green village cabins, 476 daniel webster hwy, lincoln, nh 03251	1
french onion soup	1
black teen suck big cock	1
how to order data in r and get top 5 in rodbc	1
how to use order function in r and get top 5	1
log line	1
ing	1
watchseries	1
couch tuner	1
pizza mia stoneham ma	1
real kosher jesus	1
how to tell if pomegranate is ripe	1
umass lowell final exam schedule spring 2016	1
peaceful mmo	1
swg	1
ap physics practice test	1
ap physics c	1
abington athletic club	1
things to do in acadia national park	1
lcca of roof types	1
best budget work gloves	1
how to put on crayon eyeliner	1
types of propaganda in ww2	1
war bonds	1
what are war bonds	1
lupine	1
dinosaur furniture	2
zillow	3
peabody ma gis online	1
aol mail	2
excel 2013 purpose of left and right functions	1
sun country terminal bos	1
niterider mako 200 usb headlight	1
brooks microfiber bar tape	1
digimon masters online	1
wow	1
large flowering hostas, shade	1
bed bath and beyond coupon	1
coupons, walmart	1
16:9 background fire department	1
new haven craigslist	1
cleveland craigslist	1
abortion restrictions introduced	1
things to see cabot trail	1
nsbiketouring	1
annie touring 2016	1
rau318hwds	1
movierulz	1
ambati rayudu harbhajan singh	1
rasagulla price haldirams india	1
citrus payment review	1
pickles indian cuisine	1
haldirams	1
print curtains	1
powerball	2
sat test	1
gisele bundchen	1
elevation brown color	1
elevation map colors	1
lumber tycoon 2 electric wood map	1
best multiitam for over 50	1
here an i buy natursway alive	1
how to get even with a coworker	1
advantages of walking marriage	1
animal jam	3
pokemon sun and moon	1
astro hotel, venice, ca	1
why themes in preschool	1
using rti in preschool	1
img editor	1
bully img editor	1
img editor for bully	1
bully board	1
africam	2
fedex tracking	1
restaurants near me	1
unbreakable bong	1
show the area of net profit (or loss) under perfect competition for planes as the difference between average total cost and the average revenue (or the price). (note that boeing’s profit is the number of phones sold times price minus atc.) what will happen to the price of planes, to sales, and to profits when airbus comes out with a new plane?? what happens to the industry and the number of companies under competitive conditions? why?	1
philadelphia unemployment rate	1
bell pepper health benefits	1
organic fertilizer for lawns	1
2016 prius	1
bumper sticker laser paper	1
lowell spinners	1
cupcake charlies	1
watch tv online free	1
salt water battery how it works	1
methuen showcase cinemas movie times	1
6502604037	1
жёлтые яйца китайцев	1
aisc steel availability	1
aaron carter	1
lowes rose trellis	1
national grid	1
food service gloves target	1
arm feels bruised	1
sketchup can't create guidelines	1
watch terminator online	1
john deere 3800 psi pressure washer price	1
cajun hick slang	1
firefly bikes boston	1
bmw	1
snapchat	1
ford coyote emblem	1
bakery delivery	1
sailor moon drops earn gems	2
hentai haven	1
reallifecam	1
4chanb	1
ted cox pornhub	1
latinboz	1
pantsed full frontal	1
massenet	1
match.	1
there is a lump on my lower back	1
prison birth project	1
purdue owl	1
euronews live	1
crafty carol	1
a6s acc cap	1
walmart chicopee	1
davay pojenimsya	1
get fpv	1
zippy compact 4s on miniquad	1
colorblind artists	1
blank air space radiohead	1
the chickening	1
are you indigo test	1
radiohead true love waits	1
blade liger model	1
orianna icon	1
tufts bio seq	1
old spice spray wholesale	1
peter liang	1
sanofi genzyme internships	1
xaluan	1
whats going on in manhatten right now	1
mrtstub windows 10	1
quilting arts magazine	1
speedrunslive	1
rogue legendaries hs	1
song with most swear words guinness	1
drive	1
ratchet & clank movie	1
28 country club heights monson ma	1
magda apanowicz	1
mia farrow	1
ferienwohnung salzburg stadt	1
foolin songfacts	1
brake light sensor for go kart	1
cosentyx director summary	1
puerto rico real estate	1
bedbugs disaster what to do	1
side effects of ginger	1
nytimes	2
sequoia	1
sensitive throat after pneumonia	1
psu	1
hitch sockshare	1
ruby tuesday fayetteville nc menu	1
league of legends what does loss prevented mean	1
.aip extension	1
sexy one piece bikini	1
readers choice awards	1
letters symbols	1
office 2013 ativador	1
game of thrones season 6 episode 2 online	1
symmetry financial group	1
eversource	1
ver record ao vivo	1
yahoo mail	4
make a wish foundation	1
the two critical steps required to make sure that data can be accessed by approved users and no one else are _____	1
diablo 3 season 6 level 70 monk build no gear build	1
smells like ass	1
midway auto	1
umass libraries	1
knit lite	1
the woman warrior	1
max msp ezdac off	1
rodchenko mfa	1
the fifth watches	1
umass boston	1
peabody phonebook	1
otherkin	1
penske truuck rental	1
flagship cenemas	1
wiki san francissco	1
suzuki dealers nh	1
dios no esta muerto dos	1
bed bath and beyond	1
casio wk-6600	1
greta van susteren	1
"""valerie mcgowan"""	1
best crossovers	1
lavender plant	1
new honda accord 2017	1
30 minute high protein meals	1
dat boi	1
eve jackdaw pve	1
bc tent	1
when can i plant basil outside	1
xiu xiu into the night	1
beach house band	1
blink 182	1
esv reader's bible six-volume set	1
neil ferguson	1
argo cycles	1
dodge avenger	1
charter.net email	1
christmas tree shop	1
gifv file?	1
logistic regression in r	1
generalized linear model r package	1
what is backtesting in risk management logistic regression	1
font family in html	1
phine that vapoes	1
hollywood artists with dreads	1
pork potato broccoli stew	1
fire emblem fates paralogue 4	1
beginning reading - students will understand the nature of written english and the relationship of letters and spelling patterns to the sounds of speech. 7.4 demonstrate understanding of the various features of written english: • know the order of the letters in the alphabet	1
xnxx	3
best schools for an economics degree	1
velocity of money definition	1
anywhere audio & more	1
honda odyssey 2017	1
woman in gold+hbo	1
online free tetris	1
thomas graves landing	1
sydni and daniel chavenson	1
bare ass women	1
myfoxboston	1
farruko	1
follando con mi madrastra	1
chico de 24 años	1
meniscus tear healing time	1
dr mcginnis concord orthopedics	1
is melamine safe for babies	1
pandora	2
csgo gametracker	1
survey about reading for kids	1
ruth culham writing rubrics	1
state and local taxation pomp 8th edition	1
pomp state and local taxation thumbdrive used	1
soundcloud	1
little tai cafe	1
bruins 2013	1
beaver	1
alibi boston	1
yugoslavia break up summary	1
xvideos.com	1
epicurean	1
facebook messenger app	1
john arthur maclean	1
b severinsky scleral lenses	1
dhoom 2	2
fatmire breshani	1
just cause 3 combination	1
eversource customer service	1
ocean park blvd and 6th street santa monica ca	1
help cat adjust to new home	1
foxboro recreation	1
wybsa	1
craigslist southcoast	2
paneer	1
stumbleupon	1
gtav cant edit social club overlay	1
how to disable social club in gta 5	1
gtav how to change social club key bind	1
open innovation examples	1
ron brace cause of death	1
buy edibles online ship anywhere	1
marijuana candy buy over internet legal	1
marijuana gummy bears effects	1
cyber sleuth attack or int	1
msad 56 searsport maine	1
virginia beach public schools	1
laura pyper	1
cnet digital camera	1
275/55r20	1
return of the trilogy	1
basement gardening vegetables	1
taylor grand auditorium ce 414	1
you t	1
image synonym	1
https://cbphotovideo.s3.amazonaws.com/uploads/photos/2016/04/03/03/39/8d622ec3a8babc78fb2e6d40bb8db53f63bd270a_500x500.jpg.cb_watermark.jpg?signature=zya15cacyolf4w91obweks5nwpq%3d&expires=1462176310&awsaccesskeyid=akiaieg2qmichlpnqvla	1
bjork	1
dom perignon 2006	1
chestnut hill realty harvard square	1
hampshire and hampden canal westfield ma	2
chefsteps	1
how to enter the pit galaxy of heroes	1
2010 gq magazine 300zx	1
saab 900 turbo apc red box	1
ebay saab red box	1
voyager pictures of earth	1
fancy tie shop in usa	1
designer ties	1
shoe cabinet ikea	1
rooster no crow collar	1
50 camp st, paxton, ma	1
luis rodriguez worcester ma	1
inherent vice	1
toys r us	1
youtube telugu comedy videos	1
rice with beef broth and french onion soup	1
solving 2 by 2 matrix	1
christina model	1
max plx temperature	1
bloomberg	1
like a comet lyrics	1
"""the clipper grinder"""	1
motor torque constant	1
apush john steinbeck grapes of wrath	1
mass media definition	1
popular culture music	1
bloons tower defense 5	1
genvideos.com	1
how to check sat scores	1
comm fire hiring process	1
houses for sale near new bedford ma	1
dildo condom girl	1
rip chop gta v	1
lspdfr download	1
ported exhaust manifolds/crossover	1
types of organizational structures in banking	1
functional strategy in banking	1
john's garage austin, pa	1
מתי כספי	1
dark souls 3 purgin stone	1
skindex	1
my pillow.com	1
dark souls 3 nexus	1
dark souls 3 builds	1
futae no kiwami	1
quiet mgs hot	1
quiet mgsv helicopter	1
point of view in vertigo	1
louder with crowder	1
the best tour in vieques biolu	1
ap scores for a 5	1
technical skills for a resume	1
156 porter street	1
papasan cushion cover replacement	1
7 mill hill farms rd egartown	1
7 mill hill farms rd edgartown	1
dried ancho chiles	1
hgtv smart home	1
certified g	1
election of 1948 apush	1
bathandbodywords	1
yankee candle coupons	1
bathbed	1
capitán américa civil war online	1
philadelphia craigslist	1
missy schatzl	1
scot mcgurl	1
scott mcgurl	1
soul catcher movie free download	1
home.fires	1
tours of italy in august 2016	1
powerball numbers	2
zamak	1
interview questions police officer	1
best online appliance website	2
burn fat meal plan	1
how to play go	1
soundboard	1
small flash for sigma dp2 site:www.dpreview.com	1
old flash safe for camera	1
la voile brookline	1
secret agent man	1
wumb	1
pvjsl schedule 2016	1
painting games online	1
"""chris pringle"" ""scott fisher"""	1
tache real estate salem	1
yuja wang/scarlotti	1
bok choy entree	1
529 plan	1
mass dor refund status	1
copa airlines	1
ecotarium	1
nintendo	1
chance 3	1
simmons residence	1
renaissance faire calendar list	1
introducing evolution with hhmi	1
daybed boston store	1
waning et al 2009 arv	1
comics in cars getting coffee	1
netflix sign in	1
3 ingredient beer bread	1
ea access	1
darby's bakery phantom gourmet	1
youtube	11
minesweeper	1
minecraft can herobrine join your world on pc?	1
video di venice florida	1
citta' di noceto italia	1
la gazzetta dello sport	1
adidas thailand	1
pinterest	2
adidas pink hat	1
pink victoria secret	1
fitbit.setup	1
la-z-boy.com recliners marv	1
la-z-boy maverick	1
dimensions of moo mini cards	1
square business cards	1
becket land trust & historic quarry	1
beckett historic quarry map	1
k1 speed top 10 kingston	1
the fifth wave sequel	1
bumper straightening and chroming	1
outbacktuff hose nozzle sprayer	1
goethe institut berlin	1
robert quinn unc	1
evan washburn delaware	1
syracuse vs duke lacrosse	1
plumpy nut	1
long division calculator	1
taylor swift	1
pulsatilla information	1
can i get a mortgage with a cosigner	1
20 gold st waterville me	1
application for immigrant visa and alien registration	1
new technology for health insurance carriers	2
invincible reins	1
onyxian drake on 10 man?	1
piratebay	1
toms llama backpack	1
slitherio	4
tracer core testing aperture science	1
planetside 2 implant drop rate	1
why can't 1 photon decay into two photons	1
furry's theorem	1
prime one eleven	1
women who kill intimate partners longer sentences	1
what paint color for small living room wood trim	1
aspen dental east longmeadow ma	1
zig zag stitch by hand	1
friv	2
hearth	1
small but strong!	2
dir en grey american tour 2016	1
import file from desktop to putty	1
scp using command prompt	1
remote connection from command line	1
open a tar file linux	1
gow alternatives	1
"""the price of heaven"""	1
shantae sarcophagus	1
saint anthony shrine	1
bjs white tall planter pot	1
bjs trial membership	1
lexington tall planter	1
aol.com mail	1
runnings new hampshire	2
kookoo cafe	1
dark souls 3 wiki	1
old wolf curved sword full heal	1
dark souls 3 best parry	1
dark souls 3 can claws parry	1
manikin claw parry	1
refilling estus while invading dark souls 3	1
hespress	1
thewatchseries.to outlander	1
xristianskie stixi	1
www.nemba.org	1
gedbas	1
复方氨酚烷胺片 睡	1
proform xp 160	1
game of thrones season 2 summary	1
jalepenos in gloucester	1
mother's day poems for 3rd graders	1
map of africa	1
leon levin shirts	1
free teen anal xxx	1
societe genrale	1
nearly all wikipedia math	1
wotog dragon cthun	1
best cranesbills for zone 6	1
homestuck	1
extreme bass music	1
maisie williams	1
skydiving	1
cse image citation	1
bishop mcmanus worcester ma basketball	1
greek yogurt muffins no flour	1
top patent search firms	1
citing apa in powerpoint slides	1
dog ate oxiclean	1
playstation plus	1
megan brown	1
obituaries worcester ma	1
כמה זמן לוקח לשטף דם בפנים לעבור	1
how to get your first customers	1
marketing automation software	1
weed and feed safe for pets	1
women's skechers memory foam	1
womans size 8 1/2 sketchers	1
facebook login	8
ann marie rios freeones	1
krista james	1
dana vespoli anal	1
live stream game of thrones	1
fulltvstreaming reveiws	1
pirate game of thrones	1
hers rating software	1
where's my refund	1
paper store coupon	1
y8 game	1
the earliest ancestors of about half of all extant animal phyla can be traced back to the _____ explosion.	1
gastrulation is the process that directly forms the _____.	1
the distinction between sponges and other animal phyla is based mainly on the absence versus the presence of the distinction between sponges and other animal phyla is based mainly on the absence versus the presence of a body cavity. a complete digestive tract. mesoderm. true tissues. a circulatory system.	1
what is the key difference between a coelom and a pseudocoelom?	1
town of boxford ma burning permit	1
boston herald	1
boston.com	2
mattdevo	1
the electric company theme song youtube	1
zoboomafoo fling	1
totlasportek	1
create forest plot online	1
world health organisation diabetic retinopathy	1
bad girls don't die	1
hotel do colegio	1
vegetarian recipes	1
oral tolerance induction food antigen	1
destiny for beginners	1
uc berkeley	1
atp madrid 2016	1
where did destiny get their dance from	1
jeans for shuffling?	1
simmons college tutoring	1
liberty mutual	1
varilux	1
universal values	1
hsn	1
a human bone marrow cell, in prophase of mitosis, contains 46 chromosomes. how many chromatids does it contain altogether?	1
reproduction is a means of creating new individuals solely by	1
how did doctors harvest and culture cells from henrietta lacks?	1
did doctors ask henrietta lacks’ permission to take her cells, and was she paid for them?	1
what property of henrietta lacks’ cells was most unusual when they were grown in the laboratory?	1
which one of the following statements about energy is correct?	1
an enzyme is a protein that	1
insightly	1
target wood box chalkboard	1
firefox	2
delta airlines	1
run payroll	1
kim kardashian sex tape drinking urine	1
urban legends	1
sheldon carpenter+isabella gower+genealogy	1
motorcycle shops around me	1
game of thrones watch online	1
steam no forum available	1
toshiba how to make it play games better	1
koi wo game ni shinaide english	1
boston bus niagara falls	1
mlb standings by league	1
donald trump birth control	1
espn	3
download bloody good time pc free	1
steam	2
p8800 cpu	1
dell studio xps 1640 cpu upgrade	1
td bank	3
ground pork gluten free recipes	1
trader joe's foxboro ma	1
straightline palm protectors	1
chris furlong pizza boston	1
luxury ptsd facilities	1
steve and kate's camp	1
tufts jumbo smash	1
king lear cape ann	1
sears	2
salvation army store	1
jeanine pirro	1
swtor chapter 3 smuggler not given	1
swtor smuggler ending	2
swtor dromund kaas droid demolisher	1
why hospitals do not take in fresh nursing graduated	1
navtex receivers	1
abr to gbr	1
refine edge gimp	1
autozone	1
42 inch flat sreen rental boston	1
complex sentences worksheet	1
lucifer season 2	2
rufus usb installer	1
iphone 5s	1
houses for rent westport ma	1
dvdfab hd decrypter	1
winx dvd ripper	1
chowny	1
path of the planeswalker	1
my mouse looks like it has a hump	1
saiko yonebayashi	1
tile store in plymouth ma	1
best tile plymouth	1
cute puppy names for boys	1
netoge no yome wa onnanoko ja nai to omotta?	1
rustic wooden step ladder	1
blue and gray crib sheet	1
blue and gray anchor crib sheet	1
2 pack blue and gray crib sheet	1
what is the power of the laser beam as it emerges from the filter?	1
nyt cooking	1
how to fill out deposit slip	1
firesky resort	1
cosine wave mastering physics	1
get name of directory python	1
in this problem you will study two cases of springs connected in parallel that will enable you to draw a general con	1
알몸집사 cg	1
backseat drivers from beyond the stars	1
why prevent suicide	1
bbc greg foot	1
ryobi d46ck.	1
black & decker 18v nicad drill/driver (gc1801	1
plus size wedding dresses	1
vows watertown ma	1
youtube rock n roll hall of fame 2016 chicago	1
affco website	1
flip phones aarp	1
funny words	1
gates millennium	1
vegetarian paleo	1
drake one dance download	1
analog travel clock with back light -sonic	1
clip watch with backlight	2
clip-on sports watch	1
amateur public sex	1
why does my sound echo on my computer	1
how to join an ip csgo	1
typhoon haiyan	1
humanitarian cell phones	1
after japan’s earthquake: how ngos can prepare for the next disaster	1
battery pack plus wireless speaker bss10	1
windows 7 not recognized xbox one controller	1
radiotimes	1
jadiann thompson measurements	1
jadiann thompson pictures	1
porn stars small tits	1
girlsdoporn	1
tristen macdonald instagram	1
doug yeo tape socks	1
mario bros deluxe	1
santander online banking	1
arbella insurance logo	1
lol na server down	1
missing_intestines_18	2
suave company wiki	1
fox.com	1
gateau au chocolat recette	2
girl farting on cake	1
buzzfeed	1
xfinity	2
hbogo	1
get funds	1
sky allociné	1
amazon prime	2
how many months can baby use swing	1
does loyalty level work in battle maison	1
sportster lean front ridgeback	1
sportster stalls out when revved at idle	1
custom motorcycle helmets for sale	1
cerrar affirmative tu command	1
towns in fo4	1
meme generator	1
gif generator	1
medical syringue	2
plate organizer	1
factorio mods	1
young black girl fuck	1
megaman composer minano	1
seljuks	1
modells	1
chastity lynn luna 57	1
star wars episode 3 full movie	1
how to make scrap mechanic run faster	1
planet records	1
new girl season 5	1
respond.census.gov real	1
why is netapp called toaster	1
newbury comics harvard square	1
flip text	1
mirror text	1
writerduet final draft	1
1ft7x3b68fec85748	1
110 grill	1
argumentative essay on rape and abortion	1
rape articles new york times	1
abortion because of rape articles	1
abortion pro choice essay	1
fisher price newborn to toddler rocker	1
elar	1
emulated ff 9 vs	1
play 3ds on twii u	1
how to undo deleting files on computer	1
espn nba scores	1
kindle first	1
temptation korean drama ep3	1
craftsman tools set	1
windows 10	1
αρνάκι στο φούρνο	1
boston guy baby whale	1
how to get hot keys runescape	1
1970 flym testors toy plane	1
tffrs	1
authentic self	1
frederick douglass	1
hdmi to dvi	1
visage manual cambridge	1
xb270h viewing angle	1
natasha obama	1
easy outdoor grilling recipes	1
grilled eggplant stacks	1
how to download minecraft optifine 1.9	1
pops a dent	1
hearthstone golden cards	1
kobe baffle filter replacement	1
communicative function of dreams in the therapeutic process	1
bar images restaurant	1
114 grozier road	1
lumens	1
green building advisor	1
divini redemptoris 1937	1
pc lightning returns dlc	1
you'	1
6 design principles	1
apple nano chromatic art style	1
sports authority	1
toys r us new york	2
microsoft store coming soon	1
most powerful mutant	1
yankpicking	1
weathertech	1
amoena	1
amino acid to kda	1
mannose 6 phosphate ldehydrogenase	1
blogilates fat burning cardio	1
polish uprising against russia of 1830	1
reddit celebs	1
the world ends with you	1
nameless performance	1
providence place mall	1
suicide shop full movie	1
puredwts	1
zach lowe twitter	2
rmv boston	1
how to insert title to a chart excel	1
ny daily news	1
huffington post	1
alquiler de verano en cerceda madrid	1
self driving construction site	1
usps	1
watch game of thrones season 6 episode 2	1
petitq pq42 striped bikini	1
lucien ledoux mol belgium	1
volnation	1
wonderwoman gang bang	1
puff the magic dragon movie	1
sympton swelling under eyes	1
exhibition fitchburg art museum triibe	1
shawn micek	1
necc email	1
african detroit cop dance loop	1
web development where to start	1
sams teach yourself html css and javascript all in one pdf free download	1
pipefitter apprentice	1
translate	1
blades align t-rex 450 x-xl	1
aol	1
www.weathervaneseafoods.com	1
cross country trips road planner	1
hyundai elantra 2013 review	1
hydragel	1
famke janssen nude	1
red house cassadaga ny wedding	1
css console give weapon	1
large array c#	1
store multiline string to string c++	1
lcharacter count	1
legal growers of cannabis in maine	1
ui error 1 qt	1
chef mike michaels	1
gelbooru maka albarn	1
tvtropes soul eater	1
sympathetic about ratly concerns	1
wra’s downtown urban revitalization plan	1
yourporn	1
convert pdf to word	2
condition for metastable equilibrium at 3 boundary junction	1
umass chemical engineering phd acceptance rate	2
netflix streaming no new releases	1
lake bell not in original wet hot american summer	1
long term alpha lipoic acid	1
mln library	1
whwhat is an opinion	1
i was only 19 lyrics	1
"aaron elkins ""gideon oliver"" series"	1
soul eater episode 5	1
mgk black flag	1
best cities for baby boomers to live	1
cat jumping sail	1
receitas de espetinhos de churrasco	1
wsd shoes	1
drive to new orleans	1
how to create an event on a joint google calendar	1
song with peter in the lyrics	1
reddit watch game of thrones	1
ratio value examples	1
stock value ratio examples business	1
defog windows double pane	1
kenneth zahka	1
chobani flip nutrition	1
lil dicky	1
turing machine that computes ackerman number	1
paypal	1
beach graphics tumblr	1
laser printers	1
four superhero brothers had pooperman as their hero	1
what was mary fisher's impact	1
montreal beer tours	1
hilton garden inn montreal	2
beautiful women wearing stilletos	1
tranny porn	1
waterjet	1
bolero	1
low tide	1
whatculture	4
wwe payback	2
nodq	1
mobile homes for sale in tampa florida area	1
mountain view ca real estate	1
pai nosso ministerio cristo vivo	1
romanian classical music,constantin silvestri	1
edgar cosma biography	1
odwalla coupons	2
medical ebusiness	1
vcl umassd	1
find a death	1
marinas in gloucester	1
the unforgettable fire video	1
qmov	1
jovem na bibiblia	1
sexo no banheiro escola porno	1
era virgem porno	1
journeys order status	1
1080 x 720	1
yuki yuno gasai	1
dickssportinggoods	1
paypal us	1
venezuela drought	2
led dance floor outdoor rental	1
cheap dance floor rental massachusetts	1
harissa chermoula	1
murray married margaret kelly	1
game of thrones season 6 episode 2 torrent	1
plenty of fish login	1
dicks	1
caterpillar active work jacket	1
acsm file	1
queen charlotte	1
massachusetts high school dropout rate by city	1
michael barbero new bedford obituary	1
craftsman tools	1
esther perel	1
eclipse	1
sport porjects	1
www,xhamster.com	1
ps4 jailbreak	1
photoshop twitch streaming	1
disable graphics performance in photoshop	1
kingdom rush frontiers	1
xvideos	2
examples of triple photo mats	1
montessori materials	1
ninjhax	1
super street fighter 4 ps3	1
bls jcl	1
kozmo	1
beacon of white	1
conan correspondents dinner	1
construction road standards for a street in east longmeadow,ma.	1
co-ops massachusetts	1
learning c#	1
td cash rewards	1
how to report facebook comment	1
starting class demon's souls comparison	1
thief class demon's souls	1
attack on titan soundtrack buy	1
trans homeless statistics	1
gavin grimm	1
trans women of color risk factors	1
chantal oval roasting pan	1
the 100 season 3	1
crunchyroll	1
watch impractical jokers	1
lots of magic mids, some magic highs too, 4 wind highs	1
lena headey	1
판다리아 고고학	1
gyms near me	1
fitness	1
buick enclave 2015	1
wild turkey	1
ap chemistry exam practice test	1
can redbull make me do bad on a test	1
eve central	1
shaking with anger twitch	1
thesaurus	1
cruise finder	1
lorentz transformation	1
biot savart law\	1
best setting camera middle school play lumix	1
bernie sanders election day bill	1
top companies that begin with j	1
young voter education	1
urad shilka	1
chicken thighs points plus	1
tbsp to oz	1
sha rizel tits	1
hotmail	2
solomid build guides	1
marvel civil war	1
science news	1
political debate topics	1
can a svc 555 be used as a webcam	2
webcomic with bunny with switchblade	1
you	1
wilson golf infinite lakeshore putter	1
game of thrones season 6 images	1
best buy	2
discover card payment	1
matthieu kassovitz	1
townhouse in salem ma	1
foreclosed homes on beuna vista ave, salem, ma	1
apple	1
exposure bucks	1
荒神罪 司雨盔	1
荒神罪 永久停怪	1
荒神罪吧	1
荒神罪 准提道人入口	1
touch a cat in sleep site:youtube.com	1
ordering checks	1
carousel checks review	1
forward news	1
best torrenting sites	1
thomas hobbes apush	1
deadpool box office	1
seasonic snow silent 24 power cord	1
iphone repair charging port	1
mdisx performance quartile	1
nyc municipal bonds	1
hippo tusk for sale	1
filmlimani	1
arguing about war summary	1
sparknotes	1
citation machine	1
elsword	1
ff14 reddit	1
youtube.com	1
велик ден	1
bjs	1
how to cook green swiss chard	1
stardew valley mods	1
falcon metal detector	1
homedepot	1
metal shelving units	1
best children's savings	1
normal muscle enzyme levels	1
trump vs. clinton	1
pundits trump	1
stockcharts	1
short term bonds	2
fed monetary base bill gross	1
ely gym westfield	1
gap between bicep and elbow	1
odds leicester v manchester united	1
td bank login	1
jal	1
sakura ebihara	1
njit or wpi	1
citomed	1
enbrel depression side effects	1
man enjoying his massage way too much	1
when masseuse sees client cock she gets very nervous	1
well l96 airsoft upgrade kit	1
can pinned attack pathfinder	1
leismo	1
twitch	2
noctua	1
mother's day gift ideas 2016	1
hanover performing arts center worcester ma	1
wx-500 stc's	1
stc wx500 site:www.beechtalk.com	1
reddit ask a rapist wayback	1
triggly puff	1
veratril	1
a sign is to be hung from the end of a thin pole, and the pole supported by a single cable. your design firm brainstorms the six scenarios shown below. in scenarios a, b, and d, the cable is attached halfway between the midpoint and end of the pole. in c, the cable is attached to the mid-point of the pole. in e and f, the cable is attached to the end of the pole.	1
find the x coordinate xcm of the center of mass of the system of particles shown in the figure.	1
a straight rod has one end at the origin and the other end at the point (l,0) and a linear density given by λ=ax2, where a is a known constant and x is the x coordinate. since this wire is not uniform, you will have to use integrtation to solve this part. use m=∫l0dm to find the total mass m. find xcm for this rod.	1
airbnb	1
naot sandals	1
aa big book	1
aldi	1
i heart nap time	1
lost tribe of the sith order	1
shaws	1
good debt to income ration	1
noaa.gov	1
the world was wide enough	1
extra utilities rationing pipe	1
aqueous accumulator	1
bad news good news john brandrick had a terrible pain in his stomach	2
strawberry panic wiki	1
southern charm	1
silicon valley diversity	1
lockapphost	1
how to restart windows explorer	1
sleep away camp	1
the crying game.	1
velkoz counter	1
nunu champion.gg	1
lol rreddit	1
overwatch server	1
overwatch server down	1
batman v superman dawn of justice full movie	1
change tip withdrawal to bank how long	1
canaan severin mhs	1
lumia 1520 vlc player	1
make vlc player default on lumia 1520	1
enclosed trike	1
"""squinnt"""	2
fort wayne children's zoo	1
kohls dresses	1
avon auto academy	1
consumer level fpga	1
pax monster hologrid	2
craigslist worcester	2
adn to pharmacist	1
samurai movies 2016	1
the man from nowhere	1
amy schumer	1
fallout 4 last names	1
software like garage band for windows 7	1
saraba1st	1
kingdom hearts unchained x tier list	1
christian siriano	1
apartment near swarthmore college	1
skyrim flour mill	1
beeradvocate grey lady	1
tauren wow	1
straight razor	1
tekken 5 dark resurrection	1
zesiger center	1
歡樂頌 第27集	1
white powder coated steel fence	1
worcester state university	2
lea__may vagina uncensored	1
ambidextrous	1
boston.com/promo	1
recreation center melrose	1
95.5 wbru	1
po rn star screw for cash	1
watch hunger games	1
maggiano's	1
home depot	1
hingham lumber	1
what is singularity	1
define consumeristic	1
intuition and relationships	1
gregg house	1
strike the blood hentai scenes	1
teen meeting camps boston	1
zollow me	1
grisotomo	1
captain america: civil war	1
massachusetts high school outdoor track state qualifying times 2016	1
lowell sun obituaries	1
psychedelia at abbey road: 1965-1969	1
follow me down: vanguard's lost 1966-70	1
la chasse au tressor	1
svetlana boginskaya	1
honda pilot wheel bearing	1
xbox 360 and glovepie	1
glovepie xbox 360	1
max brenner boston	1
nasioc	1
sugardown	1
ryan grim	1
ap psych psychologists	1
ap psych therapy quizlet	1
mizuno outfield gloves franchise	1
wes scantlin	1
ratatouille cast iron	1
don't mind kent jones racist	1
don't mind kent jones	1
mitski	1
sears refrigerators	1
babuceos	1
current population survey	1
cnn	1
wordpress adjust column width backend post display	1
scuba diving sunscreen	1
vayne build s6	1
how to solve equation ti-84 plus	1
the art of dress, frank alvah parsons	1
performance problems fainting	1
george hopkins friends and family tumblr	1
town of weymouth abatement	1
stripe	1
mercury living presence bach suites for solo cello janos starker	1
yu	1
papa gino's	1
new on netflix may 2016	1
elon musk book	1
pixlr express	1
uses of silken tofu	1
brimfield, ma	1
sistema	1
needtobreathe	1
adele, td garden, september 14	1
tbsp to cup	1
metrowest subaru	1
recent movie releases 2015	1
rick and morty last episode song	1
first birthday invitations girl	1
bank of america change of address online	1
gamcore.com]	1
trump 2016 png	1
nikki haley	1
what are the best privacy bushes	2
where to buy nellie stevens holly tree in ma	2
smoking striper	1
how to make beef jerky in a smoker	1
captain america civil war dublado online	1
boston channel	2
what is obamacare	1
old fashioned storm doors	1
flagstaff lake camping	1
for whom the bell tolls poem	1
it works	1
pokemon light platinum dawn stone	1
pokemon light platinum randomizer	2
billiard championship 2016	1
mark selby ding junhui live	1
new england patriots	1
bend guitar den	1
what parts does nash use	1
flahmob band boston	1
things to accomplish over the summer	1
art shows in gardner massachusetts on may 1,16	1
art shows in leominster massachusetts on may 1,16	1
bmw r850r review	1
world record for pi	1
dark souls 3 classes	1
northeast center for youth and families	1
how to build a shooting range	1
tits	1
d conn local rules	1
sambo	1
riot act	1
wrought iron	1
where to find pip boy in fallout 4	1
literotica	1
empireamateurs.com	2
disney world	1
nfl draft grades	1
home depot anti siphon vacuum breaker	1
lookbefore and lookbehind	1
fresenius medical care	1
reading rockets reciprocal teaching	1
music for sunday mass	1
"""anastasia morna"" anal"	1
anal bleeding coumadin	1
amanda nicaragua nightmare why didn't she get a higher score	1
wonder woman vs ww	1
ultra woman	1
aubrey_verona	1
boston aquarium coupons	1
27 francis farm rd rehoboth ma	1
dda debit	1
comics literacy value	1
providence softball	1
chicago rock and roll hall of fame	1
speed test	1
fasa	1
rangeley maine 4x4 rentals	1
traveling	1
in which phase of plant cell mitosis is the most time spent	1
windows 7 download microsoft	1
windows 10 professional keys	1
ps3 update via usb	1
elite dangerous starting trading	1
homeopathic remedies	1
sienna photo awards	1
for student f1 mandatory course in fall	1
www.qdsontheweb.com<http://www.qdsontheweb.com	1
what age is good age to give american doll to a child	1
older sluts pics	1
windows 10 bluetooth	1
zero kara hajimeru isekai seikatsu manga	1
dunlop 606 for 50/50	1
red sock	1
porn hidden cam waxing	1
pics of lucy thai	1
porn pics of lucy thai fucking	1
potluck ideas for engagement party	1
nexus	1
begginers lyrical dance western mas	1
verizon wireless	1
vertical versus intergenerational mobility	1
grease monkey	1
www.papa ginos	1
cheesecake factory	1
mischlinge restrictions wwii	1
mischling of the second degree	1
miitomo	1
ice cream mansfield ma	1
1.67 high index lenses	1
1.67 high index lenses with 3.75	1
jack reacher srt file url	1
little trees	1
massdot	1
wangpai yushi 54	1
essay writer	1
inverse laplace of derivative	1
change password sqlserver	1
rattlecan paint job durability	1
jacob's ladder youtube	1
odd low voltage power outlet in room	1
post nasal drip	1
how to get tickets to white house correspondents dinner	1
moo goo gai pan	1
remove lines that have duplicate columns	1
channel 5 boston	1
best cosmetology school in ma	1
rattlesnakes at grand canyan	1
stringtokenizer	1
se eu ficar nos usa depois do tempo permitido pelo visto americano poderei depois de ir embora o o brasil voltar aos usa c o visto europeu	1
wwwatalhodoimigrante	1
vuze templates 2016	1
lia kim	1
amateurs gone wild	1
concord hospital er renovation	1
ivanka trump converted to judaism	1
springfield college	1
mit edz	1
good poems	1
marges shoes by sylvia ross	1
good poems with meaning	1
u haul salisbury hours	1
daniel isenberg harvard	1
330 henshaw street leicester, ma 01524	1
drudge	1
bike handbrake adjustment	1
oculus rift dk2 audio jack	1
minecrift vive	1
gelsight sensor	1
import svg solidworks	1
can't extrude from sketch	1
solidworks render	1
who lived in norwell ma 1855	2
fox hill shipyard scituate ma	1
stitches guitar chords	1
food scale	1
faceit free vs premium	1
esea free	1
christian coletta	1
ff14 seema	1
puerto ethernet rj45	1
emoji del alien	1
mla format	1
38 douglas hill way douglas mass	1
plantronics updater	1
gringo	1
licinius gabolus	2
интерны 240 серия смотреть онлайн	1
dash cam wholesale manhattan	1
test understanding grammatical structures	1
devin laubi 5k	1
morth reading ma	1
1010 beethoven cmn unit 200 fremont, ca 94538-4626 united states	1
amherst	1
got title track	1
spinach recipes indian	1
good travel for june	1
rosemont square	1
2 chestnut west / randolph, ma 02368	1
seb	1
274 east main street, norton, ma	1
sqlite show table list	1
salvador dali	1
mebius logos for sale	1
szechuan restaurant albany ny	1
answer the three questions for each phase of the cell cycle by dragging the yes and no labels to the appropriate locations in the table. note: assume that by the end of the m phase, the parent cell has not yet divided to form two daughter cells.	1
john hancock investment marketing salaries	1
011900254	1
python sqlite sample	1
ne patriots 2016 draft picks	1
best game to play as sniper	1
gta v photography mod	1
dota 2 cosmetic tester	1
soma	1
raptor poacher ffxiv	1
prolab caffeine	1
"melisandre raised the dead ""game of thrones"""	1
nestled inn bed and breakfast vt	1
ditto	1
2000 mazda millenia	1
define tftp	1
kohetching	1
koh etching physics	1
cast defects	1
casting cooling time, lumped capacity	2
boneless lamb leg on rotisserie	1
helen kane	1
prezi	1
immigration news	1
arbiter sports	1
rosemary cataract	1
gratitude meditation	1
what long to lower cholesterol	1
names like roxy	1
connect accounting	1
student loans that don't require a cosigner	1
federal student loans	2
xhamster	2
journal of reproductive nutrition development	1
"""comparison of wheat, potato, corn and rice assimilation in dogs with diarrhea using breath hydrogen tests"""	1
revised tlop review	1
scabiosa caucasica	1
moluccela laevis	1
who is the i that is aware of i, allan watts	1
wellsfargodealershipservices	1
wacom bamboo settings windows 10	1
musée des arts forains	1
http://prostoporno.xxx/categories/	1
eagle brings cat to nest	1
640 acres abbr crossword	1
sprout seeds clam shell mini green house	1
3ds contra	1
how much calcium citrate can the body absorb at one time	1
z nation season 3	1
stardew valley unicorn	1
환율조작국	1
mercury optimax serial number lookup shaft length	1
dark souls 1 reinforced club	1
forever monitor npm	2
android studio get return from asynctask	1
super android studio	1
nodejs forever function	1
will toledo	1
expired allspice	1
ernesto's pizza somerville	1
linkedin	2
dragon ball super episode 41	1
skyrim stairs fix	1
dokkan battle	1
united bank login	1
thermaglas price	1
macbook pro retina	1
boat wake flips canoe	1
busy time for boat ramps	1
chebacco lake boat ramp	2
dark star h-game	1
dark star h-game gallery	1
cspan	1
1987 census of manufactures archive.org	1
lottery numbers	1
camel web	1
sanders	1
best batman actor	1
low micron zinc oxide the same as non nano?	2
health & beauty natural oils	1
massacchusetts college of pharmacy	1
webtoon friendly winter	1
kinshi knight	1
slit mad max costume	1
rosetta stone	1
mad max gigglehorse	1
shitty technicals	1
14mm bong	1
walmart	1
reverse breakup fee	1
harry and david acquisition	1
pizza works burlington ma	1
lolastube	1
ariane saint amour	1
the prince of iran porn	1
daiwa	1
blue bombsickle	1
1 part raspberry vodka 2 parts lemonade blue	1
renolds wisdom tooth	1
hailey gates movies	1
sikkens dek	1
case closed	1
netgear rangemax duo wireless-n router wndr3300	1
game of thrones livestream	1
mega millions	1
smite any other gods similiar to ymir	1
bad blood guitar tab the damned things	1
chevrolet models 1959	1
r18 jav	1
harmony circle of fifths	1
band and girls club volunteer	1
umass amherst language requirements	1
marlin, benjamin	1
anton chekhov character change	1
or nah	1
container store	2
which of the following best describes an assumption economists make about human behavior	1
the period between a business cycle peak and a business cycle trough is called quizlet	1
wevideo	1
riddler trophies arkham city up arrows	1
king koil laura ashley adele how constructed?	2
google	2
american cocker spaniel purposes	1
how to cold brew coffee	1
anais marlena torrent	1
celine dion	1
hbo go	2
man used as dominant wifes sex slave	1
1920's women's fashion	1
the future of work and the gig	1
managed behavioral health organizations	1
mario march of the minis gba	1
best gba emulator for psp	1
fios login	1
ximena and chris believe that they don't need to worry about parenting their new son, brant, because he was born with a good nature and his good nature will determine his outcomes in life. chris and ximena's views of parenting are consistent with the __________ of the __________ issue.	1
baillargeon's studies of object permanence using possible events and impossible events suggest that the concept of object permanence is	1
according to the method that terman used to score the early versions of the stanford-binet, a child with a chronological age of 10 years and a mental age of 13 years would have an iq of	1
children who have a learning disability intelligence	1
language in othello essay	1
boot cut khakis	1
search campaign contributions	1
clime change is not science its religion	1
windermere fl	1
vapor barrier necessary	1
is a vapor barrier necessary with 2 by 6 constructed wood wall	1
wellsfargodealerservices	1
eminem kings never die live	1
worcester restaurants	1
복면가왕 스포	1
clash of cilivizations population growth in the muslim world	1
201 timberidge drive russell ma	1
jannell ford	1
replace futon mattress	1
futon mattress	1
stockyard cambr	1
can you request your dental x rays	1
similar software to gimp	1
lilo et stitch noms des chansons	1
python pip pyyaml	1
temple gradin	1
peters nissan nashua	1
s5520scr	1
x99 motherboards use ecc memory?	1
godzilla sequel	1
gmk full movie	1
chrome white flash	1
cow chop	1
the creatures suck now	1
tarsal claws	1
winrar	1
removing acrylic nails at home	1
how can micrornas regulate gene expression	1
g shyne oath	2
views from the 6	2
folie a deux fall out boy itunes	1
how to cancel xfinity	1
eevee name	1
mlb	1
preschool circle time	1
news about ireland	1
grimm	1
dairy queen jobs for 14 year olds	1
jobs for 14 year olds in ma	1
saitama workout	2
289 crate engine	1
71992550	1
crack putty	1
walgreens photo	1
watch the real o'neals	1
watch the real o'neals the real wedding	1
h440 black	1
alexandra rudakova	1
slither io	1
dress up games	1
gregory tempo	1
dub smash for windows 10	1
"""elizabeth bass"" ""david grantham"" wilcox al"	1
"""richard bass"" wayne nc grantham"	1
nancy bass asa randall amite ms	1
"""william p henley"" wilkinson ms"	1
zootopia	1
flag pole bracket	1
fandango	1
bonardi's prom suit rental tracking	1
basil pesto	1
shiori tsukada	1
tdbank	1
sim cards in leamington canada	1
point pelee	1
indian vegetable seeds in us	1
avast internet security	1
dwyane wade	1
boston weather forecast	1
👌 meaning	1
4 tanner road, webster ma	1
what are the three factors that determine the level of air pollution? what are the three factors that determine the level of air pollution?	1
hillary clinton justice department investigation	1
radar 02532	1
abortion pill first trimester	1
google maps	1
laura santos and thais hernandez	1
brahms symphony 4 clara allusions	1
slick furniture	1
ultimate road trip planner	1
how to prune thyme in spring	1
forge	1
gotham typekit	1
microsoft surface	1
dig it tractor with a bucket loader and a backhoe	1
is geology a physical or biological science	1
lol reddit	1
33x36 mens jeans	1
nantucket steamship authority ferry schedule	1
if you've only got a moustache	1
critical first step in mass spectroscopy	1
le monde	1
information about mud flats	1
cape cod seaweed	1
bricabode bed and breakfast	1
creating introduction method in myclone java	1
nate silver	1
r cookbook	1
alice	1
bois le roi	1
dictionnaire francais anglais	1
coed shower scene	1
ford escape 2013	1
myglasgow	1
in a manor who are the servants	1
how to make scallion pancakes like a chinese restaurant	1
memory for dell optiplex gx620 sff	1
el preambulo de la constitucion nacional de argentina	1
como era la relacion entre las provincias antes de la constitucion nacional	1
lust death fullmetal alchemist	1
mens business suit pattern	1
marvelous designer business suit	1
1930 style suit	1
sunrise kitchen wilmington	1
how to recover whatsapp pictures	1
pan am	1
bank of america	2
amsco chapter 10 quizlet	1
norse rune for haggle	1
hobby lobby promo code	1
what time is got on hbo	1
the fatal 1930 incident in muese valley, belgium, was associated with leakage of toxic chemicals from a former dump site	1
which species of mosquito most frequently transmits dengue fever and the zika virus?	1
potential water hazards that are not controlled by standard drinking water treatment methods are	1
the main difference between the sick building syndrome and building-related illness is that	1
is e. coli is a type of fecal coliform bacteria	1
are many fecal coliform bacteria are harmless to humans	1
hydroponic growing medium for drip system	1
craigslist compiler	2
fit bit	1
shahs of sunset	1
59 buick invicta	1
osama bin laden death pictures	1
ub sdn	1
estrogen receptor alpha structure	1
akt3 pathway	1
estrogen receptor posoitive breast cancer	1
crystal violet assay	1
monty's cycle	1
ultra runnin in park city utah	1
mls #71997090	1
5 priscilla lane winchester	1
adiya game semaphore	1
raised to deliver with apostle john chi	1
marvel avengers academy getting rid of paths	1
gulf coalation	1
motosports	1
arkham knight	1
random map generation	2
www.empower-retirement.com participant	1
baltimore ravens	1
family based green card murthy	1
i130 date	1
begin converter	1
calc 3 circulation curl	1
salon 700	1
fahrenheit 451 books are dangerous	1
google classrom	1
kimchi korean restaurant	1
io shirai cauliflower alley	1
vendetta pro casino royale 2016	1
cobra tire size	1
a bola	1
ladybug and cat noir	1
naot pilot chukka boot	1
смотреть онлайн фильм концерт михаэлян	1
смотреть онлайн «шпион, выйди вон!»	1
novabrasilfm	1
benedict anderson and allan bloom	1
ukulele side bender	1
cartridge heater	1
phili cheesesteak recipe	1
best mozzarella	1
predra infestation	1
milf mexicanas twitter	1
league of legends download	1
rivals of aether liquipedia	1
garrosh	1
gw2 account jump start	1
gw2 royal terrace pass	1
o quarto de guerra	1
jodi west	1
basic linux	1
interview questions	1
prepare a statement of cash flows for year 2. (list any deduction in cash and cash outflows as negative amounts.)	1
joyner company’s income statement for year 2 follows:	1
most watched tv program 2015	1
license cost massachusetts	1
popcaan ova dweet	1
nba	1
dknight magicbox manual	1
john conway umass uh oh	1
modernist art	1
agent orange band t shirt	1
esselon cafe hadley ma	1
pgh penguins	1
lexmark drivers	1
hearthstone nerfed cards	1
pine cobble	1
"""dysexecutive syndrome"" ""attention deficit"" difference"	1
jack in the box	1
bangor daily news	1
erotic sexy girls	1
erotic desires 004	1
erotic desires volume006	1
budget	1
българска църква бостън великден 2016	1
wu, c. g.; bein, t. science 1994 , 264 , 1757 - 175	1
chromatography column iq oq pq	2
solutions and their ph	1
android app	1
jove.com voice acting	1
administrative assistant	1
five nights at fuckboys markiplier	1
cast of george lopez	1
candle making job openings	1
doll repair	1
puppy adoption ma	1
4 tollcross rd	1
youth homeless shelters near wayland	1
dexamphetamine	1
earthlinkwebmail	1
lemonlion default umbodywitch sims 2	1
pampers	1
imts unitransfer log in	1
the culling crafting recipes	1
norma heller studios	1
cold adaptive traits revealed by comparative genomic analysis of the eurypsychrophile rhodococcus sp. jg3 isolated from high elevation mcmurdo dry valley permafrost, antarctica	1
craigslist ma	1
nokonobaseball	1
white man gangbanged raw bareback	1
wireshark	1
facebook remove all posts with a person	1
respond boston	1
nike	1
making soup from roast chicken	1
animes online	1
world wide labyrinth locator	1
how to deal with siblings who are overbearing	1
only in the republic of amhersgt	1
biblical definition of emerods	1
open office can't open	1
open open office	1
"benjamin moore equivalent to farrow and ball ""light blue"""	1
lake walk beer recipe	1
stoney creek ct	1
awg table	1
mit clubs	1
can you edit your html document on siteground	1
clear plastic yardage book cover	1
ondemandkorea	1
billy and billie	1
old newbury crafters silver sterling flatware	1
how to report property theft	1
las	1
comcast.net	1
"30"" x 48"" entryway rugs"	1
mid god tier patch 6.8	1
iron giant bolt	1
prince cause of death	1
tal rashas set fg d2	1
google analytics	1
6ftplus	1
robert p keller shells	1
trick drums	1
lucario bases	1
for your glory by jaye thomas	1
cost of bone density test at harrington hospital	1
creeper songs	1
faye wong	1
mattress discounters	1
cell references and sorting in excel	1
best car digital video recorder	1
soluciones w	1
trump	2
marisa tomei nude loitering	2
daimones greek mythology	1
al shorouk	1
south end market boston	1
the leather daddy and the femme	1
physics videos	1
siriusxm the highway playlist today	1
madon	2
madonna kissing drake	1
raced crossword	1
erniebanksepithet	1
islandsstaple	1
www.masslottery.com	2
michel platini	1
stream @clashtournaments	1
cite in apa	1
rap rat roadshow	1
alast	1
gt-p7510	1
socialblade	1
beer bar somerville ma	1
red tegu skull	1
plymouth guild	1
kingston bowling	1
candlepin bowling	1
bags for larp	1
nutrition 2 tsp chili powder	1
nutrition 1 tsp salt	1
execution of sarah good	1
lx176 side panels	1
m116032	1
charles chips	1
wallis and edward, film	1
ice skates heat molding machine	1
skate sharpener	1
boot warming oven	1
microeconomic theories on poverty and income distribution	1
articles of incorporation template	1
can you do addition in a select statement	1
legal sea food chestnut hill mothers day ma	1
west on centre st west roxybury ma mothers day'	1
davios chestnut hill a mothers day	1
skipjacks patriot place ma mothers day	1
how to make your wireless router secure	1
can't access http://192.168.1.1/	1
presumptuous definition	1
fucking	1
ambivalent	1
mary keefe progressive massachusetts	1
police log newburyport brinkman	1
eagle one card trasfer to new bank	1
scream like a baby lyrics	1
miss saigon amherst	1
boston globe kinzer may 1, 2016	1
juanita broaddrick	1
attorney general	1
zillow greenpoint brooklyn	1
places 24 hours open in nyc	1
average real estate appreciation	1
"oltzman, elizabeth. ""addictive behaviors, compulsions and habits: a spectrum of need intensity"""	1
guo last name	1
rent to income ratio	1
starting salaries for harvard graduates	1
stacked rock fireplace	1
borg warner marine transmission	1
hurth	1
quicksilver marine	1
computer parts	1
what happened to tigerdirect	1
systemax	1
prove e(y^2) =	1
the best 10% of lightbulbs statistics	1
all electronics	1
rowan university mfa creative writing	1
is mayim bialik a lesbian?	1
nac for trichotillomania dosage	1
nac	1
john bulger	1
pubfilms	1
how to disown my mother legally	1
suddenly my family members are bullying me	1
people that have to compete over every little thing	1
ayanna jordan	1
church shelters	1
work and live on a farm	1
jane plain and tall	1
pavestone pavers	1
icloud sign in forgot password	1
best beach to get married in california	1
kentucky derby recipes	1
kentucky derby appetizer recipes	1
grumpy animal subreddit	1
block subreddit res	1
nest hq nightcore	1
squirrel spinner	1
cats	1
game of thrones	2
patriots udfa	1
living us ex presidents graph	1
leaving of liverpool lyrics	1
richard grossinger	1
hartford, ct to toronto, canada flights	1
soft ones women's stretch satin ballerina slippers	1
favole tarot	1
fenway park concerts pearl jam	1
alaskan bush people fake	1
http 192.168 o 1.1 admin	1
netgear router wgt634u	1
dullahan	1
bass pro shop	1
stream to watch	1
bdo classes	1
bf skinner foundation	1
how to keep jeans in boots	1
blogtalkradio straight black pride	1
mail yahoo	1
periscope	1
above top secret prince	1
citibank	1
dark souls consumed king	1
dark souls 3 dragon	1
stardew valley	1
dark souls 2 2 handed	1
300 rms subwoofer speaker gauge	1
grams to cups	1
dry grams to cups	1
iatrogenic deaths per year	1
glory holes	1
barry saunders saxophone	1
aaron larget-caplan	1
expy	1
what happens after redeeming overwatch beta key	1
jj manning auctioneer	1
34 heartbreak road ipswich ma	1
gog	1
2016 pc games	1
google drive	1
historical fertility rates by country	1
king george v migration	1
google docs	2
average lifetime of a truck	1
solaleya domespace	1
what percentage of men are above six feet tall.	1
verizon	1
site:astrologyzone.com astrology zone	1
ch2 jp grinding bravely default	1
chicago tribune	1
wisconsin dells events newspaper	1
fallout 4 best way to level up	1
where to find stingwing meat	1
muzone frankie edgar faster	1
brianna love anal school 1080p	1
young harlots in detention 1080p torrent	1
young harlots in detention download	1
young harlots in detention download torrent	1
teenage peach fuzz torrent	1
nvidia control panel settings for movies	1
prenatal formulations	1
little head does not look good with long hair	1
long haired men with widows peak	1
music stores in methuen ma	1
average adult female cup size	1
skywards	1
old trucks for sale in ma	1
how long for peas to germinate	1
scottish kilt shop	1
pearl cafe ii millbury ma	1
millbury federal credit union	1
ha ha matnra fe	1
girls go games	1
chevy cruze reliability	1
craigslist bennington	1
levi-civita tensor	1
penrose diagram minkowski space	1
portugues interpreter worcester court house	1
drummer	1
colossus	1
myedison	1
mother theresa	1
leprosy	1
wendy peffercorn	1
redsox	1
first row sports	1
prices of ne rf guns	1
alan furst	1
song of solomon motifs	1
raz trent	1
mistico hanging bridges	1
snes9x emulators	1
cbr 300r storage	1
tectonic plate definition	1
lienholder vin lookup	1
600 n atlantic av 335 daytona beach, 32118	1
paleo mother forums	1
erich gliebe	1
wayback machine	1
pumpkin pancakes whole wheat flour can pumpkin	1
pumpkin pancakes canned pumpkin recipe	1
date range in ap	2
ap style resumes	1
reporter resume sample	2
do you need to put town of college on resume?	1
the female head of a family or household	1
simmons admitted students	1
brillz diplo and friends tracklist	1
k1 wilmington, ma	1
greyjoy	1
beric dondarrion	1
aes vs tkip	1
racist quotes	1
facility manager email lists	1
pornmd	1
que parte puedo usar para sotano	1
zengaming	1
nrt gateway	1
akai professional mpd226 midi pad controller review	1
naked housekeeping vids	1
www.harringtonhospital.	1
英検過去問題	1
where can i watch rick and morty	1
130 sandy pond road, groton, ma	1
remind	1
2011 dodge charger custom parts	1
beeg hd	1
safflower oil	1
kutting weight sauna suit sizing	1
hashmap load factor	1
road life cycle	1
polski sklep w manchester coon usa	1
livingrichwithcoupons	1
family therapy	1
how to plant onions	1
air france	1
best buy case study customer-centricity	1
when did the vietnam war end	1
what is the true definition of fitness in terms of evolutionary success?	1
natural selection acts on	1
trunity why can a community support only a small number of tertiary consumer populations?	1
ram jam	1
the modular body hoax	1
qualify for disability retirement	1
ender's game 2	1
cao + h2o balanced equation	1
chemistry lab oxidation reduction	1
samsung galaxy note 5 vs iphone 6s plus	1
samsung galaxy note 5	1
fatal bad tree object git	1
mutf:vgsnx	1
tanki vampire kit	1
minecraft sword mod 1.7.10	1
what does rawr mean when a guy says it	1
darius miles	1
how many miles to fly delta	1
black taboo sex.	2
burpee seeds	1
dota 2 build	1
adult paintball teams, plymouth ma	1
cooking camps for children near newburyport, ma summer 2016	1
homes for sale newburyport, ma	1
what fabric used for structure	1
citizen bank	1
macbook pro identify by serial number	1
humming birds in massachusetts	1
pornhub	1
thumbtack	1
phobia of choking	1
wacom bamboo smooth lines	2
mypaint configure slow ink	1
how to practice drawing	2
green tea phosphorus potassium content	1
epogen intake	1
water cycle activities 3rd grade	1
string poem with water cycle words	1
how to bleed brakes on 2004 hyundia santa fe	1
# a1, the average annual precipitation; # a2, the average january temperature; # a3, the average july temperature; # a4, the size of the population older than 65; # a5, the number of members per household; # a6, the number of years of schooling for persons over 22; # a7, the number of households with fully equipped kitchens; # a8, the population per square mile; # a9, the size of the nonwhite population; # a10, the number of office workers; # a11, the number of families with an income less than 	1
wcuw facebook	1
jarvis ece2049	1
jumbo cupcake pans 12 cups	1
blueberry pancakes crispy edges	1
marshside dennish	1
kennedy's garden center	1
buy golden aspen tree	1
can iphones play power point presentation	1
what youtuber should i watch quiz	1
youtubers	1
onorina myslymi instagram	1
new balance wr996ie boston	1
padlock change combination	1
physician misconduct definition in massachusetts	1
definition of professional misconduct in medicine	1
jav eng sub torrent	1
pine tar	1
verseriesynovelas	1
wootly	1
vitacost petguard cat canned	1
sperry women's top sider two eye tie boat shoe tan linen	1
berklee college of music academic calendar	1
windows 10 select keyboard	1
reviews of for whom the bell tolls	1
farmelant carling	1
prince	1
yhyh dry bamboo wipes	1
kingsley thurber	1
gallywix	1
diana hwang state senate	1
@head_tranze	1
lauren jarvinen	1
putin	1
cambridge computer services	1
cape cod events	1
orleans ma events	1
aeropuerto benito juarez	1
is the three musketeers a comedy	1
"""stop probing mars"" t-shirts"	1
"""probe uranus"" t-shirts"	1
rashad jackson cambridge	1
how to moisturize hair with coconut oil	2
kim kardashian instagram	1
kim kardashian naked pictures	1
wizard of oz	1
south dakota rv rentals	1
bed and breakfast near mount rushmore	3
monster truck tires for sale	1
邢李㷧	1
things to do with dosa batter	1
leftover dosa batter	1
converting from decimal to fraction	1
magnetic circular dichroism	1
social justice gone too far	1
clutch life workout download	1
bearbarians hacked	1
how to fill objects in illustrator	1
peshons	1
saint petersbourg	1
new hampshire	1
ixali boundwing	1
steve and eydie	2
arrow genesis	1
robalo	1
restaurants in scituate center	1
orta in pembroke ma	1
99 restaurant & pub pembroke, ma	1
agdq	1
best new pornstars	1
falsebound kingdom monster locations	1
sony g master lens review	1
review sony e 50mm f/1.8 oss lens (black)	1
hampton terrace lenox ma	1
reflection prince	1
fairfield county connecticut events calendar	1
trumbull ct and may activities	1
music	1
undelete mac os files	1
running mac os applications on windows	1
simcity 4 environment score	1
photos sunken ship nantucket	1
замена ремня грм 1 9 tdi agr	2
whta is the second beatitude	1
eine kleine nachtmusik analysis	1
battlefield b&b	1
maps.com	1
what to know when vacationing in hawaii	1
using horton hears a who to teach philosophy to children	1
epistemology definition in philosophy	1
literature based thematic literature instruction	1
sicp 5.19	1
slingplayer	1
jobs that pay well	1
dabs dance	1
como aprender a hacer modelos de bufandas rusas	1
bufanda punto peruan	1
daily sales record template	1
luna park movie	1
dating naked vh1	1
r r reno protestantism	1
cell phone wallpapers art of manliness	2
google calendar reminders not working android	1
world war z	1
thing with two heads	1
lowell national historical park	1
paragon	1
eve federation navy ship	1
ptk all massachusetts academic team ceremony	1
whiteface lodge	1
ford cmax	1
cafcass	1
camp invention promo code 2016	1
shameless script	1
where to stay in washington dc	1
wingate by wyndham springfield	1
f3.5 in dslr cameras	1
parkour servers on mc win 10	1
knotfest 2016	1
r/mildlyinteresting	1
frank cho	1
monaka	1
counter strike global offensive store	1
one piece swimsuits for women	1
jimmys pizza dartmouth ma	1
randomize lines in a file	1
python neural network tensorflow	1
lyrics horace silver the preacher	1
north shore community college	1
umass amherst blackboard	1
banksy artwork	1
heart of darkness pdf joseph conrad	1
wells fargo	1
pottery barn	1
frost dk bar setup	1
nostalrius	1
girlsdoporn e365	1
southwest	1
cozumel mexico	1
disgaea capture enemy	1
disgaea pc walkthrough	1
osrs chocolate bar	1
flushface hydraulic quickjack	1
tripadvisor alaska hiking	1
chugach national forest alaska accommodation	1
cannot uninstall ccleaner windows 10	1
uninstall ccleaner 5.16 in windows 10	1
y connector gpu	1
can i use a 21mm sq budd wheel socket on a 21mm bolt	1
pamela travers	1
burnout measure (bm; pines & aronson, 1988)	1
bu mugar databases	1
statistically significant calculator	1
7zip for windows 10	1
aolmail	1
blackbear bleach ep	1
horace and pete	1
why phd in nursing	2
glass house northernlights vacations	1
powerdvd free download for windows 10	1
odds leicester city to win premier league	1
electroencephalography	1
wage gap is a myth	1
how big a rocky planet can get?	1
great copywriters website	1
most gamerscore	1
osrs runite bar	1
galactic empyrion planets	1
cmd rename file	1
lakeside saddlery	1
keanu film	1
irelia top build s6	1
news	2
130 cmr 520.021-520.024	1
mass health laws regarding long-term care and trusts	1
elin hotel jeju	1
hotel the one	1
hotel regentmarine the blue	1
keller rope tie	2
windows 7 prevent windows 10	1
semi private bathrooms in dorms	1
phoenix online	1
promgirl	1
victoria secret	1
definition of bronchi	1
verizon fios strike	1
how to completely uninstall firestorm frommwindows 8	1
windows explorer on windows 8	1
savers application	1
1/20*2/3 fraction	1
toyota	1
lee ma farmers market	1
laura francis umass	1
2016 prom hairstyles	1
ivanhoe tv series 1958	1
five guys	1
bavel single speed bike	1
eva notty instagram	1
remington cleanxchange razor	1
fisrt saving	1
target baby registry	1
target	1
bu senior breakfast 2016	1
netflix	1
newmind	1
engaging activities to help participate in exercises	1
sat literature practice test online	1
aarp	1
the wesley hotel london	1
what does aids positive mean	1
goat cheese frittata	1
yahoo.cfom	1
occassion	1
abigaile johnson	1
kabar cutlery	1
gwyneth jones opera	2
learning quotes	1
a league of there own	1
heath ledger muerte	1
armada drops out of eglx	1
"baker's rack"" ""7""d"""	1
chinese food near me	1
angel food cake desserts nutella	1
sina	1
\cnn	1
pantyhose tumblr	2
sphenopalatine ganglioneuralgia is the scientific name for what condition?	1
how to use 100% pure neem oil	1
what is silver dihydrogen citrate,	1
skyzone kingston ma	2
motionbuilder cut part of animation out	1
bananagrams	1
hydroseeding at 60 degrees	1
kickasstorrent.so	1
six flags	1
telemundo	1
the help putlockers	1
darby kim southboro	1
unh tuition for mass residents	1
super milf creampie	1
big tits creampie	1
language objective differentiation for proficiency levels listening	1
reciprocal teaching recording sheet	1
top selling video games in history	1
diancie	1
how to get hoopa unbound	1
grey's anatomy	1
turn on webcam without light	1
john's movie blog	1
best multivitamin for men	2
ink block parking	1
one piece cp9 powers	1
pokemon games	1
banana matcha	1
preorder nakayoshi	1
thermopastic backsplash tiles	1
ma professional teacher status	1
the purge anarchy race class	1
www.magellan's	1
oxycontin oxycodone	1
in wine there is wisdom in beer there is freedom in water there is	1
park hill orchard	1
yozakura quartet: hana no uta	1
best hiking shoes for women	1
ebates	1
how much is room and board at boston college	1
rmvma	1
catalina mythology	1
hamster wheels	1
hannah hathaway strange	1
how to control gas while pregnant	1
g.e hentai	1
federal loan consolidation	1
white house party	1
a separate piece	1
umass handbook	1
teemo	1
nfl	1
original barney cast	1
ma lottery	1
cacique	1
pioneer cat fountain motor replacements	1
solar porch light home depot	1
chicken cook temp	1
liverpool fc	1
dj foster	2
crusaders of lost idols codes	1
at the gates	1
ground control to major tom	1
ropeculture	1
changes lyrics	1
butterfly template	1
jack and the beanstalk book	1
jack and the beanstalk activities	1
amazon.com amy tan	1
ray banz	1
apparel us wholesale	1
star wars patton oswalt	1
horchow lighting	1
league of legends why is my normals mmr so high	1
x-plane views not working	1
hawkeye initiative	1
uol	1
why do elements form chemical bonds	1
last minute deposit college	1
"""humangous big"""	1
kylie jenner turned black	1
kevin friel revolution	1
umass people finder	1
red wing shoes online	1
benjamin joseph leominster highschool	1
coupon for charmin toilet paper	1
burning man	1
liberty tree mall movies	1
costume air conditioner	1
yolanda schofield white springs winery	1
white srpings winery yolanda fiorentino schofield	1
orlando dance studio schenectady	1
ps4 controller on ps3	1
planet fitness	1
fisher price record player plastic records what songs 1978	1
lakes to paddle in western mass	1
craigslist western mass	1
what is the song confession by florida georgia line about	1
opera theme music definition	1
motet	1
virtual geocache challenges	1
扎克符文天赋	1
what is in calmoseptine	1
mensagem de aniversario	1
xbox vr release date	1
patsfans	1
no game no life season 2 confirmed	1
eggplant parmesan with yogurt	1
skunk famiy	1
rick owens geobasket	1
tenho orgulho da minha terra	1
minha cidade querida cheia de encantos	1
terry fator, may 5	1
pricing guide per oz first class parcel	1
bicycle blue book	1
dr. nasraway	1
free republic	1
breakspeares of china	1
black volvo 940 wagon wanted	1
reddit league of legends	1
reddit game of thrones	1
cambios de estado liquido a solido ejemplos	1
grace (kalos) pokemon	1
used goodyear tires 22550r17	1
allstarman mario	1
otis mass	1
breaking up is hard to do youtube musical	1
juli sansoucy	1
camp overflow, otis	1
88 south longyard road, southwick, ma	2
blacklist guest stars 2016	1
lake apopka fl	1
usps tracking	1
dp videos	1
mega michelle vs the mini army	1
giantess stories	1
giantess fan 8muse	1
английский язык бесплатно	3
nuklear power 8 bit theater archive	1
mom brags about .22 kid shooting	1
custom maid 3d	1
opelika florist	1
seabourn	1
1980s mail robot	1
yacht charter	1
nobody wants an indoor kids	1
eminem shady cypher lyrics	2
tokyotube	1
how do plants use solar energy	1
outdoor swivel chair for balcony	1
mens fashion watches 2015	1
patriot ledger	1
cave templeton massachusetts	1
how to open xls with abiword	1
greenhouse norton massachusetts	1
norton historical society massachusetts	1
the meme design	1
tops idea collective mini journal	1
white kitchens	1
luso federal anywhere	1
dan kossmann	1
fiesta fatal packet answers	1
extravaganja 2016	1
stuart woods stone barrington	1
kodi change network connection	1
"l'etymologie du mot ""epee"""	1
le corbusier lyon	1
compact flash memory card reader	1
antique truck club of america, western mass	1
femdom suffocating with foot in mouth pictures	1
rte sport	1
hp 96/97 ink	2
king arthur flour yeast for sourdough	1
whdh breaking news	1
radar detector	1
how to make thaumium ingot	1
bass pro	1
soho	1
sauteed mushrooms garlic and onions	1
what is present health condition of theresa heinz?	1
minecraft chroma hills 1.7.10	1
minecraft ftb best modpack 1.7.10	1
minecraft voxel map	1
gta online how to kill a hydra	1
pictures of ww ii holocaust	1
diphtheria	1
pennsic university	1
logitech g930 software	1
all hentai	1
ap psychology exam 2016	1
orchid glads	1
cucina pizza westford	1
blade and soul crafting and gathering	1
what is free internationally with the iphone	1
kogi bar and grill plymouth	1
urban climb australia	1
how to change gamma settings minecraft	1
buck knife da14	1
skyrim workshop mods not loading	1
katie sheehan scituate	1
topsfield ma council on aging	1
http://westernmass.craigslist.org/apa/5564977118.html	1
msn	1
agawam flea market	1
ficher sher plow	1
3 bin composting	1
how to make bird feeders from toilet paper rolls	1
saidagate	1
unions intersects and complements practice	1
demorgan's law statistics practice problems	1
ramses i	1
successor to ramses ii	1
the mystery of the hanging garden of babylon	2
lifetime movies	1
amt automag ii	1
the guardian, james meikle mad cow	1
legend of korra season 1 episode 12	1
will game of thrones season 6 be shorter	1
чьи стихи пока мы живы можно все исправить все осознать раскаяться простить	1
bell of lost souls	1
jims wargames workbench	1
the warstore	1
how does nausicaa introduce herself to odysseus	1
oracle database in memory	1
human resources	1
pizza palace enfield ct	1
thrift shop online clothing	1
bostich	1
seven deadly sins netflix	1
belmont ma school calendar	1
forecast boston	1
what are the complications of paranoid personality disorder	1
scottcawthon website	1
62 franklin street westfield ma	1
clothes delivered to you	1
3 romances schumann clarinet	1
schumann 3 romances for bb clarinet	1
apurva agnihotri	1
trelo	1
cs50 week 3 gdb	1
game of thrones season 5 cast	1
how can i find out the time i was born	1
how does onmousedown differ from clicked c#	1
is declaring a varible at run time slower than static decleration c#	1
autotrader	1
top 10 budget pc cases	1
best bang for the buck for average user pc build	1
kappy's liquors	1
spencer scott	1
dramione fluff	1
cheap airline tickets	1
"""copy windows from virtual disk"""	1
pharmacist 92126	1
crv easy remote start oem 2014	1
mas dot	1
how to format external hard drive for mac and pc	1
mario underwater theme	1
trinitarianism	1
trello	1
umass sat scores	1
neve no egito	1
crop circles theories	1
how to add contacts to samsung galaxy phone site:youtube.com	1
movie about guy in love with a horse	1
patriots undrafted free agents	1
humanities courses bu	1
ds3 wiki	1
enphase energy glassdoor	1
curtis reeves	1
assata shakur	1
kubota bx1850 backhoe	1
mpc3000 zip drive converter	1
water winding hose	2
frigidaire model # fpus2686lf1	1
how to say you are interested in a apartment	1
trans am travel	1
hustle and flow cast	1
dow jones industrial cnbc	1
prime rate	1
s and s worldwide	1
apartments for rent	1
program timer0 in c to generate a square wave of 3khz	1
program timer0 in c to generate a square wave of 1 khz. assume xtal = 1mhz	1
program timer 0 in c to generate a square wave of 3 khz	1
baking in glass pan vs metal	1
astral reflectiona	1
breaking cat news	1
the three little pigs lego	1
mario remix boss edition	1
lego train car for cars	1
ashburnham healthcare locations	1
the walking dead season 6 episode 1 putlocker	1
massmutual federal credit union	1
joann bennici	1
area of pentagon	1
"""fallout 4"" can't turn godrays off"	1
cats being jerks	1
drake - one dance	1
sis	1
adobe fonts	1
let's play nioh	1
redhead pornstars vintage	1
buck henry	1
ghirardelli 100 percent unsweetened cocoa best for heart	1
brisset qb	1
2 bit	1
eternal sunshine of the spotless mind	1
wavenumber	1
i accidentally the entire coke bottle	1
disney club member login	1
paint nite at the wang theater	1
thredup	1
indian health service ukiah	1
orange amp bass	1
spinning light stars	1
rudolf clausius contribution to thermodynamics	1
signs and symptoms of preeclampsia include	1
harry potter world	1
melrose public schools	1
harry and david	1
kilo kush	1
bluetooth doggie door	1
how to make detailed shirts on roblox	1
windows 7 idle lock	1
linscott rumford school	1
fish recipes with lemon	1
what is your adjustment and experience you did in your college in essay	1
my college experience essay	1
college life essay	1
kongos come with me now	1
флективность это	1
580 harrisburg radio	1
red bull algorithm	1
tor	1
bolts soccer	1
difference between 64 tick and 128 tick cs go	1
zmodo zp camera	2
towns of san diego county	1
1031 s pacific st oceanside ca	1
bristol pigeon club	1
blog veja	1
big boobs granny	1
radio ecuamerica	1
candles and more	1
pulp fiction budget and profit	1
how to transfer contacts from iphone to iphone	1
obgyn boston	1
crate and barrel jolie lamp	1
necrologue nwnprod	1
victreebel smogon	1
words that start with o	1
hercules bandcamp	1
beth israel medical center needham, ma	1
bill belichick nfl network special	1
pete maravich	1
adobe color	1
jeep wrangler light bar	1
free porn	1
fair food network glassdoor	1
read excel file r	1
mississippi	1
how much house can i afford	1
big hero 6 soundtrack	1
substitute for parsley	1
adverb form of french words	1
best handheld vacuum consumer reports	1
the family abc	1
sound of silence meaning	1
starbucks verismo coffee pods compatible	1
protestant movement	1
storm chasers	1
noaa weather	1
audi q5 p3cars gauge	1
4th edition simplified character sheet	1
justice league heroes psp black canary	1
reddit league brtt tattoo	1
how to launch steam game in difference resolution	1
remember me error	1
choice games like life is strange	1
reddit datguylirik best sub sunday games	1
nvidia control panel doesnt show settings	1
hyatt	1
gestation period for dogs	1
cottage rental + groton, ma	1
wiring harness kit for i h 2444	1
summer steamer throwdown	1
city of haverhill appliance drop off	1
pflueger limited presidential reel rebate	1
how to write an equation of a parallel line that passes through a point	1
negative reciprocal of one	1
06764-763-r00 mulching kit	2
fathom adonia + simlon postcards	1
snoke theories	1
tripods john christopher	1
carsdirect	1
rei garage sale	1
melania trump	1
forever 21	1
texstudio	1
bathtub item crossword	1
using baby foot on face	1
membersonline	1
20/20 heroine 2016	2
what coast is excellence in punta cana	1
stephen costa cambridge ma	1
even amongst fierce flames	1
sharon van etten	1
italian restaurant cape cod	1
rise of atlantis	1
roses are red mac band lyrics	1
channel awesom	1
okcupid	1
wikipedia	1
perry miniatures	1
fel-techtooldivision.com	1
was oprah winfrey in the movie roots	1
oprah winfrey roots cast	1
love isn't love til you give it away lyrics	1
"""jeff harnar"" 1959 ""seventy-six trombones"""	1
jacoby brissett nfl	1
jacoby brissett	1
rabaa massacre	1
cape cod five	1
utube	1
kickass torrents	1
league of legends	1
high end catsup	1
premier league live tv	1
lisbon me to delanco nj	1
greatschools derry nh	1
is apoxie sulfur	1
how to cut sintra	1
"button maker machine 1.5"""	1
amateur begs for bbc seed	1
kite runner sparknotes	1
x game	1
interia	1
gibson tulane	1
mm to inches	1
uniqlo	1
baked potato chips	1
futurecast radar	1
elmo video	1
macys	1
c min function	1
market basket circular bellingham	1
the batman	1
doonesbury comic	1
franklin cafe	1
iron duke brewing	1
egfr normal biology	1
egfr youtube	1
making ginger powder	1
drying ginger in the oven	1
windsor village waltham	1
what does no deductible mean	2
do your parents let your boyfriend sleep in your room	1
how do i find out the age of my dell computer	1
warby parker	1
disney character moms list	1
megabus	1
peripheral neuropathy cranial nerve 7	1
brookline pet clinic	1
viking river cruises overweight people	1
hertz tolls california	1
powerball ma	1
parsons school of design ranking	1
palazzo malipiero	1
riviera venice	1
l'escargot montorgueil	1
via tornabuoni	1
how is the monster connected to id, ego superego	1
other words for not enough	1
lucille ball was bitch	1
most terrifyinf cartoon	1
top android apps	1
hanslick on the musically beautiful	1
resultados da instalação do encase	1
fixer upper	1
eso crown card	1
