storyjumper	1
meadowood townhomes	1
epicor prophet 21 forum	1
nexthaha	1
msn	1
suplementy witaminowe przed jedzenie czy po	1
onet	1
dc3300 shopsmith vacuum used	1
walmart credit card login	1
hugo boss long sleeve polo shirt	1
50s diner	1
does duck like whole corn or cracked corn	1
shinedown almost alice	1
chromecast apps	1
fs1	1
pizza ovens electric commercial	1
wisco industries	1
amazon katy b honey	1
what do root aphids look like	1
e-p2 vs e-m10	1
sound of classics notre dame	1
tin bcg friction coefficient	1
ace ul stock	1
apsaras movie tamil	1
naren k linked in	1
stolen base leaders	1
maurices	1
bernie sanders	1
no one compares to you	1
fx wraps	1
arctic cat proclimb wraps	1
turmeric substitute	1
haircut mount pleasant michigan	1
schoology	1
teacher's guide les nuits mysterieuses a lyon	1
mens accessories gentle whispering	1
change cortana voice to jarvis	1
mi lotto	1
ect actual angle	1
food imported from china not meeting fda regulation	1
primordialism vs constructivism	1
todd white	1
tcf bank	2
yellow plums	1
domain graph	1
platte river eagle cam	1
chris young cassadee pope	1
whmi	1
310 newman st, east tawas, mi	1
curry on crust canton mi	1
triad markets	1
american legion preamble	1
new part.com	1
ppq q5 price	1
wayne state university basketball camp	1
exterior vinyl shutters	1
clash royale deck arena 4	1
um dearborn commencement 2016	1
bucky larson full movie torrent	1
zeitgeist movie	1
kmart water softener	1
what happened after pontiac rebellion	1
how many people visit greenfield village annually	1
david steiner aipac	1
how to find wifi password on windows xp	1
1931 ford 2 door	1
flustered anime girl gif	1
vistaprint coupon	1
how to make best setting for at&t wife	1
google	2
grad caps tangled	1
mcdonalds on linden rd	1
mic tester	1
boys sandals	1
vic2 mods	1
dc universe online premium access	1
how to scroll with touchpad windows 10	1
craigslist	12
frank laloggia biography	1
www.pornhub.com	1
northpointe bank	1
how much would i save on a $60,000 mortgage making one extra payment a year	1
where to put page span in mla citation	1
open source adult games	1
scrapbooking stores grand rapids michigan	1
once upon a time season 5	1
lego comic builder	1
hazardous waste disposal lawsuits	1
inferno rv	1
yahoo	4
national arbor day	1
trees and shrubs for zone 6	1
skip bayless	1
washington correspondents dinner	1
masterclass	1
cost of military vehicles	2
wrath of the lich king private server	1
healthymichiganplan.org payment	1
runescape	1
mobafire tristana	1
need for speed 2015 gtr tune	1
what is the first step of the system development life cycle quizlet	1
is a collection of related data that can be stored sorted organized and queried	1
expedia	1
umich.edu jobs	1
dearbron chirsitan felloship	1
coldwater michigan hotels	2
kmart / 8171 w houghton lake dr., houghton lake	1
miles killebrew highlights	1
planning center	1
bmi 25	1
moviestarplanet	1
silph co fire red map	1
where to get hair extensions done professionally grand rapids mi	1
they call me trinity	1
fat lady is humming	1
carol lamotte mehmet guleryuz	1
mens black loafers	1
teen tied and forced to squirt agged	1
warmane panda starting zone bug	1
north flight ems	1
north flight ems openings	1
chrysler royal emblems	1
closeout patio cushions	1
ati radeon hd 3600 series (microsoft corporation wddm 1.1) price	1
bloody mary bar holland mi	1
watch street outlaws online free new orleans	1
text plus failed to register your device	1
textme app number lookup	1
metro pcs phones	1
game of thrones time tonight	1
google drive	3
blur part of photo paint	1
body piercings shopping	1
furnace supply warehouse near me	1
what does it mean to drop a mic	1
aspergers obesity	2
henti fury	1
trial frontier is great	1
megalomaniac	1
plantar fasciitis	1
panzoid 2	1
darkmoon faire	1
rocky mountain national park backcountry campsites	1
grizzly bears rocky mountains	1
meilan 3 rmb 599	1
rainbow boots	1
factorio landmine	1
factorio lazer turret	1
therm a rest port wine	1
comcast	2
pinnacle homes reviews	1
evike masks	1
iowa state basketball	1
keyboard shortcut for subscript	1
facebook,	1
meijer photo books	1
ad leona top	1
institutionalized suicidal tendencies	1
indiana running races 2016	1
coolmath games wheely	1
indianapolis things to do may 2016	1
bikini girls	1
thinkorswim playform fees	1
how to read an options trade	1
65js8500 samsung ratings	1
bankofamerica sign in	1
happy ending massage	1
fallout 4 walkthrough	1
wayne county health dept wayne mi	1
russkie seriali 2016	1
masha and the bear	1
last man on earth	1
fatality mortal kombat x	1
the xx - intro	1
vaporwave	1
20th anniversary theme	1
shoryuken	1
siddhartha - herman hesse	1
psychoanalysis	1
summer vacation guide	1
blue cross	1
unique things to do with grandma on mothers day	1
mothers hold their children's hands for awhile but their hearts forever doodle art alley	1
indie gala	1
steam disk write error	1
1999 chevy tahoe makes popping noise in 4x4 at floor shifter	1
the lion king simba scar hd	1
what is chocolate diamond	1
"fontanni signature collection 4 1/2"" man 105 1990"	1
windows firewall not using recommended settings	1
rain maker awards	1
how to set up tv speakers on wow cable	1
brink server list	1
craigs list	1
chrysler careers	1
blue cross blue shield blue care network	1
facebook	44
magic the gathering planeswalker	1
homeschooling wimberely texas	1
min	1
christina mastrianni st clair shores	1
reynad twitter	1
lansing weather	2
abc slavery	1
spain news	1
minecraft spectral	1
할로우 아타락시아 hcg	1
attach power strip to light tree	1
super brainz vs buzz lightyear death battle	1
deviantart	2
banana cookies healthy	1
scotland's dna part two	1
safety camera home	1
85-91 c4 l98 corvette maximizer header exhaust	1
lyme flash	1
weather	5
"""the donald"" hustler"	1
ebay apba baseball	1
phone book	1
walgreens ad	1
clare public schools	1
facebook login	2
flexible flyer	1
architectural history quiz modernism	1
pizza sauce brands	1
yogi bear frankenmuth	1
finn road campground	1
kobalt 18-volt nicd	1
jack kunnen photography	1
planet fitness	1
mickey lee soapworks	1
yard clean up guide	1
jason williams nhl	1
konojo wa dare to demo sex suru	2
big e langston twitter	1
kofi kingston facebook	1
minecraft 1.9 mods	1
overwatch	1
kelley blue book	2
michigan secretary of state	1
nombres de confirmacion	1
where is huron street in cass city michigan	1
i've got a filling invaded	1
abc games	1
how to find the right highlight color for your hair	1
princes purple rain long version	1
craigslist dayton ohio	1
"""meek and lowly"" lyrics badasht"	1
help me to be meek and lowly	1
fallout 4 seperates saved of modded game	1
fallout 4 mod update new mod features	1
piacentino romano antonio	1
bundy gang	1
mac faux dupe	1
kantian theory	1
dueling network	1
edelbrock	1
covenant healthcare	2
grabagun	1
frontier size of check baggage	1
google maps	3
fat1 gene	1
wsdmi.org	1
walmart	6
tupac shot on novemeber 30	1
khia	1
yhorm the giant	1
countertops	1
red prom dresses	1
gold wedding dresses	2
hotmail	6
nick carson	1
deuterocanonical books	1
pseudepigrpaha old testament	1
laptops	1
man massage	1
modified classic cars for sale	1
v force profiler or virtue vio	1
colorado springs shooting	1
cameron craig group	1
frigidaire r134a replacement door shelves	1
1979 country squire wagon	1
used car loans	1
inventor of penicillin	1
best eyelid cleanser for blepharitis	1
testing for sjogrens	1
salagen	1
low t3 syndrome	1
acer switch wont start	1
craigslist lansing	1
how do i get a membership with dyc?	1
andiamo dearborn	1
battery for aspire 5250-0468	1
walda frey	1
fruits low in citric acid	1
find toto toilet model number	1
tot parts cst853	1
bass pro shops	1
advantage of longer fishing rods	2
programs for swearing in the classroom	1
no swearing in the classroom program	1
toes cum cleanup	1
kentucky derby 2016	1
pinterest bathroom ideas	1
jeremy london	1
wooster ohio	1
zillow	3
borg warner t5 for sale 300zx	1
art van	1
why supplemental security income will end	1
target press release april 20, 2016 full press release	1
ted cruz 2016	1
buycott target	1
spot size spot welder makes ?	1
psp roms	1
anal sex machine tumblr	1
bunheads	1
best staff dark souls 3	1
dark souls 3 endings explained	1
how to college loans work	1
early withdrawal from 401k to pay student loans	1
easy tamale recipe	1
comcast schedule	1
undertale gaster blaster	1
what is twilight golf	1
history of gerald r. ford	1
executive mansion during gerald r. ford presidency	1
gerald r ford	1
grand theft auto 5 script hook 5	1
hipstrumentals	1
top hawaiian islands	1
cfashionista	1
rick and morty simulation	3
granny's original oil of eucalyptus	2
soul without life guide	1
dd/lg	1
g.e hentai	1
gamer girl streams topless	1
video game news	1
money enables us to make comparisons of value among goods and services. this is the ________ use of money.	1
fortran cpu time	1
walgreens	1
chris chan facebook	1
futureball airsoft	1
lose yourself jb lyrics	1
henry ford hospital make an appointment	1
can vinegar cause your tongue to turn white	1
white tongue candida	1
gordon food service	1
michigan sober riders	1
2016 draft grades	1
tsi english test	1
nikki eliot b/g sex video	1
pnematic scroll saw	1
window fuzz strip	1
west michigan obstetricians and gynecologists	1
stop payment to pbs.org	1
massage parlors map	1
six sisters recipe for monterey chicken	1
how do you rank up in cs go	1
cheap baby clothes	1
the latest in how to root lg optimus f3 virgin	1
pokemon x mystery gifts every month	1
washington correspondents obama boehner video	1
eliott ness amber lager	1
donatos coupons	1
amtrak detroit	1
flip over trailer axle	1
pharmacy technician	1
pharmacy technician hourly wage cvs	1
cool l shaped stairs	1
handsome naked male atheletes	1
kelly ripa	1
robux generator no verification	1
robux generator no human verification	1
gta 6	1
fleas in house	2
f sharp minor polonaise	1
tbbp	1
skyrim enchanting potion code	1
zzestrus.esp	1
gayvideos only	1
only gay videos	1
how long does it take for you to look at a horseshoe joke	1
cabellas	1
young living	1
detroit lions draft picks 2016	1
micargi bikes wikipedia	1
firmstrong wiki	1
webtoons	1
graphics driver update	1
tower of god 196	1
minecraft reddit	1
adventure time reddit	1
books on macro diets	1
how to delete an item off flickr 2016	1
amazon.com	2
stanley 48zs review	1
ridgid gaming	1
hack someones iphone messages	1
blue snowball quiet windows 10	1
does the blue snowball work with windows 10	1
youtube channel advertising site	1
vive	1
pokemon fire red rom	1
transfer ebook from adobe digital editions to kindle	1
chicken coop	2
menard chicken coops	1
registered behavior technician	1
mid-city supply inc	1
aqua-tec irrigation inc	1
blue sky sessions	1
burnips equipment co	1
university of michigan communications	1
university of michigan communications advising	1
j crew outlet	2
the tragedy of macbeth quotes	1
musical therapy	1
holland sentinel	1
krysiak's restaurant bay city	1
aaa storage waterford mi	1
soma	1
amazon	7
tracking number 9500114800816121013362	1
nba	1
dominos	1
525-213 dorman	1
php convert to string	1
disrupter switch to watts	1
exarion firered round 2	1
fire red round 2	1
thailand living cost	1
expat living in mexico	1
elho	1
johnson trolling motor	1
league of legends north america server status	1
is defense	1
gmail	7
twelve oaks of traverse city bed & breakfast	1
carl's golfland	1
why is hateful eight rated r	1
dc weather forecast	1
nbk.io	1
amish king bed	1
building permanent projects arduino	1
zodiac wiki	1
check n go promo codes discount code	1
online cash advance michigan	1
jay z	1
jon snow	1
how to get a clear google search bar on android home screen	1
band hero	1
nioh is awesome	1
kroger coupons	1
nlack desert horse skills	1
signals coupon	1
onedrive	1
utorrent	1
oil tanker pendleton	1
kalamazoo beer exchange	1
gumballhead clone	1
roadrunner transportation	1
icy veins	1
6.2 ele faq	1
fat ass anal gif	1
sophia jordan porn	3
the swing set plymouth mi	1
grand cakes	1
96 polyester 4 spandex fabric	1
sinfonia nu pi	1
world map?	1
cssbb primer questions	1
tokyo ghoul uta	1
3.0l cadillac cts 0-60	1
aftermarket head unit cadillac cts	1
2012 cadillac cts4	1
wizard of oz conspiracy	1
new wave comedy	1
gigayo recruiting	1
gigayo recruiting executive search	1
googledocs	1
music to make you love your old lady by	1
mumfor and son babel	1
ticketmaster decemberists frederik meijer gardens	1
teeth in the grass	1
rhetorical questions in give me liberty or give me death speech	1
plop boot manager	1
id vault	1
hex code color scale	1
things i need to know for a permit test michigan over 18	1
tensa zangetsu	1
lines from pain naruto	1
koko yori, sekai ni itami o... shinra tensei	1
moms dildo	1
accuweather	1
ctu writing style guide:	1
at ctu what is given at the first offense of plagiarism	1
jim greenway	1
coal burner	1
mother 4	1
hippopotamus weight on my head	1
sophie y' israel	1
negispringfieldof4ch	1
og mudbone	1
dollar general north muskegon	1
jersey giant x gold laced wyandotte	1
hentai manga	2
rick and morty season 2 episode 1	1
gmp by the sea	2
slitherio	3
main street audio video	1
short chnge hero lyrics	2
dhee juniors	1
free property in michigan	1
runescape 99 combat afk	1
2005 mustang repainting hood	1
costco	1
how to build the smeltery	1
fast full color printing	1
hot new hip hop	1
import after effects into premiere pro	2
metrazol	1
cat 4 advanced directive	1
bobcat tractors	1
deutz tractor for sale	1
faceboom	1
crappie fishing michigan	1
grille in the ville menu	1
012800521074	1
radio parts for mounting	1
radio kit	1
michigan chicken brahma	1
para que sirve un transistor mosfet	1
mapquest	5
delta airlines	2
federal banking regulations	1
cyber warfare attacks on us statistics	1
cyber attacks from china stats	1
1 bedroom apartments lansing mi	1
daron lee snubs urban meyer	1
andyos	1
old orchard condominiums lifetime fitness	1
free euchre card games online	1
hyporeflexia dtr	1
advance wars	1
how long does balayage take	1
mandated reporting	1
edward snowden	1
timex ironman	2
timex expedition	1
snapchat pink hearts	1
bts forever young trilogy	1
the 100 season 2	1
target	5
pornhub.com	1
rivers of steel	1
portland thengs to do	1
bdsm art	1
japanese rope bondage	1
cabelas	1
home depot	4
outdoor folding chairs	1
the mountain actor	1
wazafc	1
planting soybeans for bigger yeild	1
sheridan auction	1
girl scout cookies	1
how many tylenol should you take at once	1
dcecu.org	1
rs 2007 ge prices	1
how do i search for programs on windows 10	1
html link tag	1
cosmic egg	1
tochar functions in mysql	1
detroit free press sports	1
macy's	1
dark souls 1 spawn a club	1
edible arrangements	1
mlb tv blackout 2016	1
which of the following is an example of how the principle of beneficence can be applied to a study employing human subjects	1
in terms of explaining the probability of assignment to trial arms in consent forms, which is true	1
black desert online ninja skills	1
draft winners and losers	1
pnc bank	1
albasoul	1
black lives matter a real threat?	2
are white people in danger blm	1
homes for sale in oxford mi	1
homes for sale in clarkston mi	1
name of disease in miracles from heaven	1
`face	1
mediatek	1
country view store	1
best-pfoa-cookware-nonstick-eco-friendly	2
watch heartland online	1
uc stool	1
asos curve	1
cute mothers day gift ideas	1
apartments near wmu	1
nottingham apartments kalamazoo	1
nashville events	1
xnex.com	1
what is spinal fluid for	1
how to write a good thesis	1
where does mere christianity talk about moral virtue	1
string.charat java	1
brian black grand river builders	1
tyvek mailers	1
studio c	1
philosophical investigations	1
anarchist integralism	1
erik peterson theologian	1
tftp port	1
kroger	1
replace arrowroot powder	1
slow cooker vegan french onion soup	1
catching leaches	1
coconut macaroons	1
tortellini soup	1
dimension w doujinsh	1
dimension w hentai doujinshi	2
where is internet temporary files	1
ps2 horror game car	1
k2 for varicose veins	1
tim cook	1
priming beer with dry malt extract	1
1998 cherokee wheel bolt pattern	1
ion tv xfinity channel	1
how do i line up the prop with the bottom of my row boat	1
how big of a spacer should i use between the transum and motor on my row boat	1
field and stream adventure shirt	1
activities that will relieve headaches	1
escanaba schools	1
panda express	1
high school strength and conditioning mental self image	1
no battery is detected solution asus	1
advance auto difference between silver and gold battery	1
woot	1
sb6121	1
french doors with screens	1
the incredible hunk sex toy	2
christopher lambert	1
f-16 conformal fuel tank	1
vintage market and design chalk paint	1
espn	2
jenna ivory	1
huntington bank	3
c7recycle	1
about the monarch butterfly	1
yahol	1
what are the advantages and disadvantages of using the conservation of mechanical energy rather than newton’s laws to solve problems?	1
tahquamenon falls site map	1
bulls and cows python	1
sanford and son the shootout youtube	1
chima gorilla tribe	1
aris bakhtanians	1
obama mic drop	2
groupon lansing	1
groupon	1
diamond dog food	1
boy in the striped pajamas	1
2009 ms70 panda value	1
catch me if you can title sequence	1
free porn	1
nps passport locations	1
home depo	1
stuinfo	1
compare paxil with lexapro	1
boost	1
city of grand rapids jobs	1
xbox one headset sound settings	1
yu-gi-oh wiki	1
nx convert faceted body to surface	1
convert nx faceted body to surface	1
mukta actress	1
deerfield church of amble, mi	1
steve man candy calander	1
youtube converter	1
youtube	19
used xbox one	1
2004 honda pilot accessories	1
gun safe	1
foodstamps	1
firstrowsports	2
"20"" jeep grand cherokee wheels oem"	1
best used cars for under 25k	1
river phoenix	1
free jinger seven sisters	1
mw3 god mode offset	1
kv.bin generator	1
looney tunes	1
espn español	1
trailer dealer in hobart wisconsin	1
roots john amos	1
nvidia geforce	1
cnet	1
wayfair	1
grand rapids \eath grcc	1
grand rapids mi	1
muriatic acid hydrogen peroxide gold equation	1
loadout.tf	2
destiny symbol transparent	1
kiss to koukai mymangaonline	1
blowing the conch shell	1
repelis	2
allcalidad	2
google mail	1
batman vs superman مشاهدة فيلم	1
total war shogun 2 keeps crashing	1
3 in 1 pressure cooker	1
how to get mothball smell out of wood	1
dicor lap sealant lowes	1
wmu academic calender	1
jenni lowe-anker	1
mcdonalds monthly shake	1
natural shampoo to get rid of scalp sores	1
maplestory	1
mortal kombat pc review	1
time spent on lol	1
harvard business school	1
willow garage	2
flikr	1
udpspeed f104	1
meijer mperks	1
wifelovers	2
porn tubes	1
gunbroker	1
tie fighter double mouse	1
john taffer net worth	1
the great gatsby imdb	1
phone sex operator jobs	1
pantene coupons	1
phonological awareness assessment	1
richard the third chicago exoskeleton	1
should i buy age of empires 2 hd or 3	1
how old is halle berry	1
genesis church 2	1
writer's market 2016	1
bantams	1
edi mass effect	1
intentionally showing minorities	1
hsn	1
how tall is liam hemsworth	1
teen mom 2	1
conhost.exe	1
ridgid press snap™ soil pipe cutter	1
aerie	1
nude girls home pictures	1
thunderwinds irish terrier kennel	1
minnie mouse sleeping bags	1
video mom with 4 babies changing	1
richard caring	1
percentage of older woman with successful birth rates	1
google alerts	1
pud	1
creampie on top comp	1
lettuce made me sick?	2
fedcom	1
gre vocabulary pdf	1
obo meaning craigslist	1
lucia lapiedra	1
labrador myhyv	1
chase	1
how much to start an llc in michigan	1
leotards for gymnastics	1
still dre instrumental	1
antiquesf for sale	1
kellen moore college stats	1
artisan stainless steel apron front sink large single bowl	1
rpublican delegate count	1
national nigger day	1
steven universe merchandise	1
we bare bears	1
darpan kumar	1
hocking hills state park cabin contact	1
shelby state bank	1
primal giant post node black desert	1
mytrimmer	2
meijer	3
michigan lottery	2
skiplagged	1
season 6 sona	1
a belly rub for a stuffed friend	1
bank	1
odoms traverse city	1
gl1100 engine smoke	1
soul eater season 2	1
robe pattern simplicity jawa	1
jawa robe width	1
shadesix	1
the impossible quiz	1
opposed definition	1
muscle car transmission options	1
inflation rise effect on borrowers and lenders	1
free fall equation without drag	1
fouseytube net worth	1
dicks sporting goods 20 off coupon	2
warren parks and rec softball	1
macomb county softball league	1
best antivirus 2016 with optimizer	1
can i customize signature image in outlook?	1
inflection refers to the quizlet	1
a listener anxious about an upcoming exam	1
persuasion is a psychological process in which listeners engage in a	1
batarang throwing knives	1
“all time is all time. it does not change. it does not lend itself to warnings or explanations. it simply is. take it moment by moment, and you will find that we all are, as i’ve said before, bugs in amber.”	1
buffalo men, they called them, and talked slowly to the prisoners scooping mush and tapping away at their chains. nobody from a box in alfred, georgia, cared about the illness the cherokee warned them about, so they stayed, all forty-six, planning their next move.	1
periodic table of elements	1
gvsu	1
how to get an unofficial transcript pdf	1
don't whack your teacher	1
rolling sky online	1
aether	1
mogstation	1
soda reacts to lea ban	1
g-cord bluetooth review	1
best hospital for vascular eds	1
mnedon old car dust off	1
cod messenger code	1
psn free games may 2016	1
ridgid 10 aluminum pipe wrench offset	1
zhou tai 5th weapon	1
laura sager ann arbor	1
overwatch review	1
best way to put your bed in the room	1
skype	2
torguard	1
rust	1
soccer physics	1
world of tanks t-54 first prototype	1
how to kill svchost access denied	1
cvs	1
suburban collection	1
sephora	1
gaming laptops	1
graves probuilds	1
butterfly weed germination	1
2016 rock and roll hall of fame	1
downtown grand rapids parking for rent	1
python property	1
do you swallow grizzly pouches	1
cr 250 graphics	1
skyrim additem	1
add item skyrim	1
what do you call a blacksmith's workshop	1
ib paper 1 english literature	1
classroom	2
taming mighty alaska: an rv odyssey by william c. anderson	1
when is the next kate shugak book	2
gc2-4 battery box	1
carely app	1
home	1
avocado recipes	1
system shock 2 how to use biomaching]	1
system shock 2 how to use bio reconstruction	1
how does mp4 audio compression differ from mp3	1
samurai champloo soundtrack	1
make a steam engine	1
afterburner rog skin	1
how are proteins and nucleic acids related?	1
a researcher is designing a laboratory experiment to determine whether the inorganic substance a affects the rate of a reaction between two colored liquids, x and y. when the reaction is complete, the liquid is clear. the reaction between x and y is similar to one used by manufacturers to produce certain chemicals in factories.	1
one thing the civil war proved was that a. the federal government had to take control of prohibiting slavery, rather than leave that decision to the states. b. thereafter, the draft would have to be considered “involuntary servitude.” c. a distinction would have to be made between slavery and involuntary servitude. d. racial discrimination led to slavery.	1
milf twat	5
nerd pussy	2
teen tranny	5
fucked while sleeping	1
bike a palooza kalamazoo	1
google docs	9
flights from detroit to florida	1
siemens radiology support	1
adding network drives to sharepoint	1
yandere simulator	1
soozier 21b gravity fitness therapy	1
msu math placement test	1
michigan state math placement score	1
slither	1
first source bank, missouri	1
bad ice cream	1
paypal	1
windows 10 set time zone automatically not working	1
watch agents of sheild	1
walther p99	1
rwby volume 1 theaters	1
orange county choppers	1
homes for sale	1
photo of colleen farrington with diane lane	1
did ya get that thing i sent ya	1
hotels near coldwater mi	1
holiday inn fremont indiana	1
10-10-10 fertilizer	1
1983 campagnolo seat binder bolt torque	1
1983 campagnolo seat rail binder bolt torque	1
permatex threadlocker blue	1
permatex threadlocker blue instructions	1
california southern university	2
how to transfer data from c drive to d drive	1
craigslist michigan	2
batesville rotary club 2015 gateway to the delta 10 mile souvenir glasses	1
trump news	1
ge profile door bin dse26jgebcbb	1
eyourlife 42 inch light bar super bright light bar 240w driving bumper lamp suv ute 4x4 truck jeep	1
games like tribez on facebook	1
good practice techniques for piano	1
playboy malena	1
skyrim non sexlab animations	1
address for lester j vandenberg middleville mi	1
pee desperation story	3
ashdubh	1
self closing hinges	1
best buy ad	1
gmc sierra rust under extended cab	1
truck rocker panel replacement waterford, mi	1
pentecost crafts for kindergarteners	1
kevin ives & don henry	1
ebay	6
best places to use bonecrusher	1
maximum 529 contribution	1
wyoming crime rate for adults	1
lube tube	1
white pages	1
skyrim water bug	1
ice la fox and havanna ginger	1
humidifier valve does not close	1
snapchaat grimace	1
online geometry sketchpad	1
i'd like to put some bbq sauce on that	1
element led 32 amazon	1
buenos aires costa rica	1
relationship between pkw and ph	1
the most common way that people give up their power is be thinking they don't have any	1
icpeers	1
rectangle activities for toddlers	1
comerica bank login	2
simpsons season 3 episode 1	1
detroit tigers	3
5th3rd login	1
private k-12 orange county	1
leport schools irvine tuition	1
google map	1
yahoo sports	1
calendar template ms word	1
dolph ziggler	1
14.8 percent of 250000000	1
fort gratiot township	1
amazin	1
1.9.2 texture packs	1
prestonplayz texture pack	1
chippewa native americans michigan	1
aarp	1
details on prince	1
dell outlet	1
best movies of the 2000s	1
history of gibson guitars	1
freeporn	2
easy lawn striper	1
muskegon catholic central girls soccer spring lake	1
antique side arm cabinet	1
marc jacobs	1
google images	1
shorts brewing facebook	1
doe email	1
free printable permission slips for volunteers	1
netflix	4
best putter for beginners	1
grove warden	2
pandora	2
liam cunningham imdb	1
candy factory tycoon roblox codes	1
wolverine umich	1
sassuolo in europa league	1
divide et impera pronuncia	1
ann arbor	1
power converters stop working tekkit	1
free vpn	1
detroit airport parking	1
costco cash card for non members	1
dealmoon	1
exploding kittens	1
beets recipe	1
trojan batterys	1
agent user switcher	1
steam error code 41	1
backpage.com	1
johnston and murphy	1
youtube ted talks	1
used cars near cadillac mich	1
unknown holidays	1
bleach chapter 672	1
repair cost	1
axle seal	1
replacement arms giorgio armani	1
aliceelizabeth	1
hollister	1
therma tru full lite door	1
lotería nacional	1
yahoo mail	4
kaido	1
camibrigde poylmer labs	1
safety 1st baby safety railnet	1
other words for jobs	1
playboy plus	1
gofundme	1
jack allen msu	1
number of channels on youtube	1
how long would it take to watch every youtube video	1
lmcu	1
shwe myanmar movie watch now	1
book review blogs	1
what are some predominant cultural influences that affect the administration of justice and security	1
zeal credit union	1
ds1 priscilla theme	1
ds1 crossbreed priscilla	1
chili menu	1
barrel roll google	1
chocolate fudge frosting	1
hazel grace age	1
seraphina ames	1
obama 57 states	1
my rug doctor is not spraying	1
splatoon amiibo	1
places to go in october	1
why can one not reliably predict the exact sequence of dna nucleotides for a gene from the amino acid sequence of the gene? quizlet	1
why can one not predict the exact sequence of dna nucleotides for a gene from the amino acid sequence of the gene?	1
topological proof of fundamental theorem of algebra	1
michigan paralegal ethical obligations when using facebook in the office	1
lear corporation stocl	1
lear competitors	1
capital one credit card sign in	1
soldier slot play	1
where to find yhorm	1
best games on steam	1
hyper light drifter	1
ultimate-wedding-day-photo-check-list	1
10455 pennycress ln mattawan, mi 49071	1
walmartone login	1
reheat mac and cheese in oven	1
sauder village ohio	1
learn 2020 student	1
gates of fire movie	1
eagle crest charter academy	1
mushrooms and dogs	1
exterior boundaries of the land extend	1
angies list refund	1
famous footwear canton	1
changing in locker room	1
voyeur locker room	1
denon x3200w vs marantz sr5010	1
big ten softball	1
2016 ncaa softball player of the year candidates	1
sigma pi oakland twitter	1
facebook sigma pi oakland	1
melcats	1
tf vs nasus	1
forttroff	1
kimchi health benefits	1
cnn	3
xbox one system	1
us chiropractic credentials	1
peanut butter cookies	1
download twitch videos	1
administrative assistant jobs	1
health care reit inc	1
rocket league dropping frames	1
jeep cherokee obd not working	1
text color fader	1
what is the color of a horse that is dark brown with white mane called?	1
synaptic touchpad not clickinh	1
dumond chemicals	1
carved teak table rs	1
best router for distance	1
talkbass	1
loose dog pussy	1
female dog pussy fucked	1
guy fucking his dog	1
peebles ohio	1
xxx	2
five finger death punch war is the answer deluxe edition	1
arsulowicz brothers mortuaries	1
wood tv 8	1
animal farms near me	1
michigan soccer tryouts 2016	1
fukushima disaster	1
icma rc	1
captain america civil war	2
mufaro’s beautiful daughters: an african tale.	1
giggle, giggle, quack	1
rio olympics logo	1
coca cola olympics 2016	1
suitcase magazine	1
drought tolerant trees zone 5	1
walk hadrians wall	1
rc boat kit	1
beef chinese recipes stir fry	1
bead smith.com	1
who are the true grotesques in harold and maude?	1
leviton ltb12-1lz	1
windows 8 iso	1
what year was world of warcraft released	1
rot13 translation	1
how to change american express user id	1
mayday lyrics	1
riley funeral home.	1
tire rack wholesale login	1
dark souls 3 cathedral of the deep	1
dark souls 3 walkthrough	1
how does economic environment impact amazon and its customers	1
stana katic	1
michelle collins	1
black aluminum z flashing	1
columbia water shoes	1
eddie eyre	1
axton op8 save download	1
short change hero full	1
were there really australians in the old west	1
what is public health	1
smuckers simply fruit	1
substitute for sherry	1
how to make a scientific resume	1
danganronpa2 case 2	1
ford lease deals michigan	1
ford escape incentives	1
barbershop the next cut	1
2005 f150 4wd vacuum solenoid	1
itunes download	1
how to uninstall apple itunes on windows 7	1
ezcardinfo.com	1
what do blights do in monster hunter	1
image search	1
jonathan lipnicki	1
copper wear	1
michigan lottery daily 3 & 4	1
billabong careers	1
einthusan malayalam movies	1
bank of america	2
urban outfitters	1
black and decker 18 volt battery charger	1
bih novine	1
vw passat serpentine belt	2
ojp8500va909_full_14.exe	1
microsoft teredo tunneling adapter	1
california penthouse 1505	1
mobi porn	1
game of thrones theme song	1
deltas airbus 330-300	1
where is extra calender in stardew valley	1
maops	1
wings event center kalamazoo	1
game boy advance roms	1
amy joyner	1
pokemon mudkip	1
southgate schools	1
wholesale boots	1
vanderwalt synod	1
exo	1
monster legends how to get free legendary habitat	1
monster legends how to get tons of gems phone	1
nikola tesla	1
holland theaters	1
andy's muscle goddesses	1
fallout 4 mods	1
adjectives for little kids	1
welsh word search	1
anandabazar	1
ctvn akd plus	1
eurotropin formula	1
singing toads klim beats	1
ネオジオ バトルコロシアム	1
star wars bad lip reading yoda	1
patton oswalt	1
runescape skill calculator	1
snopes	1
neopets	1
gordon h. cahours	1
main street apartments	1
msufcu	1
2005 ford crown victoria svt edition	1
brittany holmes topless	1
wheel size sand rail	1
load range tires	1
the samba	1
evite	1
erika sato interracial	1
underneath your picture you wrote these words	1
sonara	1
pierre oanne monument quebec	1
denny overberg	1
little big planet 3 ps vita	1
donald trump simpssons 2000	1
how to play online little big planet vita	1
cubital tunnel syndrome	1
making money from a twitter account	1
female tied forced cum gif	2
briana banks cumshot anal .gif	1
how to get better at f2l	1
f2l trick	1
how to forget someone	1
can you tell if someone searches your name	1
my phone's battery dying fast	1
carecredit	1
visa lost card	1
career builder	1
usps	1
gay bareback sex	1
hitman reborn kakugo	1
mth 234 msu	1
platform style mattress	1
lake champlain map	1
where is the wheel clan arcanum	1
shadowhunters episode 6	1
ultimate vibrator	3
the office season 9	1
brenda's restaurant	1
top safety rated three wheel travel systems baby	1
cosmetology poster project ideas	1
"""2003 jeep wrangler sport in detroit, mi"" or ""stock number: a133349u"" or ""a133349u"""	1
clarkston scamp	1
best areas of dallas for young professionals	1
pros and cons of dallas texas	1
predict what might happen to a population that is experiencing little immigration and emigration, low birth rate, and high death rate	1
which describes the greenhouse effect?	1
msu schedule builder	1
"""least offensive candidate"" political voting theory"	1
youtube to mp3	3
int to string matlab	1
sarah harman death	1
warframe rathuum mods	1
msi r9 390 vs msi gtx 970	1
how to find all lands in fnaf world	1
porkpatch fnaf world	1
scottgames.com	1
how to get all fnaf world characters	1
how to get to appdata	1
levina faye miller	1
thermal paste	1
super tiny blonde gets fucked	2
timber ridge golf	1
michigan upper peninsula zip codes luce	1
where can i use my snap at	1
muddy heights 2	1
poop hights	1
time killing games	1
hp pavilion media center m8100n tv pc	1
dr alexander acio	1
stip clu	1
strip clubs	1
dragon ball super episode 41 subbed	1
motorweek	1
you tube	2
new cnc lathe 5c collet small production run	1
chrome updater	1
arcteryx	1
toto's london	1
ec225	1
you	1
animal jam astronaut helmet	1
richard a henry funeral home battle creek michigan	1
how many pairs of perpendicular line segments are in a box	1
quinoa lima beans and peas	1
how to say piss in german	1
lgbt custom suits	1
kirby kerb side service	2
aster phoenix	1
xvideos	1
durango co	1
why shoot in monochrome	1
who designs for target corp	1
biofrost twitch	1
state of art of hematite photoanode	3
native great lakes fish	1
vagina flower	1
zillow.com pittsburgh pa	1
reverse lookup	1
game grumps reddit	1
6.8 spc rifles ruger	1
esperanto language	1
over the edge detroit	1
ontario, ny	1
极限运动八大挑战	1
7zip file is broken	1
geometry dash	1
online tangrams games	1
uy used sarees	1
austin, tx , whitis ave b/t w 20th st and w 21st st	1
amazon selling statistics	1
highest margin items from china	1
one or more network protocols are missing on this computer	1
windows 10 full system backup	1
4507 delemere royal oak 48073	1
unicode glitch generator	1
hot air	2
pro kitchen torrent	1
vita cfw	1
terraria 3ds	1
purple and green color combination bathroom pictures	1
opo sim card settings	1
raiders connor cook	1
pacific south america history	1
milgram's obedience experiment	1
popup camper conversion	1
apollo 250cc db-36 racing pit dirt bike for sale	1
femdom fetish tube	1
loaded potatoe	1
carol hill marysville mi	1
obituary chris space michigan	1
burning angel compilation	1
wwe payback	1
tribella clothing	1
used brighton belts	1
ziggurat meta	1
the sims 4 biggest house	1
fuck moms drunk pussy	1
sweet pears dole	1
apartments downtown ann arbor	1
xwrn9m	1
online loan application	1
funhaus	1
mitalentbank	1
traci clements homewood, il	1
whats the average price for a two hour massage at most spas	1
phim bo viet nam	1
tran do bat quai tap 24 1 5 16	2
pim bo	1
phim dao phat	1
airbnb	2
twilight zone room 22	1
cavs vs hawks	1
family video	2
sicario	1
vera bradley up all night sale	1
missouri reloading	1
sound voltex iii skin ksm	1
chase slate	1
online penacostal chruch service	1
crest mouthwash turns tongue white	1
android development app	1
caesar hair	1
batch edit file names	1
runescape pure	1
creatures framework loverslab	1
what happened to town.ag	1
deadpool movie online	1
c'thun priest deck	1
tmz.xom	1
willie adams college track	1
revolving line of credit	1
michaels car center	1
200 buick regal air condioning	1
mealplanneronthemediterraneandiet	1
chaalbaaz full hindi movie online	1
easton 7075 stakes blue	1
pof	1
att.yahoo.com	1
nora higuma	1
selphy cp780 ink	1
saginaw bay walleye videos	1
basic or acidic salts	1
wresrtle jump	1
android market	1
the punisher	1
guess the emoji roblox answers	1
adderall xr 10mg for child	1
detroit michigan	1
jack black	1
g27 racing wheel wiht farming simulator	1
tile backsplash layout	1
semiconductor particle accelerators	1
easwaran nadhan hp twitter	1
myrcs	1
phy 852 msu	1
lev landau	1
ats-v	1
brooks shoes	1
savings.autopay.com	1
luxury homes west virginia	1
glock g 43 proglo review	1
ap chemistry free response	1
header spark plugs	1
4.3 short plugs	1
william clay ford baseball field	1
where are william clay ford baseball fields	1
where are woodridge baseball fields detroit	1
where are woodridge baseball fields detroit, mi	1
dosbox for mac	1
recover windows vista password	1
delta carry on	1
perks of being a wallflower	1
wwe game	1
aapc sign in	1
ufc 200	1
ubuntu 32 bit old vertion	1
can i use a universal joint with an impact wrench	1
fox2detroit	1
factorio how to have robots remove trees	1
jetboil carrier	1
what goes well on a salami sandwich	1
fairlane estate	1
michigan state university campus panoramic	1
melanie corrigan	1
how to record a video for youtube	1
how to record and save video from computer	1
backpage	1
tell me about the coaching minor at wmu	1
学術论文集	1
d12 thistle top rise of the rune lord s	1
scribe scroll pathfinder	1
can you use sling tv on roku tv	1
student connect	1
roblox	2
text twist 2 shockwave	1
order of the stick	1
kroger feedback/fuel points	1
24653 ross dearborn	1
livlovesstuff	1
how to change skin minecraft	1
best sprinkles for funfetti cake	1
umich stop islam	1
burning mp3 cd windows 7	1
m1 30 caliber carbine made by gm inland manufacturing	1
naruto clash of ninja revolution 3 all character save file	2
how to download wii games and play them	1
water fountain pumps	1
small indoor fountain pump with light	1
cu online	1
tanks multiplayer	1
jake lampman nfl	1
dharma bums	1
deicide	1
white zombie let sleeping corpses lie	1
serius mass	1
easy french toast bake	1
rogers behavioral health - child & adolescent ctrs	1
west michigan martial arts	1
the moat group	1
l1a1 for sale	1
poll is jon snow dead	1
reel to reel demo tape	1
news	2
bat mitzvah funny wishes	1
boardgamegeek	1
bad google docs interface	1
cheapoair	1
diablo 2 save file location	1
craftsman	1
where can i apply my pure romance sensitive enhancement cream	1
samoa donuts	1
crowne plaza hotel columbus	1
chase bank card services	1
mutf:mieyx	1
taste buds after open heart surgery	1
kylie cole	1
bing	2
midland community center	1
questionnaire for website design and development	1
do people who represent themselves in court	1
can an inductive argument be better than an deductive argument	1
futura hanging planter	1
the wolf among us	1
quik shade commercial	1
salads up ann arbor	1
camgears twitch	1
https://www.youtube.com/watch?v=ehgooonntp0	1
vegan frita recipe	1
vegan black bean burger recipe	1
above ground pool slides	1
add hbo to my directv	1
late policy coursera quiz	1
ps4 hbo now	1
kassandra sullivan	1
city of lansing parking	1
sunglasses for men	1
grimgar of fantasy and ash	1
watch game of thrones season 6 episode 2 online free	1
larry correia	1
girl meets world	1
star trek online conference conflicts answers	1
starcraft 2	1
aci39806930mda	1
cedar point meijer	1
usgbc	1
russell mullins washington state	1
car battery charger	1
luxe grosse pointe	1
game of thrones season 6 episode 1 reddit stream	1
paid down credit card debt score increased	1
tax lien removed credit score increase	2
weddingwire find a couple	1
south american recipes	1
light drunken master summoners war	1
free antivirus download	1
ipl	1
starmicro review	1
samsung ram warranty check	1
jessie roy williamston mi	1
doanna the office	1
oldnavycreditcard	1
speedway takes over hess now all ytou see is speedway gasstations	1
snes emulators	1
list of different usb chargers for phone with amps	1
roblox 3.0 girl	1
tjx rewards	1
aata route 5	1
saturday the 14th 1981	1
polyester 1981	1
ngo gio tinh yeu	1
p90x3	1
robert lawton nmu	1
www.michiganlottery.com	1
fun facts about nova scotia	1
the culling care packages	1
ugov ct office	1
ffxiv fish desynth	1
myfreecams	1
uss hardhead	1
docisdave@gmail.com	1
paul buchheit	1
f150 solid axle swap	1
necrobutcher mayhem	1
lisa vanderpump	1
oss coach jacket	1
huf beanie	1
viet hoa shopping center	1
how were girls educated in athens	1
bluebird.com	1
which aspect of government does the united states have in common with the roman republic?	1
what type of bureaucracy did the caliphate create?	1
"""electroconvulsive therapy has been most successful in the treatment of"""	1
quizlet brain functions ap psych	1
celebrationcinema	1
face	2
science magazine	1
young justice wiki	1
watch batman vs superman online putlocker	1
watch finding dory online	1
hklm:run bcssync is this necessary for start up on my laptop?	1
in my windows task manager is it normal to have alot of svchost.exe	1
seiko 35a	1
easy shrimp and corn soup	1
when an animal is brutally injured does it become numb when there is no chance for survival	1
master boot record vs guid	1
spotify download	1
18 years ago	1
ap psychology review	1
ap psychology review games	1
steam	1
what dose the tanner make in colonial times	1
benton harbor	1
fia flint film	1
saginaw backpage	1
draftkings	1
ethoslab	1
conjuguemos	1
nasel clips	1
how many people are onpbamacare	1
humana	1
michaels landscape	1
why can't i see folders in google drive that are shared with me?	1
connecting external hard drive to wd my cloud	1
clonezilla lvm won't boot	1
daily monster discussion yeti	1
tips to learn ameritrade thinkorswim	1
ایجنت شان	1
ملیشا های	1
what part of a cbc would indicate that an athlete is taking epo	1
how does 63 inch luggage	1
how to measure airline luggage	1
hope college applets	1
new robocop sequel	1
new comics	1
loansnow	1
massey ferguson big 12 lawn mower	1
prehistoric puppies found in russia	1
coparts	1
handgun wounding factors and effectiveness	1
jenson button	1
what brand champagne is used for formula 1	1
buddha quotes kindness	1
best buy vizio 70 inch 4k	1
everest	1
speedtest	1
mens topical bible sudies in manhscript form	1
jimmy fallon tickets	1
"behviorism ""includes roles for internal mental processes"""	1
"""in freudian theory different parts of the body associated with sexual pleasure are referred to as"""	1
what is a subjective value in rotters theory a measure of the importance of a trati	1
52 motor yaht hatteras fual usage	1
cedar point midway music	3
yaht thrusters	1
steve jobs yaht	1
yacht deckhand jobs	1
highest performance light jet	1
viperjet mkii executive	1
real rape survivors rape stories	1
utoledo	1
a rocket is shot up vertically from a 10-foot platform. the quadratic function 10 ( ) 16 256 2 h t = − t + t + models the rocket’s height above the ground, ) h(t , in feet, t seconds after it is launched.	1
iifa telugu complete show	1
subway turkey italiano	1
farm bureau life insurance	1
alpena topix	1
district 9	1
the ghost song	1
eraserhead	1
isla vista shootings	1
miranda july	1
pearl_jam	1
self driving cars	1
duran duran rock and roll hall of fame	1
muskegon bus schedule	1
dallas knierman sports illustrated	1
rip to 31 troops killed yesterday	1
tcgplayer	1
victor agrees to make a female version of the monster under one condition	1
pot roast seasonings	1
drake sword	1
load a spritefont xna	1
restart game game over xna	1
spritebatch draw string center	1
spritebatch draw string	1
william bradford	1
rv roof sealant	1
password generator	1
wait operation timed out	1
replace iphone 5 battery	1
how to copy pictures from laptop to flash drive	1
gooseberry	1
nofap chatroom	1
howtobasic how to dye your hair like donald	1
dragon ball super episode 37 english sub	1
nice tit's	1
cook a pork shoulder roast	1
novapatra	1
inground pool prices michigan	1
mens underwear reviews	1
lego uruk hai	1
electroforming	1
vampire pump cards	1
charlotte russe	1
wayne rooney	1
clitoral pump	3
his rock	1
purpose in life according to the bible	1
nascar	1
when you list a book on amazon, how long does that book stay listed	1
plagal	1
greek orthodox easter black book	1
missing a dose of amoxicillin	1
seven knights coupon	1
how to access temp files windows 7	1
injusticia en mexico	1
absolute and comparitive advantage	1
cboxera	1
twin bed sheets turquise	1
hoa no ve dem	1
02g-p4-1953-kr	1
16th century clothing from yoruba	1
efé	1
two tracking in michigan	1
abingdon il	1
first generation moto x phone water resistant	1
consuming arts soup spoon	1
volleytalk	1
mariana cardoba shemale is dead	1
how to print a label on paypal	1
hentai sites	1
michigan sales and use tax	1
john deere 120 lawn tractor specs	1
king's ring ds	1
hentai heaven	1
agario	1
factory hummer h2 tools	1
mrmcjuggernugggets	1
which cb radio is recommended for a rzr	1
diploma frame	1
bright horizon services	1
great lakes ammo	1
dream interpretation	1
which sims 3 has sectional couch	1
weeds cast	1
commentary of acts 20:13-38	1
dark souls 2 stats	1
exclusively american brands	1
fashion trends in england for teens	1
riders hobby shop	1
disagreements and contentions in the church of christ...what to do?	1
maddie fitzpatrick sex story	1
warby parker	1
lowes kitchen cabinets	1
drinks with rhubarb bitters	1
organize foil plastic wrap	1
www.teachinfishin.com	1
diaspora definition	1
bill burr specials	1
paige cetnar twitter	1
cinco de mayo date 2016	1
the castle of brecon hotel	1
beaded sandals	1
minecraft clear all dropped items	1
who's your daddy	1
blic	1
zillow mi	1
erotic stories	1
teaching middle school shot put	1
permissive hypercapnia in ards	1
rc 3d winglets	1
craigslist up	2
storm s1 wheels	1
billet compressor wheel tdi 2.0	1
carbon fiber kit	1
mysteepedtea party	1
maroon 5	1
couples wedding invitations	1
pnc online banking	1
lzx29ka606	1
reloading shotgun sabot slugs	1
rodaleu	1
white sharp cheddar cheese whitens teeth?	1
pigeon forge band competition	1
климат город куэнка эквадор	1
savalot	1
beauty and the beast tickets	1
pdp crt	1
reddit mixamo	1
original computers crts	1
unreal 4 post process screen grid	1
chad prather	1
can marreal mushroom cook hurt dogs?	1
jet dc-1100vx-ck dust collector dimensions	1
tempest stone	1
montrose agate	1
carnelian evil eye	1
disable ford windshield wiper headlight on	1
hp slate 7 plus 4200us	1
pediatric pathology university of michigan employees	1
site:www.pathology.med.umich.edu ann rosin	1
all cooking games	1
cooking games	1
cooking games all free cooking games	1
dress up games for girls	1
papa's taco mia	1
ponton 220s for sale	1
bsa 2016 national camp school day camp	1
jackass2.5 full movie	1
pyrilamine maleate	1
rocky mountain national park history	1
michigan fishing license	1
"carol zaleski identifies which of the following as forms of the ""otherworld journey?"" i. the journey to the underworld ii. the ascent to higher worlds iii. the fantastic voyage iv. the afterlife pilgrimage"	1
according to john jordan, what is the bridge over which empirical findings in thanatology can cross into the world of the practitioner?	1
according to arnold toynbee, one of the conventions of warfare that turns civilians into soldiers is	1
emacs editor release date	1
whirlpool rje3700no user manual	1
how good is swimming for weight loss	1
freddie dance moves	1
gm-csf fetal serum	1
stainless steel spacers	1
who is porn star best kept secret	1
ferndale high school fight mi	1
john glenn westland mi high school fight	1
grosse pointe city data	1
spongebob squarepants	1
spongebob squarepants lost episode	1
logitech g430	1
us news	1
mocospace	2
car parts finder	1
18v battery	1
black and decker drills	1
freecell	1
reinforce estus flask dark souls 3	2
how to join the mound makers	1
closest airport to homosassa florida	1
spurs	1
cavs	1
npr podcasts	1
454 tonawanda	1
clarkston union	1
fallen earth	1
قناة فنون مباشر	1
sextube	1
metro pcs	1
large yard ideas	1
unreal engine 4 games downloads	1
nothing special sunrise skater kids	1
518 whitetail dr prudenville michigan	1
java update windows 10	1
ffdp wash it all away lyrics	1
cvs weekly ad	1
sugah daddy d'angelo	1
amazon associate logo	1
currency reset jeffrey sacchs	1
alarm clock	1
what region of the body is used to describe pain that occurs above the stomach?	1
what term means act of voiding urine?	1
which type of fracture results when the broken ends of a bone are forced into one another?	1
what infectious disease produces small lesions or tubercles in the lungs?	1
epigastric	1
coterminal angle quiz	1
piratebsy	1
best fertilizer for growing sweet corn	2
growing sweet corn in michigan	2
jets pizza coupons	1
queeenbbw	1
thri kreen dark sun	1
mla format	1
sandwich mod 1.8.8	1
sims 3 gun mod	1
merrix alexlandvino	1
dc universe online trophy guide	1
watch silicon valley season 3 episode 2	1
elephant penis	1
october 8th horoscope	1
www.navient.com login	1
granny first bbc orgasm	1
conan	1
ragnarok sao multiplayer	1
godzilla images to use for free	1
types of trees chaga grows on	1
why do birch trees turn black	1
why do birch trees turn black from too much chaga	1
mxico	1
utube murders caught on camera	1
costco canopy	1
ford floor mats for 2016 ford f150 supercrew	2
financial analyst internship washington dc	1
zionism	1
calendar	1
what time does a day start in hearthstone	1
detroit news	1
runescape shield of arrav	1
best tits blow job	1
xhamster	1
esty wiki	1
federal student aid	1
230 e. emerson ave. bldg #1.	1
shopjustice.com	1
gw2 armorsmith guide	1
northgate holdings	1
total war warhammer	1
best lock for pocket knife	1
jimping file	1
make liner lock knife	1
motherless	1
tag heuer	1
how to make your prince sit	1
maus tank coils	1
lanse creuse high school north	1
external pci enclosure	1
powerdirector 14 stalling after update	1
body jewelry plugs	1
surrender at 20	1
coleman 413 stove burner grate	1
pornhub	6
gmail.coom	1
sending resume to friend	1
sending resume to known	1
iso 100 protein powder	1
treadmill	1
http://www.youporn.com/watch/10523073/best-czech-handjob-ever/	1
crying anal	2
shearer cemetery plymouth michigan	1
homes for sale grandville mi	1
replacing pto clutch on john deere 245	1
ot football	1
in a gadda da vida	1
dark souls 3 mail breaker	1
dark souls 3 crystal infusion	1
fear the walking dead	1
3411 huron view ct dexter mi	1
poe 2.2 melee skill analysis	1
poe leveling gear melee	1
types of shoes	1
margaret eckel do	1
how to embed fonts in pdf	1
vera bradley promo codes	1
what is the smell after you blow out a candle	1
nba odds	1
arby's	1
mayday	1
this day in history	1
unique facts about may	1
skylake-e release date	1
skylake	1
office max ann arbor mi	1
golden quill contest	1
every door direct mail	1
whell tie downs for atv	1
atv tie down system	2
dead or alive on a farm sfm julio	1
in text citation for website mla no author	1
what is the best type of privacy fence	1
fencing contractors in richmond, mi	1
lincoln financial	1
furaffinity	1
how to expand your stomach	1
thong tin cong nghe	1
presque isle township tax	1
is eating garlic a way to get rid of fleas?	1
style.com	1
fps booster	1
shadowplay can't enable desktop capture	1
how to get a picture in html	1
tabula rasa definition	1
exploitedcollegegirls.com – kylie – anal queen kylie	1
trinity powers anal creampie porn	1
vannah sterling anal creampie	1
netflixc	1
cachexia	1
lpc supervisor requiremnts michigan	1
top ten pregnancy text fails that are just hilarious	1
huntington online banking	1
marie force fatal series	1
flower barn	1
جميع اغاني صلاح عبد الغفور mp3	1
apc es 350 constant tone	1
iphone	1
pictures of the chattanooga battle	1
barbri videos	1
slither.io	1
beercalculus	1
covering chest freezer	1
xfinity game of thrones	1
read anime online\	1
return of the obra dinn	1
robot beach	1
top female lets players	1
genealogies of the state of new york: a record of the achievements ..., volume 1	1
old hand saws	2
antique cameras wanted	1
porn	1
matress rape case	1
emma sulkowicz reenactment	1
disney jr	1
the pigeon gazette	1
best horoscope match website	1
montel willams	1
terminator thumbs up	1
anti-phospho-ser-845 glur1 was from phosphosolution	1
in a game of chess how many different choices for first move	1
fashion show music runway	1
maytag gas dryer no heat	2
firefly bicycles	1
neiman marcus	1
hannover germany	1
how humans interact with sponges	1
marlboro	1
human error of miscounting	1
glencoe science biology	1
cottage inn	1
chaotic sword god wiki	1
woodland creek furniture	1
oenophilia	1
chappie online	1
activate product	1
avery label printing at home 8876	1
farmers insurance logo	1
hbo go	3
victarion greyjoy	1
league server status	1
why be a pharmacist?	1
issues in nursing today	1
calvin college four year plan for pre med students	1
blood banking guy	1
speed test	1
fns analysis	1
townhouse vs apartment	1
i think i love you	1
dark souls 3 hollowing	1
adobe indesign tutorial	1
organic pick your own near berrien springs mi	1
feng shui colors	1
dancers blades dark souls	1
battery powered finish nailer	1
craigslist detroit	3
what is el senor de los cielos about	1
lolrenaynay	1
theressa lizyness	1
shelby marietta	1
alexandra daddario reddit	1
gen x	1
no sleep podcast	1
fortune 3 lapis ore	1
tinkers construct 2 add modifiers slots	1
cyanide and happiness	1
never back down 2	1
jenison public schools	1
ohl	1
my fitness pal	1
pilar butler lonoke	1
2016 hummingbird map	1
www.msu.extension	1
rhamsus fine line	1
tariq nasheed pseudo intellectual	1
tariq nasheed con man	1
caligula 1979	1
revvy bubblegum	1
whatever floats your goat cliff	1
cs go	1
greatsword dark souls 3	1
ring dark souls 3	1
httpdark souls 3 greatsword	1
havels ring dark souls 3	1
dark souls 3 green blossom	1
white correspondents dinner 2016	1
modigliani	1
at&t fiber	1
how long to lose 100 pounds	1
stealth quadratec led headlights	1
air conditioner plug in thermostat	1
pintrest	2
sopranos jakie apreal dies	1
jackie aprile dies	1
usps tracking	1
2kmt central	1
outlook mail login	1
wisconsin 2016 fishing regulations	1
craigslist northern mi	2
dark souls 3 reddit	1
call of duty black ops nacht der untoten loading screen explained	1
art van clearance	1
game trailers	1
傳承 市調公司	1
homemade tortillas	1
sore leg muscles very tender	1
rustic chandeliers	1
zales	1
i'm bored and looking for xbox games	1
pluto	1
enb	1
how to completely uninstall skyrim	2
powerball	1
beaumont urgent care	1
custom sleeved cables for evga supernova	1
the area of a regular octagon is 35 cm 2 what is the area of the regular octagon three times longer	1
cite my sources for me	1
harriet berrimans obituary	1
summit racing	1
showbox app download	1
why cant aquifers and precipitation provide water in the atmosphere	1
components of groundwater	1
salafan	1
read project nemesis comics online	1
project nemesis comic torrent	1
telegram stickers	1
atlinburg tennessee things to do in june 2016	1
how to change yahoo homepage back to classic 2015	1
do i need itunes on my iphone	1
spidertrax wheel spacers	1
brake bleeding using vacuum pump	1
fascists don't get freedom of speech	1
barracuda hard drive spins and beeps	1
what to do if hard drive is completely dead	1
sperries	1
older woman younger man fanfic	1
the christmas tree store.com	1
bronson inside	1
angola harold chevrolet	1
best recipe for top sirloin roast	1
barefoot contessa sirloin tip roast recipe	1
daily kos	1
burnt out headlight saturn l200 2002	1
diablo 3 not updating	1
how to give a mouse water	1
quarter cup bra	1
electric turbocharger	1
psalm 139:1-18	1
luke 15:11-32	1
polskie porno	1
funny quotes for new moms	1
soma prime mastery rank	1
jaclyn hoezee	1
fidelity login	1
evga laptop	1
dr david cox michigan	1
youtube dodge hellcat	1
undrafted free agents	1
detroit lions undrafted free agents	1
detroit lions	1
shark bite pex crimping tool vs zurn	1
sunny von bülow	1
weartesters	1
ti-84 plus c silver edition games	1
allah definition	1
world of warcraft screenshot	1
bridgette wilson-sampras nude	1
lesbian mom sex real	1
jaclyn glenn plagiarism	1
cheap candels	1
reallionmaker pandathepaige	1
the given key was not present in the dictionary	1
whitehall walmart	1
battlenet	1
gunblood	1
common core state standards kindergarten checklist	1
pecs pictures free	1
jurassic world sets lego	1
ketosis diet	1
porto vs benfica title winner	1
distance from hamilton, mo to ft leonard wood mo	1
great lakes recycling	1
classic rpgs	1
dungeon master game	1
account.live	1
americanexpress.com	1
snow anime background tumblr	1
anime scenery gif	1
riding lawn mowers	1
aldi	1
treatment low albumin	1
can i have sex in an airport	1
tim drake	1
talking dead wiki	1
last week with john oliver wiki	1
frys	1
kiehls	1
ark dino list	1
summer in newaygo	1
hulu premium	1
american express	1
gwc warranty	1
how to play halo reach on xbox 360 tutorial	1
body solid power rack	1
outdoor cat house	1
spirit airlines	1
study abroad msu	1
babelfish	1
hp photosmart plus blank page printing	1
obituary for manjinder singh grewal of sterling heights, michigan	1
www.msn.com	1
huron view condos dexter mi	2
the magician	1
jesus the homeless detroit	1
flix schedule tv	1
alaska cooks carnitas	1
hodor theories	1
deer resistant hosta varieties	1
kustom kpm4080	1
aldi ad	1
new bike helmet technology	1
how to check chain wear	1
comotion timing chain size	2
pizza pino	1
dragon age inquisition	1
diablo 3 hood transmog	1
kalamazoo weather	1
minecraft free download	1
duke	1
l5r clans	1
3455 austrian pine way apt 88 portage mi,	1
list of us presidents	1
little kelly	1
pizza crescent rolls string cheese	1
facebook.com	1
strong grip vs weak grip	1
blizzard	1
best doctor for type 1 diabetes	2
workspace	1
dr.martens	1
夏天穿马丁靴	1
toysrus	1
zika virus virus structure	1
carl love actually	1
how to add default permissions to a group in minecraft	1
how to compost wood shavings and horse manure	1
zubzero model 550 part 3211110	1
lentil recipes	1
trap house	1
austin vs nestle usa, inc., 677 f.supp.2d 1134 (d.minn.2009)	1
f1 2000 ps1	1
comdotgame	1
shelby, mi	1
applicance autchion in mi.	1
limos in grand rapids, the knot	1
m&m	1
obamacare	1
y8	1
games	1
plate girder bridge design	1
open cell wheelchair cushion	1
nfl draft grades	2
no melt berry suet	1
suet cakes woodpeckers	1
ad for michigan for bikini cleaners,	1
learning how to feed raw food to dogs	1
bucky barnes	1
b&b carousell	1
best ev	1
balmoral apartments southfield mi	1
lutheran churches oklahoma city	2
dad porn	1
father helps his insecure daughter porn	2
ty dfg	1
pictures of the seder cloth	1
bow swim rails	1
white house correspondents dinner 2016	2
java update	1
factory direct wholesale	1
evergreen apartments in ann arbor, mi	1
herobrine was here	1
oakland community college	1
mary ston oakland community college	1
redstone comparator	1
minecraft mob farm	1
polaris connectors	2
the social life of genes david dobbs	1
are men or women more aggressive	2
serebii events	1
dow chemical interview	1
dara	1
creative cloud review	1
first calculator	1
first calculator invented	1
what if a dealer tells me the price is a misprint but keeps the price online for weeks after	1
nostalrius population	1
c++ function return array	1
c++ while	1
tubegalore	1
pigeon creek holland michigan trout fishing	1
nada	1
haber en ingles	1
honda rune	1
when to expect tax refund if mailed	1
13th amedmant'	1
linus stardew valley	1
paint crown moldings gold	1
ryobi impact driver	1
www.porn.com	1
li ning n90 iii	1
li ning n99 usa	1
badminton click gift certificate	1
北美省钱	1
淘宝	1
things to be concerned about on becoming a co-signer for a line of credit for a business	1
femdom suffocation session	1
femdom smoking	1
amazon prime	1
mattress for overweight person	1
best mattress for overweight couple	1
heavy femdom bondage	1
femdom smoking mask	1
"""embedded computers and some mobile devices often use which of the following kinds of operating system?"""	1
what is the term for the process of swapping items between memory and storage?	1
are foreign language classes required for college admissions	1
kalamazoo zip code map	1
steven starbuck paw paw mi	1
how to clean nylon dress	1
ethical caregiving	1
powerball numbers	1
citi cards	1
39137 michigan ave wayne mi 48184	1
crysis 2 hd 5500	1
at&t fiber optic internet prices	1
cheap otterbox ipod touch 5	1
heavy duty ipod touch 5 cases	1
protective i pod 5 case	1
age of empires ii cheats	1
craiglist	1
angryjoe	1
bloodborne walkthru	1
ninjhax 10.7	1
3ds homebrew 10.7	1
3ds roms	1
do robins have to sit on their eggs all the time	1
competitive bonds vs noncompetitive bonds	1
baby bath ring seat bathtub tub plastic non toxix from keter	1
what version of directx 12 repair	1
dark souls 3 yoel's dark sigils	1
hanabi hyuga rule34	1
ino yamanaka naruto bomb hentia	1
walnut shoes hard to match to anything site:www.askandyaboutclothes.com	1
equus belts	1
cashnetusa	1
mintbills	1
scrabble word finder	1
zukey lake tavern	1
brunch sunday ann arbor	1
maybelline bb cream	1
f]	1
colorado springs thrift stores	1
g440c	2
lg core prime case	1
wnem news	1
chicken alfredo	1
vera bradley outlet sale	1
baking soda coupons printable	1
steeven universe	1
xfinity on roku	1
the red woman naked video	1
kent county jail	1
marvel redeem	1
travel checklist	1
different airplanet but same flight number	1
greyhound busses in michigan	1
don't stop me now	1
butterfly magnolia	1
how to sell my comics	3
large vacuum seal containers with pump for coffee	1
scamp trailer	1
scamp or casita rental tailers	1
scamp trailer cost	1
michigan medical marijuana lock box laws	1
msi afterburner	1
trail boss parking break lock	1
condos for rent in howell michigan	1
glass plus cleaner	1
fund manager biographies for jpm	1
centerfold photos playboy playmates porn adult film	1
dificuldades no trabalho em equipe no mundo atual	1
causes of intention tremors	1
how to apply eyebrow pencil to sparse eyebrows	1
trigglypuff gifs	1
murder capital of the us	1
motiv 8	1
planet x universe today	1
how to make a bootable flash drive cmd	1
mount and blade warband right to rule	1
property for sale 2365 17 mile rd ne, cedar springs, mi 49319	1
how to practive walking in someone elses shoes	1
crocodile opening mouth strength	1
rental homes in ottawa hills ohio	1
tigers tickets	1
pussy for me	1
online image resizer	1
l mason capitani	1
how to use dark souls 3 cheat engine	1
allmusic brandon flowers	1
brandon flowers playing with fire	1
byoc triboost instructions	1
teeter inversion table costco	1
monday, may 2,, morning weather for br mi	1
diocese of grand rapids priests to transfer july 1 2016	1
fallout 4 x-01 power armor location	1
civ beyond earth wiki	1
should i buy a fiesta st	2
lease vs buy calculator	1
lease a car or buy and use it for years	1
sc4	1
how to get a discount on a subaru	1
tv8 news cast	1
german cutlery companies	1
zaxby's	1
darkmoon blade dark souls 3	1
what career is right for me	1
tv land	1
price for topps 2007 baseball packs	1
isaac curtis cincinnati bengals 2016 draft	1
mcfarlane mariana rivera	1
cricut won't cut through cardstock	1
raised vegetable garden table plans	1
bishop airport parking	1
why rev harley engines to change gears	1
j stevens arms company	1
used m p 45 mid size for sale	1
addison's disease yahoo group	1
governor frank steunenberg	1
how to download a video from a tweet	1
lunati roller cam sbc	1
2000 pontiac montana repair manual pdf free	1
chagrin falls	1
roll20	1
افلام رعب اون لاين	1
vicodin 750	1
powell tree service	1
wheels on the bus song	1
letting ana go	1
youtu be	1
indiantrailsgc	1
detroit lions darft 2016	1
speet test	1
reese arched loading ramps	1
23225 gill rd, farmington hills, mi 48335	1
diy flexible oled	1
rueters	1
latron build	1
is tiberon good	1
tinyurl	1
trogdor	1
sara jay anal	1
doubledown casino	1
obama basketball ring	1
spectrum health	1
angel episodes	1
cr0wnd kill a witch with a single headshot.	1
replacing a delta single handle shower o ring	1
cruise time tables	1
the pirate bay	1
everyone's a little bit racist	1
lewis county missouri	1
9/11 it's too quiet	1
unity changing button graphic	1
putting unity game on newgrounds	1
diy robot arm clamp	1
mdf saw blade	2
wow boost why 60 professions	1
best shade for garage window	1
hayward chlorinator leaking from top	1
1812 ship sank st. john's newfoundland	1
nude thailand young girls	1
very young teen hairy pussy	1
search by image	1
gm soc	1
what program do i use to open a docx file	1
miniature carson city silver dollar	1
canadian immigration records	1
ships leaving bremen germany to canada 1894	1
mog station mounts	1
etsy	1
we exalt thee	1
bingo supplies free freight over $75	1
131 dominic bruno blvd, canastota, ny 13032	1
cost to make order of french fries	1
lansing mi exmark dealer	1
4:3 resolutions	1
make your own plastic wrap holder	1
wifeposter	1
how to make negative numbers red in excel	1
mesick museum and historical	1
mypublisher in roaming profile	1
activity trackers watch	1
how many hours will a 4400mah battery last	1
delegate count	1
egypt	1
pisanello's	1
fbi watch list	1
eve survival	1
eve appraisal	1
how big do shih tzu get	1
free weather forecast template	1
cake flavors	1
damn delicious	1
acer aspire one audio driver windows 10	1
richard armijo arizona music	1
huntington login	1
season 6 wizard build	1
ratchet and clank rotten tomatoes	1
old radio shows	1
latex comment	1
planet rock	1
kristen connolly house of cards	1
armalite eagle 15 review	1
bianchi 1903491	1
cost of living pembina nd	1
cost of living dunseith nd	2
baby boy outdoor shower theme	2
dark souls 3 builds	1
starbucks	1
chance and noname gypsy	1
random	1
did the ancient guardian respawn in dst	1
child rapist beaten	1
does pachysandra does euonymus climb walls does euonymus climb walls	1
bats white fat	1
coursa	1
darius rucker wagon wheel	1
htaccess http_referer only	1
tuuli lappalainen	1
genome ncbi	1
dga1 fission	1
王斑	1
blastclusatl	1
excel log2	1
utest r	1
r plot circle size	1
交叉饼状图交集	1
how to make two pie intersection	1
harbor freight	1
jade room sandusky mi	1
allison keith	1
john boehner	1
junk mail disappeared	1
virtual teacher jobs	1
treasure events one piece	2
heaphone amplifier	1
electrostatic headphones	1
extratone	1
electro punk	1
first house announcement	1
nelson funeral home gaylord	1
which of the following is true about oxygen in plants	1
yahtzee	2
mysimple products	1
twitter griffon ramsey	1
9400110200829006147303	1
troubleshoot craftsman 917.370770	1
how to share wifi windows 10	1
community focus routing numbers for ecorse	1
where is my horde garrison bathroom	1
lively roots	1
high sierra classic 2 series explorer 55	1
css my border keeps going below the page	1
tracfone	1
debi drick howell michigan	1
how do i make a tornado for wizard of oz stage production	1
university of michigan mcsp	1
hulu sign in	1
black and decker lst300 review	1
plex media file names	1
die hard franchise	1
flume tove lo say it	1
fruits and vegetables safe for cats to eat	1
detroit public schools	1
hayes 81795-hbc	1
subaru forester change head gasket	1
love tester	1
youtube: 1000 kisses	1
live mail	1
639668 costco	1
retailmenot	1
researchers recently estimated that approximately ________ percent of adult americans had suffered a clinically significant	1
yosemite best places to go	1
things to do in san francisco	1
nackenhörnchen englisch	1
2.4.1 diablo 3 monk inna solo	1
morning anxiety	1
windsor, on	1
huffy premier men's	1
thoughts on genders in science fiction	1
kyrlon uv	1
illstreet composites discount coupon	1
02 corolla brake fluid type	2
perforated sump pump basin	1
geneva convention article 1	1
fastboats	1
train tickets	1
camp grounds in michigan with children activities	1
pink guy music	1
chlorella	1
does chlorella promote hair growth	1
omeaglwe	2
webmail.cumulus.com/owa	2
pc home	1
famous ohio foods	1
glyphosate quaker oats	1
adult pegasus coloring pages	1
c++ tutorial	1
stigmina needle cast	1
curse rift	1
portage south little league schedule	1
waterpik	1
donorschoice.org	1
kalahari	1
red black green flag	1
listen to tiger baseball radio	1
sears holdings business vision	1
aliexpress	1
sears holdings corporation scandal	1
only given base of prism	1
city of manistee zoning	1
bed sheets ripping	1
gravity falls gideon's mom	1
semper fi landscape,lawn, and plow llc.	1
mood stabilizing drugs	1
gonher gonzalez cap gun	2
vintage wood and metal crank pepper grinder pepper mill	1
autotrader	1
good wife love interest	1
relevant	1
what position do you put an animal struggling to breathe in to facilitate ventilation	1
dyspnea in dogs	1
cheap auto insurance quotes	1
wwe network	1
lostbetsgame.com	1
pic.	1
123 movies to ipad	1
ad block plus	1
gardening arts and crafts	1
female teacher blows student	1
5 dollar raspberry pi	1
tinder	1
buddhist training online	1
send text message from command line windows	1
how to get my skype password without resetting	1
scott rogowsky	1
moody diagram excel	1
used campers for sale grand rapids mi	1
andrews used cars mason mi	1
wells fargo	1
hearty breaded fish sandwiches taste of home	1
eblogger	1
betty and me lyrics	1
kodi paraguay	1
what is brassicaceae used for	1
indiana comic con	1
interior french doors	1
death song coloring page	1
remax of midland mi rentals	1
the lowest level of chromatin structure consists of dna wrapped twice around a group of histones to form a(n) ____________ .	1
uworld step 2	1
cobalt oxidation states	1
when petitioning the tax tribunal do you use the assessment or tur cash value	1
ratchet and clank ps4 kalebo iii gold bolts	1
dr dee: alaska vet episodes	1
richard littler in michigan	1
tv will not detect computer hdmi	1
amazon prime video	1
daniel mitas hdr	1
valley of fire white dome	1
graduation card box holder	1
graduation cd of memories	1
davenas name meaning	1
kohls on alpine	1
it's gonna be may	1
scleroderma renal crisis	1
skyrim gold	1
dyanaras baby whos father	1
summoning calc	1
whole grain inflammation research	1
everybody wants to rule the world \	1
how to break down dry acid in a battery	1
charlie dick	2
indiana state flag	1
1969 oldsmobile cutlass craigslist	1
pontoon boat seats for sale michigan	1
how to chip a golf ball	1
the good witch	1
groupgolfer	1
accel 378 spark plugs cross reference	1
nikon wu-1a instructions	1
stromal scarring	1
batman beyond	1
xs sights	1
tvaddons.ag/shieldcontest/	1
pacman cabaret	1
sand in privy bottle	1
minecraft gamemode command	1
how to calm down during anxiety attack	1
white mower model 13ar616g190 738-0838 steering link	1
how do you meet women in the grocery store?	1
terrain gmc	1
spirit airlines baggage price	1
pain pills for dogs	1
inclusive unionism is practiced mostly by	1
refer to the above table. the herfindahl index for cappa is	1
shikirah smith	1
suppressed immunity fallout 4	1
weather channel	1
what distance do distance lenses correct?	1
marion & mary sullivan branson mo	1
delta rp51345 aerator	1
spirit flight statkus	1
project 64	1
hbo now	1
muscular legs buying jeans	1
funny star trek tng edits	1
7dii wireless remote	1
pleasure older woman	1
schlage-f10-ply613 -passage-knob oil rubbed bronze	1
delta dental michigan through spectrum health	1
marcia brady nude	1
creampies	1
davison tattoo	1
best	1
top 10 interesting facts about spain	1
clorox bath wand	1
ffx 2 cavern of the stolen fayth rescue	1
wordbrain answers	1
how to cook a rump roast in an oven	1
college coeds vs. zombie housewives cast	1
bang bus porneq.com	1
cloudmusiq	1
difference between blondes and black morels	1
stubhub tigers	1
jlr trophy bear hunting	1
can i delete c:/windows old and c:/windows old 000	1
dead star	1
washington gezilecek yerler	1
leverage	1
نواقض الوضوء	1
fandango grand rapids	1
the jewish settlement of st thomas	1
red sox line up	1
red sox vs righties	1
pickcenter	1
department of defense psychologist	1
pc co op on same computer games	1
a noun is a person place or thing sheet music	1
sheet music for a noun is a person place or thing schoolhouse rock sheet music	1
the schoolhouse rock songbook digital (cherry lane music)	1
sandra griffin + holland civic theatre	1
kohls promo codes 2016	1
american airlines	2
this spot marks the grave, you can rest here too if you would like	1
tombow brush pen	1
mlb power rankings	1
combining two data sets for an opus solution	1
rootjunky	1
lexus of pembroke pines	1
south carolina rentals	1
bluewater resort	1
myscouting	1
what was the period of enlightenment, and what effect did it have on art?	1
cupid and the bees	1
song of storms piano left hand part easy	1
how to fix lag in survival post apocalyptic now	1
vegan or vegetarian	1
ted cruz green eggs and ham	1
bones season 11 explosion cause	1
national trout festival	1
severe coronary arterial calcification	1
jeffrey p kerwin	2
weimarane rescue ohio and michigan	1
is fibromyalgia autoimmune	1
the juice guy	1
msu placement tests	1
transformer coloring pages angry birds	1
best western in boston	1
text wrap google slides	1
causes of staph infection	1
saturn sc1 1999 seat covers	1
medical scheduler salary	2
goodgame big farm	1
shore anchor	1
jurga kovarskyte	1
desi tv box	1
ffx sphere grid guide	1
resident evil 6 ps4 amazon	1
extensive synonym	1
marimba software	1
ciabatta	1
how to use thaumcraft 4 crucible	1
mendoza textile manufacturing	1
communications tech tool belt	1
tyler shattock salary	1
recipe for cinnamon rolls from frozen bread dough	2
amd radeon hd 6900 driver	1
rubber disturbed water and whatever was on the radio	1
shiny hunting hgss starters	1
tales of zestiria english opening mod	1
what causes edema in feet and legs	1
fe exam environmental sample questions	1
럭키 브랜드 진	1
133 people paid to have their hair dyed blond	1
us army	1
poster board design online	1
how to split a string of ints in java	1
stack overflow error from listiterator	1
carbon 12	1
accounting for nucleus recoil	1
garbage day	1
kog' maw	1
shane van dyke	1
black and white 2 windows 10	1
top hearthstone decks	1
bikers cx	1
10 mile and lasher	1
bosphorus kingdom	1
walmart sh-ff0016	1
ap chemistry exam	1
when a graph is first order	1
how many questions on ap chem multiple choice	1
xfinity home page	1
decks with good lands matchups	1
storm mtg	1
bemer light therapy europe spa	1
styrene toxicity	1
mlive	2
how do i transfer photos from my phone to my computer	1
wise disk cleaner	1
xfinity	1
aol mail	1
the recognition of sakuntala summary	1
spalding	1
twcs	1
movies lansing mi	1
jeep wrangler noisy lifters	2
aristo toyota	1
f1 body work	1
nursing test banks	1
the new yorker coretlyou road	1
ulysses bought whiteacre from gordon but never recorded the deed. gordon stayed on the property as a tenant for three (3) years. near the end of the three (3) years, gordon learned that ulysses had never recorded the deed. gordon advertised whiteacre for sale and cheryl negotiated with gordon thinking that gordon was the owner	1
skateland west	1
light bleeding during missed period	1
lowell michigan garage sales	1
rc late model bodies	1
samsung galaxy note pro sm-p900 32gb, wi-fi, 12.2in latest model	1
the thing movie	1
isetta garage	1
panda song	1
private booth ideas for restaurants	1
advocate	1
g e hentai	1
citizen ladies eco-drive two tone watch ew3144-51a	2
leather sectional sofa	1
itwin technology documentation download	1
composite primary key	1
greg hannon marlette michigan	1
greg hannon dunbar mechanical	1
windows 10 pro install	1
texas stars hockey	1
grandma sex	1
peerblock blocklists	1
google calendar delete multiple items	1
fat flush water	1
tonight with viet thao episode 9	1
moderation synonym	1
threaded barrels blind-marked	1
what you would do to make yourself more powerful and influential	1
gta online free car social club	1
does persistence get the girl	1
grigor dimitrov	1
desk	1
hakko fx-951	1
rust .io	1
progression of resources as ww2 went on	1
saxaphone to flute	1
248-747-1329	1
248-383-3195	1
homemade chicken vegetable soup	1
homemade chicken vegetable soup recipe	1
print pulp	1
juno soprano saxophone	1
swift and sure sanctions probation program	1
first degree child abuse michigan methamphetamine	1
mcl 750.136b	1
evil angel vidios	1
geico	1
2n2222 arduino motor	1
powerstroke pressure washer	1
carat	1
philip seymour hoffman	1
uwo environmental studies	1
watch game of thrones season 2 episode 6 online free	1
under warranty	1
detroit tigerss	1
what to register for wedding	1
soy vtay terriyaki sauces	1
snoop wiz tickets	1
ecclesiastes 4:9-12	1
sirach 6:14-17	1
spotify import playlists between accounts	1
lobotomy	1
stereolithography facts	1
baldur's gate ii deck of many things	1
bibleg	1
fresh prince theme song	1
rxl vs xlt	1
emily blunt nude	1
if you drink a glass of water how long until you have to pee	1
poignant thesaurus	1
origin download not installing	1
footjoy golf shoes	1
onkyo tx-sr 801	1
why did the vietnam war start	1
producer joe stunt	1
airmax amazon	1
unreal 4 amd	1
funeral homes near gibraltar mi	1
using overwolf with battlefield 4	1
overwolf controls	1
the probability of making a type i error is denoted by a.  b.  c. 1   d. 1  	1
a population has a mean of 80 and a standard deviation of 7. a sample of 49 observations will be taken. the probability that the mean from that sample will be larger than 82 is	1
bored to death blink 182	1
god eater 2: rage burst ps4	1
bbbj	1
sexually broken - bailey blue	1
(989) 285-8539	1
sst 45 for sale	1
www.gynoexams.com	1
adobe sauce	1
15 grams of yeast	1
family search	1
bexar county san antonio texas	1
f hole stockings	1
last chance rescue howell mi	1
15 best ted talks for youth	1
best motivational ted talks	1
deleting a disney account	1
planning for retirement taxes 20%	1
is federal tax withheld from social security payments	1
tsp retirement	1
dantdm	2
how fast can cars be shipped	1
one songsterr metallica	1
hardest halo level of all time	1
sports illustrated	1
wassily kandinsky drawings	1
scientific calculator	1
deutsch zu englisch	1
7 crores in million dollars	1
ntn bearings	1
bain and company careers	1
google translate	1
find running trails	1
spirit	1
wynn las vegas map hotel	1
groupon grand rapids mi	1
stellaris forum	1
minimed 530g vs animas vibe	1
minimed 730g	1
lima metro line 2	1
germans in peru	1
argentines	1
apartments for rent royal oak mi	1
resin morel	1
vidangel	1
umich	1
umich email	1
jake rudock	1
good tracer build hots	1
kill adria diablo 3	1
anyway to check season progress while in game?	1
glass blown open	1
ps4 tales of symphonia chronicles insert	1
beme	1
reddit legendary lea	1
air multiplier fans	1
vera bradley quilted nude ella small	1
lol server status	1
slow cooker pulled pork	2
xenoblade x post game	1
indian recipes	1
holidays in may	1
love live wallpaper	1
font	1
kohls	1
laurel branch haysi dickenson va	1
how to dress up aurelika for strapon sex	1
triethanolamine	1
defer repayment	1
the bard	1
faqcebook	1
starcraft no cd	1
dish network	1
ako	1
pinterest	1
jon bon jovi	1
"""a relational database consists of"""	1
number of employees at esl inc	1
number of employees at electromagnetic systems laboratory inc	1
free credit repot	1
baked potato	1
horoscope	1
a forbidden time	1
goto akira	1
instant wallpaper	1
control panel	1
quarter coins national parks	1
jimmy fallon styx	1
the table menu midland mi	1
rinse chicken	1
salmonella	1
raw chicken staph	1
fallout 4 settlement items glitch	1
walmart optical	1
lye aluminum	1
lac saint clair baseball	1
amateur wife gats suprise biyhday present	3
honduras tiene un nuevo (new) programa de __	1
novastar how to do a system and full backup	1
leveling up fast in dungeon defenders 2	1
stairway bunk bed	2
rosenberry rooms	1
yo-jin-bo	1
average kitchen remodel cost	1
generic website background	1
hotels in harbor springs mi	1
umich library	1
gimp 2.6 download	1
ghostscript download	1
heart attack symptoms in women over 50	1
boy scout campout menu	1
sarah kirkpatrick	1
scott cawthon	1
sarah blake bdsm forum	1
lolita shmoop	1
san jose murders	1
university of georgia accident	1
scholarships for students with disabled parent	1
ways to get 2000 dollars for college	1
medical marihuana application michigan	1
bible verse search topic	1
one shot 2014 review	1
can you have cantoloupe on low carb diet	1
boy scout dinner	1
xnxx	1
cover letter	1
roh final battle 2015	1
7and4 news	1
twin air mattress	1
lisa rae schenden	1
michael c hall	2
phalanges	1
huntington bank online	1
floyd j correy	1
abortion laws	1
federal abortion laws	1
did uncle tom really help other slaves?	1
www.thebakerydownthestreet.com	1
petco puppies for sale	1
prince nothing really matter	1
amazon.com prince nothing really matter	1
stand up tanning beds for sale	1
stand up tanning beds free shipping	1
cheap flights to california from michigan	1
how many working citizens are government employees	1
fabrikator mini	1
man on the moon us	1
yotuube	1
saturday night fever online free	1
penis itches	1
convert music to mp3 free download	1
music converter mp3 to mp4 free download	1
ibuprfen for dogs	1
nuclear waste issues	1
nuclear waste generated per year in us	1
lms 350a lowrance	1
industrial bag sealer	1
hopper scale	1
"""если человек вам не дал взаймы - нож ему в ногу. сразу жадность пройдет"""	2
nigel kennedy	1
ceylon zip merrell	1
lapeer schools	1
ultralight beam lyrics	1
used car warranty cost	1
svsu computer sale	1
tell my wife i said hello	1
dragon ball xenoverse ranking system	1
oslobodjenje	1
mail online	1
countryside greenhouse	1
how to create a player in madden 16	1
enterprise rent a car email	1
steven universe	1
best arma 3 setting for gtx 960 and 860k	1
bake temp for chicken drums	1
universal studios	1
what does s.j.res mean	1
what does s.j.res 10 mean	1
movie fathers letter	1
how to lose weight if diets don't work	1
womens weight lifting	1
xl125 k1 battery	1
nate silver 538	1
hood release cable for 1975 oldsmobile cutlass salon	2
countryside allendale michigan	1
ghostbusters vinz clortho	1
northville board of education toni morrison	1
debe terhar	1
michigan lakefront	1
banff national park	1
u haul	1
delta	1
game of thrones discussion forum	1
oxyfresh lemon mint power rinse halitosis	1
pokemon 20th anniversary events	1
gordon conference aem 2015	1
gordon aem conference	1
vb.net asynchronous database query	1
michigan correctional officer	1
used f150 for sale in mi	2
lego auction	1
zippo	1
dallas cowboys draft	1
gazeta dita	1
catalyst affect rate constant	1
higher one	1
kroger.com	2
youporn	1
pre built chicken coop kits	1
lucku 5e	1
cnet downloads	1
kid-o	1
vans snapbacks	1
you'll learn the mystery of what you were meant to do and be	1
hp to cc conversion online	1
test 2017 cherysler pacifica	1
ann taylor	1
garage cabinets	1
candy crush soda boosters	1
dcuo pc server status	1
john owen puritan valley of vision prayer	1
river run raleigh nc	1
emperor penguin	1
misha name meaning	1
naked yoga	1
eglx	1
rett syndrome a guide	1
disocver	1
large glass containers for sugar and flour	1
speedway motors	1
pamela anderson porn	1
jetnet.aa.com	1
alpine market	1
meijer ad	1
garage door weather stripping	1
partynextdoor leaks	1
adrian mi training school	1
alpena news	1
unturned item id	1
tokyo buffet lounge	1
sushi bay redford mi	1
when are snails being released in ark	1
yahoo login	1
ben yedder fifa 16	1
marchisio fifa 16	1
robben fifa 16	1
draft grades	1
cavalier king charles spaniel and beagle	1
キャトルレーヴ	1
subaru outback lease	1
outback lease	1
aaanetaccess	2
hyatt house chicago/schaumburg	1
american freight	1
wrong number song undertale	1
joseph story quotes	1
touch screen not working sprint samsung sph-m350	1
youmg little sluts	1
teenage hairy pussies	1
small tittiesand hairy pussies	1
hotel transylvania 1 full movie	1
gazzetta	2
baywatch red head	1
those nights at rachel's	1
la liga top assists	1
are james cowans translations really translations?	1
piano sheet music transposition	1
famous playwright of 20th century	1
amplitude based on interference	1
red head nude	1
now.sportsnet	1
at home	1
reebok court victory pump	1
chase credit card not accepted places?	1
shuttle badminton farmington hills mi	1
hiking trails in michigan	1
turnigy sk 450 forum	1
2002 dodge ram 1500 with 134,000 miles	2
daredevil wife	1
budget excel template	2
surepayroll	1
david bowie heroes album	1
rockfr	1
northern indiana commuter	1
maura litle phone	1
taledega	1
nascar point scoring system	1
whimsicott	1
news google hindi	1
school code for taxes	1
my recipes	1
how to find my routing number online 5/3	1
mouse senitivity in mw2 going crazy	1
audacity record format	1
moosburg germany time zone	1
michigan semi shade plants flower mid to late summer	1
high rise 2015	1
assassination classroom op question mp3 hylia	1
coz's eight ball lounge	1
sigma coupon	1
the blaze radio	1
big belly big cock	1
voynich manuscript	1
microwave cart sauder white	1
typing	1
miller fall protection harness	1
18 wheels of steel alh mods	1
insulators collectors association	1
harbinger crossword clue	1
mayo clinic earaches	1
how to live in a lucid dream	1
create your own world	1
eden of the east	1
richard buckner 22 chords	1
microsoft xamarin download	1
scrabble help	1
knitted staffie	1
convert crochet pattern to knitting	1
whole foods detroit	1
female	1
blinky si umich	1
its umich edu	1
ringworm	1
flight tra	1
kia sportage	1
game of thrones season 6 episode 2 stream	2
gameblast outfit	1
javascript class	1
wwe payback results	1
wowway email	1
26228 gibraltar rd, flat rock	1
tanja brandon obit	1
watch the 100	1
nfl draft tracker	1
do bid	1
1211 s monroe st, monroe, mi 48161	1
killer instinct patch notes mira	1
discoverbank	1
best song from hamilton	1
how does potential energy relate internuclear distance	1
mazda dealerships	1
hangar 10 trailer	1
google scholar	1
american accounting association mid-atlantic	1
yasuo brother	1
lux builds s6	1
promotional code bodybuilding	1
good literature review sample	1
when a petty cash fund is in use:	1
the entry necessary to establish a petty cash fund should include:	1
the entry to record reimbursement of the petty cash fund for postage expense should include:	1
rose sawfly larvae	1
joint attention symbolic play engagement and regulation, or jasper	1
spike	1
pro builds masteries gangplank	1
what are the title of the pictures taken by edward weston	1
city of battle creek tax forms	1
chases	1
small motorhomes for rent	1
equity and efficiency unemployment	1
medical care for a family of 4	1
pga zurich classic rain update	1
zurich classic	1
ajishin menu	1
saturday night live	1
seventh day adventist cooking	1
username generator	2
xdtalk	1
restaurants in saginaw mi polish buffet	1
richland horse trials results 2015	1
paul mccartney tour	1
gamesgames	1
black pearl ship	1
ivy doomkitty	1
us auto of sterling heights	1
hypermasculinity	1
antique beverage fridge	1
global baba full movie	1
sa xpress pizza spring arbor	1
what is 4k resolution	1
marky mark and the funky bunch	1
san francisco taqueria battle creek	1
battle creek mi mexican restaurants	1
home alone the final heist	1
amazon movies	1
lowes self propelled lawn mowers	1
kohler 10732 gas mower gasoline mix	1
wayne state university oakland center	1
grand rapids township	1
why transfer a home into a living trust	1
dragonslayers greatbow	1
royal oak schools	1
old national bank	1
keep trucking eld	1
mccrabb, hannah golf	1
samsung galaxy s5 battery	1
best deodorant for men	1
wordpress	1
morgan le fay crossword	1
noragami tumblr theme	1
noragami tumblr theme codes	1
noragami tumblr theme html codes	1
straight talk	1
edc las vegas	1
village bike shop kentwood	1
ultraboss pour on	1
kik	1
i took a pill in ibiza	1
cool math games	1
fox news	1
kentucky aquarium	1
gia paige	1
fruit infused glass water bottle	1
kuramochi dreamwidth	1
scoutstuff	1
alizee 2016	1
emgaine royal oak	1
thegypsypoetonline	1
ghost hunt episode 1	1
detroit lions 2016 undrafted free agents	1
www.michigan.gov/mibridges	1
hungry howies	1
one world flutter sleeve top	1
cb750 rebuild	1
strong family relationships decrease drug abuse	1
what is altair	1
judge scalia dol rule	2
sep ira contribution deadline	1
christopher vitale football coach michigan	2
christopher vitale donna	1
vince timpa	1
cynthia fenner michigan	1
donna vitale michigan	1
is walmart organic food really organic	1
bearded dragon kit	1
backpages	1
hank ewbank	1
three digits of soil	1
lycopodium phlegmaria	1
dwayne washington	1
hulu	1
231-744-9822	1
mgm grand	1
mgm grand hotel detroit to fox theater	1
smart yard solar lights black	1
jeep grand wagoneer for sale	1
derby pie recipe	1
download free rpg games for pc	1
the domestic-public dichotomy refers to the separation of	1
although nuclear families are found in many societies around the world, this phenomenon is not a cultural universal	1
why do your photos store on my photo stream	1
the north face men's apex elevation insulated jacket	1
gander mountain coupons	1
grand unified bootloader	1
wood flooring cost per square foot	1
bmw 2002 master cylinder grommet	1
ate 34311103205	1
23411466127	1
bmw 2002 seat sliders	1
cars and coffee detroit	1
bmw 2002 fuse box	2
am i speaking japanese i tell you twenty times a week lyrics	1
dean paul martin	1
watch gone with the wind free on yuotube	1
movie a league of their own on youtube for free	2
pokemon 1.8.9 texture pack	1
best minecraft resource packs	1
subaru	1
chicken and dumplings recipe	1
pierogi recipe potato and onion	1
music thing turing machine schematic	1
cover carboy with wet towel and a fan	1
schoolcraft blackboard	1
leland report website	1
roblee hall	1
watch the smoking gun presents world's dumbest online free	1
shockwave clusterz	1
thomas nyhan	1
1970 camaro engine sets one inch to right	1
world of outlaws late models 2016 youtube	1
jeff kohn wins championship	1
iphone 6s	1
iballisticsquid	1
ddr4 igpu	1
1982 specialized allez yoshi konno	1
80s specialized allez no serial number	1
the newsroom	1
how to unlock coda	1
flickr	1
breed charmander	1
catholic mass online	1
top gospel music on youtube	1
dark souls 3 poise turned off	1
ed brumwell calling you	1
winrar	1
economic difference between usd & mxn	1
the breakfast club june detroit	1
optiv	1
best drawer liners for clothes	1
faraday cage for car keyless entry fobs	1
windows phone change account	1
joe dahl	1
grimco inc locations	1
hjc motorcycle helmets	1
which of the following best describes the distribution mix?	1
distribution mix?	1
wyndham garden sterling heights mi	1
fern hill country club	1
mypeoplenet	1
liquor store accessories	1
how to become a millionaire	1
map 27365 mound rd warren mi 48091	1
rag joint #200	1
detroit synonym	1
reasons why you want to join a particular startup	1
why do you want to work at a startup answer	1
how to read a vin number on 2012 vw beetle	1
jim jenkins w/ carol werelius	1
common grill in chelsea mi	1
shield of baal deathstorm pdf	1
i love wearing womens high heels when i suck cock	2
friv	1
differential equation solver	1
jesus built my hotrod	1
sewing 2 knitted pieces together	1
oakointe vila director of nursing	1
sharon smith facebook	1
at&t cordless phone handset not working	1
avg nba free throw percentage	1
foreclosed homes in rochester hills mi	1
macys	1
tiny house albuquerque	1
nuuk greenland	1
"""slightly to the left"" garland"	1
pokemmo	1
summoning dark souls 3	1
launch.nhaschools.com	1
stillwater kilts	1
lansing community college - welcome center	1
solicitud de asilo en estados unidos	1
solicitud de refugio en canada	2
warmane donation rewards	1
baking leaf litter	1
leopard gecko eggs	1
what plants do okay in high humidity	1
site:veehd.com/video vampire girl vs. frankenstein girl	1
asian beauties	1
phantasy star portable 2 tempar codes	1
the highest percent of public-sector employees who are union membes exist at what level of government	1
the supreme court steelworkers trilogy (1960) decisions in essence stated that	1
valvoline prices	1
wthr	1
cms energy email login	1
how many people can stay in one hotel room	1
bra and panty tumblr	1
hunger games movies	1
what movies are on netflix right now	1
game of thrones	1
"3"" aluminum pipe"	1
mixing radial and bias ply tires on motorcycle	2
rocky mountain atv	1
2008 350z skid pad	1
videos wont play	1
what friendship level does eevee evolve into umbreon	1
ev reducing berries	1
thunderstone pokemon y	1
ophelia	1
how to add friends on pokemon y	1
cute handmade aprons for kids	1
trek gw2	1
baker solar system	1
michigan state university college of law student services	1
local resident failure tab	1
best gamecube games you never played	1
gone home	1
blu vivo xl smartphone unlocked	1
taliesin jaffe	1
freep.com detroit best songs	1
suicide machines vband	1
barbara lewis hello stranger lyrics	1
eternal september	1
neighbor porn	1
how to make a profile book in moshi monsters	1
the local credit union sterling heights	1
leather winged recliner	1
snuggler recliner	2
controlling campanula rapunculoides	1
gm warren tech center address	1
tiny homes for sale	1
hughesnet	1
internet in my area	1
internet service	1
rain water barrel	1
onstar.com	1
one more time remox	1
xbox digital tv tuner by hauppauge	1
215124950	1
eploration of space	1
susan g komen detroit	1
pink tour 2016	1
gas buddy	1
skyrim no longer able to activate objects	1
sneak tools perma patch	1
peas in uk recipes	1
triangle escape board	1
marianna zagurovskaya md	1
mass effect 3 adult mods	1
mandana karimi	1
elbo room zeeland	1
boc huffman leather loafer	1
tools to make website	1
best website tools	1
mewtwo	1
halo cuties grown with toxic wast water	1
images	1
blacklist	1
green bean casserole	1
paint color palettes	1
why do cameras not capture stars	1
harman kardon pm645	1
replacement turntable dust covers	1
3ds youtube not working	1
www.lt2000 mower deck greaseing	1
imdb	1
oakland cc student ambassador	1
the lord's prayer song chords	1
firm titties	1
what is the origin of may day	1
calc 4 practice problems	1
tf2 trading	1
tf2 weapons all	1
8750 burt rd. birch run, mi	1
4170 lahring road, linden, mi	1
mymichigantech	1
drain field odors	2
ratchet and clank movie showtimes lapeer	1
printable paper coins, classroom	1
printable money sheets	1
chapter four physics principles and problems answers	1
jizz tube	1
collé traduction	1
whats happening in metro detroit may 1st 2016	2
4 door jeep wrangler rubicon for sale	1
4 door jeep rubicon for sale 2015	1
random sentence generator	1
ulta coupons	1
pasture and paddock tender	1
d94kay1z0	1
boardwalk subs byron center coupons	1
russos burnips michigan	2
subs byron center	1
majano	1
tempeh	1
hot tub aromatherapy	1
http://choiceamateurs.tumblr.com	1
draft grades nfl	1
avast scan stuck at 0	1
legends of honor	1
fines for being out after curfew	1
michigan curfew finds	1
why does my vape run on temperature not wattage	1
make bootable drive to reinstall vista	1
toshiba vista recovery disc	1
can i use computer speakers for hdtv	1
game of thrones season 6 episode 2 watch online free	1
abdominal] structures of fetal pig	1
how to ride a enderdragon in minecraft	1
oaklandcc.edu online services	1
cornerstone portal	1
avocado hummus	1
ann arbor store for fruit bouquets	1
soulemama	1
shanghai composite	1
apa citation	1
microsoft word how to indent second line but not first	1
apa format	1
spotify	1
google flights	1
buy british vogue issue	1
aenglish arabic	1
udenlandske sygepleje tilladelse grad danmark	1
hvor skal jeg sendt min sygepleje udenlandsk grad at få tilladelse	1
arabic keyboard	1
facebook for nonprofits book	1
highlight a facebook post	1
robert stigwood	1
baldur's gate archaeological dig	1
durlag's tower	1
essential oil grub control	2
connecticut water activities	1
iowa band	1
milt rosenberg	1
poitou donkey	1
crosley field	1
vernis schad	1
kayak flights	1
nose cup	1
hope michigan	1
engine machine shop grand rapids mi	1
onan crank gear puller	1
how many times in michigani can write ncelex rn 2016	1
causes of multiple personality disorder	1
top mental health hospitals in the united states	1
nostalrius	1
cousin vinny's	1
ann arbor, michigan property tax lookup + 1955 independence	1
guitar hero 5 controller ps3 95893.805 dongle	3
how to hack a ps3 guitar hero dongle	1
kitchen nightmares on hulu	1
emuparadise	1
yellow birds in michigan	1
memedroid	1
loading artist carry groceries	1
jamiriqui	1
grim dawn farming tainted brain matter	1
978-0-13-172151-7	1
www,weather.com	1
avery circle labels	1
lance creuse blackboard	1
destiny the taken king legendary edition xbox one digital code	1
clipper 22360 ebay	1
skyrim intro carriage not moving	1
thediaryofdaedalus	1
