wells fargo	2
jigsaw planet	1
irondale basketball	1
homegrown lacrosse	1
ameriprise car insrance	1
hotels des moines iowa	1
deer river clinic and hospital	1
things betwixt	1
imgur dark souls	1
eggtimer	1
aout toy trader	1
tegan and sara	1
f250 fender flares	1
game of thrones s06e02 kickass	1
growtopia	1
i love the lord phillip carter lyrics	1
william heard song	1
facebook sherri orr	1
berkeley forge and foundry history	1
msn	3
unable to validate card psn	1
regions my mortgage	1
pch	1
facebook	16
adblock stopped working	1
dark souls 3 dlc	1
moundsviewschools wiki	1
what is a flexible representatives practical approach to lawmaking	1
jewelry making classes mn	1
bob dylan rolling stone	1
solitaire turn one card	1
kathleen kennedy	1
thomas j martinelli madison wi	1
edward jones wiki	1
shemales	1
ged testing mn	1
mediacom usage check	1
onegai teacher	1
black and grey patio sets	1
pokemon fusion	4
sweet gypsy pepper	1
2017 audi a4 trim level comparison	1
mto	1
www.comcast.net	1
profile picture google	1
dakota trailers	1
factory reset iphone 5s	1
how to jailbreak iphone 5s with passcode	1
views from the 6 album download	2
views from the 6 album download zip	1
joe dimaggio	1
best business books	1
kronos wow	1
top gear - season 19 episode 2 - western usa road trip	1
weather in regina this week	1
nostradamus	1
minnesota river mankato fishing	1
slitherio	1
amazon	4
朝鲜战争 经过	1
david meder	1
maptool nullpointerexception	1
denver hotel deals	1
priceline	1
nike factory outlet	1
luxury auto mall sioux falls	1
nhentai	1
the terminator online	1
english springer spaniel puppies for sale in minnesota 2016	1
walmart 5-hour energy extra strength	1
machine gun preacher free	1
menards	1
so i killed the fucker and took his humanity	1
doom inferno	1
bestever	1
force additive lighting	1
sweetcouplesweets	1
racine journal	1
mrs cavanaughs	1
how to mow lawn in spring	1
1968 gto for sale	2
what is voicemail	1
mayor's income tennessee	1
micheal da vinci	1
tahm kench spit op[	1
taylor swift wildest dreams	1
grimes easily	1
sir richard bishop	1
doughboys home again shirt	1
doughboys skeleton t shirt	1
game of thrones books	1
furbuster	1
stream2watch	1
gmail.com sign in	1
r/wtf	1
bravely default endings	1
rev track	1
masseria panareo,	1
residential spray foam insulation	1
herburgers	1
free deuces wild games	1
car clipart	1
xbox 360 usb speakers	1
hd screen capture	1
free hd screen capture	1
looking for safes scrap yard	1
how to request a copy of a support order florida miami	1
how to find out my case number for miami dade child support order	1
discount tire stillwater mn	1
maps	5
length of shower curtain	1
joann burke hayward wisconsin	1
skyrim blanket	1
schoology	1
eve online minimatar cosmos	1
timothy brindle fire church charlotte	1
indiana polls clinton sanders	1
209 lake avenue, park rapids, mn 56470 print	1
evolution snes game	1
best torrent sites	1
xnxx	3
words with friends cheat	2
duke wilhelm ernst	1
bukkit denizen	1
bukkit worldguard	1
sauk rapids mn weather forecast	1
the dead blue sea	1
asc 360-10	1
3632 171st avenue nw andover, mn 55304	1
speed run	1
bagger 288	1
american airlines	1
gta games	1
cool math games	1
srv hideaway tab	1
hideaway tab	1
costco sunforce solar light	1
dura start battery rebate	1
hp tablet bluetooth quality	2
best hockey game	1
google directions	1
room	1
kpopfap	1
(http://www.usatoday.com/story/news/2016/02/02/cdcurges-young-women-avoid-all-alcohol-unless-theyre-usingcontraception/79701890/)	1
would you rather violent	1
monthly plnners	1
6635 lipizzan trail north forest lake minnesota	1
zalgo text generator	1
941 maryland ave e, saint paul, mn	1
flannel plaid shirts womens	1
hiking boots fitting guide	1
president barack obama	1
haworth cubicles assembly	1
game of thrones	1
cub foods midway bakery order online	1
celexa causing scoliosis	1
books	1
family name of cocks	1
oxycodone for headaches	1
scholar of the first sin summon range	1
drano tinfoil bomb	1
mime generator	1
spain train crash video	1
home depot	3
"""jonathan crutchfield"" ""morningstar"" ""neither death nor life"""	1
fairview maple grove medical center	1
santa fe 4039 athearn	1
ho scale number boards	1
elizabeth taylor cleopatra	1
using a surface pro for art	1
surface pro 4 digital art	1
amazon. com	1
north carolina furniture	1
douglas brodil	1
mothers day ideas	1
xfinity	2
deduper forum	1
st louis county jail roster	1
chimney repair duluth mn	1
free mallard filmore	1
mallard filmore	1
a report is said to have information content if it eliminates uncertainty associated with a problem facing the decision maker true false	1
plains oval sedge	1
best buy hours	2
minnesota revenue	1
greenmangaming	1
bundle stars	1
30 days of night full movie	1
tiny monsters mountain monster	1
windows start menu does not open	1
noah's ark	1
sly cooper	1
halt and catch fire	1
words starts with ten	1
email	1
florists near mall of america	1
project runway all stars	1
google docs	2
flights leaving dubai	1
surface pro 3	1
benefits to a company's reward system	1
minecraft mo creatures all animals with pictures	1
minecraft mod mo creatures	1
st olaf thorson hall	1
2016 calendar	1
tahm kench build	1
bumper jack	1
sammy's	1
mad dogs pizza grand rapids mn	1
kayak	1
sun country	1
thru him photography	1
boxwood shrubs	1
piratebay	1
kielholz rybicki speditions gmbh	1
google map	1
wascosa	2
moog mock620292	1
moog ck620292	1
2005 lesabre front driver side motor mount	1
em 2897s mount	1
remington 597 magazine	1
olympic athletes quotes	1
vrbo	1
allison i know this world is killing you	1
craigslist mpls	1
sam's club	1
medtronic workday	1
ufc	1
master yi devourer	1
royal tropicana hotel abuja	1
subset exclude r	1
pandora	1
who were all the hokages	1
how do native plants compete with buckthorn	1
food chain with energy flow and energy %	1
famous daves	1
humble bundle	1
pane in the glass mn	1
1994 france figure skater black	1
preschool on the go names	1
swc bulletin	2
cub foods	3
bfme	1
shaped charge abbreviation	1
using winegard sk-1000 with solo node 185834	1
minnesota wildlife list of mammals	1
sensual videoies	1
sensual videoes	1
nationalist movement apush	1
interventionist foreign policy date	1
climate change apush	1
malawe ladys pussy	1
plsas	1
obese kids	1
indeed.com	1
对应聘岗位的工作设想	1
csgo map removed	1
brickseek target	1
how do i import my files from delicious to kifi	1
e hentai	1
ham lake run course	1
single three parameter polynomial	1
zillow	1
fanimation	1
ceiling fans arts and crafts style	1
get smart theme song	1
craigslist	4
ufc gas station lafayette mn	1
how to use your ps4 controller on pc wirelessly	1
xbox one controller pc wireless bluetooth	1
ebay	3
1997 jeep cherokee craigslist mn	1
retro tv set	1
horseback riding somerset wi	1
wandering jew cartoon	1
complete this table of values for four aqueous solutions at 25 °c.	1
harpercollins	1
scholastic	1
adobe close export pdf	1
bedroom wallet holder	2
hp pavilion dv7 reassembly	1
linux port scan	1
gmail	4
wordpress admin-ajax.php slow	1
kristoff frozen	1
y-yt= -1/2	1
what glue to use on a guitar bridge	1
describe the process of sex determination in humans (chromosomes and sry).	1
abc supply-erie	1
erie county ny forclosure sales	1
nys volunteer firefighter laws	1
youtube	12
pizza hut	1
paypal	1
speed test	1
microsoft office 2013 versus 2008	1
microsoft office 2013 review	1
boy's book of adventure	1
return of the swamp thing movie	1
paul warshauer new ulm mn	1
centra sota new ulm mn	1
discount coupons for hollar	1
husky 5 shelf heavy duty storage unit 48x24x78	1
selection process for federal court judges	1
plessy v. ferguson judicial restraint examples	1
honda hrx217 smart drive not working	1
honda hrx217 crankshaft replacement	1
directions from mn to az going through colorado	1
glock mag extension	1
recency	1
handbrake star trek tos blu ray	1
excess zinc intake	1
reality kings.com	1
netflix vs hulu plus	1
solution to chapter 7 demmin	1
practice mc test unit e.1 kinetics	1
n the early days of the gulf war, when the u.s. ground assault began, the defense department announced the first total news blackout in u.s. military history.	1
tank wars	1
how to add crew to tank in world of tanks	1
time zone map	1
foxtrot	1
twin cities buy key limes	1
hinkley mn casino	1
eagle ridge lutsen	1
picket fences locations	1
biblical steps on forgiveness	1
guided meditation for betrayal	1
bergquist imports mugs	1
www.gxannagiusehien.net	1
minnesota id	1
cox n crendor	1
set an alarm on my computer to wake me up	1
cinco de mayo word search free printable	1
leveling up ability scores pathfinder	1
lateral	1
how do you treat whooping cough	1
interesting facts about whooping cough	1
resources on play	1
mybsu	1
tragedy of common sense morality	1
bourbon and cointreau cocktail	1
ocean spa coon rapids mn	1
the cozy kitchen	1
oxtail price per pound	1
nick castellanos scouting book 2013	1
marriott towneplace boston	1
petite teen newbee	1
connie francis where the boys are lyrics	1
top rated chiropractors near me	1
lisa jobs	1
openhab asks for username and password	1
weatherunderground api key	1
pdfescape	1
erin richards	1
lean practices	1
carpenter bees	1
hardcore voyeur sex party india summer james deen	1
attentional control	1
obama loan forgiveness	1
.io games	1
megalovania osu download	1
google translate	1
rosalind franklin chicago medical school application sdn	2
cerebral movies on netflix	1
gap	1
chipotle online delivery	1
armlet of mordigan	1
d&d 3.5 druid spells	1
what is in paprika?	1
what is ginger?	1
cypress hill discography download	1
gsa va contract	1
can i substitute volunteer experience for professional experience	1
w2 form	1
walser toyota	1
weather underground lua temp	1
correct parameter errors on external drive	1
r/osugame	1
train from belgium to cinque terre	1
what are examples of brain injuries	1
the escapist walking dead	1
youjizz	1
do it best garage door opener parts	1
wow dps rankings	2
george carlin fat people	1
amortization schedule	1
microchip obama facts	2
mahatma gandhi inspired martin luther king jr. through his use of	1
an example of nonviolent protest used in the civil rights movement is	1
in response to riots over desegregation at the university of mississippi president	1
what was the purpose of the march on washington in august of 1963	1
unfinished wood furniture stores in minnesota	1
rpg title generator	1
agario	1
craigslist mn	2
larry wilmore white house review	1
pier one	1
wcco radio twins baseball	1
what exactly the north carolina law about bathrooms	1
comcastcares	1
twins vs detroit	1
verizon	1
geometric mean calculator	1
you have a portfolio with a standard deviation of 30 and an expected return of 18	1
suppose the risk free return is 4 and the market portfolio	1
airline matrix	1
bts fire lyrics	1
maple syrup filter	1
hvac closing more sales	2
hvac home survey closing sales	1
hvac asking the right questions	1
xandarians	1
how does a polaroid camera work	1
what does a focus wheel do on a camera	1
@isaiahhodgins	1
obiloh egu	1
california family courts	1
kay dahl obituary	1
bannerlord	1
what country has the highest debt	1
amir khan	1
23411 bayview dr cohasset, mn	1
kristien bak quantum physics game	1
j&r schugel trucking	1
car shakes in idle gas smell	1
zathura	1
how to update motherboard bios	1
asus ez flash2	1
asus bios	1
axon	1
bayonet doppler st fn	1
pink floyd wish you were here	1
target pharmacy	1
michaels	1
hotmail	3
xvids	2
strengths of behaviorism	1
you tube	3
minnesota high school track and field	1
greirrat	1
kushan empire	1
screen recording android	1
cargo van rental minneapolis	1
all modern	1
hairy pussy	1
mn wild	1
entertainment cabinet with doors	1
super mario 64 underwater level	1
microsoft security essentials windows 10	1
is the isis falg just used by isis	1
37258 hwy 65, stanchfield, mn 5502	1
spire credit union	2
tay vanity	2
vizio	1
megan boone	1
how do you modify the size of the stage in premiere pro?	1
how to change frame size in premiere pro cs6	1
corvette hypermiling	1
relative layout background image aspect ratio programmatically	1
android basic activity	1
yahoo	7
1223 odyssey ln 37922	1
pathfinder	1
elle king	1
japanese bralle	1
swgemu swordsman guide	1
queen size quilt patterns using fat quarters	1
gerald r clark, hespera, ca	1
askreddit kink	1
dixondale farms	1
wii sensor bar powered by usb	1
can future days	1
duluth cathedral	1
ps02 brown bear	1
pso2 custom symbol art	1
plantpure nation	1
adobe acquires	1
hennepin county library suggest a purchase	1
stephanie hyam	1
under armour boys' storm armour fleece jumbo big logo hoodie	1
mens underarmour sweatshirt	1
you porn	2
yawny at the apocalypse by andrew bird	1
andrew bird the current armchair apocrypha	1
whats my motherboard	1
asus p8p67	1
meatloaf recipe	1
getting to georgetown bahamas	1
how uncheck all songs in itunes	1
dinnerware patterns site:worldmarket.com	1
978-0816696338	2
biopic	1
dumb and dumber	1
don't spare the horses	1
facebook login	3
fleur de lis table decoration	1
buckwild becky	1
shane and shane psalms album booklet	1
prilosec work right away for dogs	1
abbey carpet	1
is a loan or credit card better	1
harbor freight	1
690 livingstone st paul mn 55107	1
making of fallout 4	1
es confiable reservar con google flight	1
hunter hepa filter 30920	1
lake country dental brainerd	1
alyson stoner website	1
jcpenny	1
free crochet cowl patterns for beginners	1
crossword puzzles	1
totalmoneymakeover	1
redtube	2
jumbotron bootstrap	1
brent riddle	1
bible verse about earth being flat	1
kyocera cnmg 432 ca6525	1
brintellix side effects diabetes	1
everquest prismaridescent	1
midwest mastercraft	1
www.waterskis.com	1
damplips	1
international t340 dozer specs	1
how long is my stride	1
minnesota criminal records	1
number line	1
kris kyle	1
planet ranking by size	1
souffle 58350	1
oxo tot handy stroller hook	1
how to relocate baby bunnies	1
recycling plastic detergent bottles	1
mills fleet farm	1
gas trimmer reviews	1
audible gift card	1
i have 8gb memory why is only 2.99 usable	1
capital one	2
2 serving indoor grill	1
games with gold games this month	1
moi et toi antique ring	1
maevona	1
mens rings titanium vs tungsten	1
diba women's tom boy	1
firefly forest	1
borderlands reddit	1
build your own pizza	1
craigslist minneapolis	1
elapsed time site:khanacademy.org	1
mėnuo saulužę vedė	1
how to clean pontoons	2
creative ideas for student awards	1
beetv	1
bulbus	1
scac code	1
7501 block 39	1
7501 form potatoes	1
us cbp indirect payment	1
enviornmentalism and music	1
c2h6 molecular geometry	1
standard door height	1
"the honeymooners ""the safety award"""	1
camp knutson	1
enterprise car rental	1
1305634527	1
duplicate title minnesota	1
mia kusama	1
honda hr214	1
fernbrook townhomes	1
raspberry pi	1
air presto qs	1
chances of dying in a plane crash?	1
proflowers	1
wand quiz pottermore	1
down payment assistance programs for first time home buyers	1
what was the msrp of adobe photoshop lightroom 5 in 2014	1
nook model bnrv300	1
nikon battery for d5100	1
proctor silex electric griddle 38513p	1
owl	1
andy michalek logging	1
polk county mn land surveyor	1
weber genesis e vs ep	1
xtreme garage welding helmets	1
latina casting movie	1
why is star wars pg-13	1
netflix	5
playstation	1
overwatch open beta	1
watch game of thrones season 6 episode 1 online free	1
airsoft m4 mechbox spring stuck	1
aaron carter	1
hentaigasm	1
www.fuckthismature.com	1
crosley palm harbor wicker chair	1
cpt joke	1
kare 11	2
linkedin	2
thew kitchen baked buffalo sauce	1
masa boats	1
xpedia	1
eastland shoes	1
factory home center	1
post card	1
rachmaninoff's first piano concerto, minnesota orchestra, may 5	1
who mailed their return after the first one was fraud for 2016 refund	1
a make-to-order operation would be primarily concerned with lead time	1
mass customization makes use of the concept of	1
which of the following are characteristics of a low-contact service delivery system	1
lean thinking can be applied to quizlet	1
which phrase most closely describes the delphi forecasting technique	1
which of the following statements is not true about the theory of constraints (toc)	1
an assumption of the pert method is activity times are not constant	1
e3d mounting	2
astrophotography mirror lrns	2
milky way d3200	1
chyna fucking	1
west side highland washington	1
scotch whisky smoky measure called	1
scotch whisky tasting guide	1
farming gardening rpg games	1
free piano synthesizer	1
keyboard synthesizer	1
girl plays resident evil 0	1
discover card login	1
ccleaner	1
hetalia prussia female	1
yu yu hakusho	1
groupon	1
why so many degrees of freedom chi square	1
dremmel tool bits	1
doe v bolton	1
shinah brashears	1
making cabbage rolls	1
book on golf art chapman	1
theme park studio	1
how you know women have orgasam	1
body armor	1
madd gear carve extreme review	1
how to change boot order in dfi lanparty x38	1
corsair k70 rgb rapidfire	1
kelly correll	1
san diego vikings bar	1
louis st paul	1
the liffey	1
civ 5 fantasy total conversion	1
increasingly synonyms	1
steps to lucid dreaming	1
emporio watches fake	1
how to use superscript in word	1
service industries journal	1
tmobile speaker	1
mycenturylink	1
vortex servers	1
freedom wars	1
pogo stick	1
route 66 history	1
watch dbz super	1
what is lactate	1
father mike schmitz bio	1
viki	1
selenophile	1
chevron virtual world model salt lake refinery	1
ffm big breasted threesome pic gallery free	1
zilow	1
hulucom	1
saints row 2 song list wikipedia	1
weather rochester mn 5 day forecast	1
gander mountain	2
best self defense folding knife	1
replacement scrreen ideapad 100s	1
united healthcare	1
uhc vision	1
find the distance between two points on the coordinate axes	1
anyone ever put a 455 into a 1967 gto	1
myfreecams	1
mario party party 6	1
dreamchaser's ashes	1
comeback fox stevenson lyrics	1
boykin spaniel	1
diablo destiny similarities	1
star wars dress up	1
what is rabies	1
minecraft seed	1
bob's auto ranch	1
ninite pro cost	1
humminbird helix 7 accessories	1
catfish tv show	1
nudists	1
left handed percentage	1
phil baccano	1
難癖	1
藤原紀香	1
google calendar	1
google skethup	1
i accidentally remaned all my files	1
how to request a refund on steam	1
skrille in minnesota	1
lets make a spaceship what does the button do	1
create a needle	1
journeyman blacksmioh	1
on the contrary	1
is your blood type on your birth certificate	1
falling membership in scientology 2016	1
nightmare distilliate rift	1
sociological imagination in vietnam war	2
anti-war movement vietnam	1
the draft for vietnam	1
dual capacitor treble control	1
rang de basanti english subtitles	1
july 20 plot execution photos	1
reign season 3	1
ryobi pressure washer wand	1
dan murphy, shoreview, mn.	1
twitch chromecast not working 2016	1
twitch chromecast button nothing	1
live action urasawa monster	2
online photo editor	1
tuna noodle casserole recipe	1
turkish reboot berserk	1
flexible zombie prop	1
michael jackson costume	1
unit 70 studios	1
superior shores online reviews	1
for keeps	1
voice recorder software	1
como town	1
sated fate	1
upper midwest regional emmys nominations	1
ways theater was used in the 1970's	1
different ways classical music was used in the 1970s	1
apa in text citation chapter in a book	1
easy oral motor exercises to try – today	1
world snooker	1
goodman manufactoring	1
best sci-fi movies	1
epfo	1
usbank online	1
snopes trump	1
kfan	1
scholar	1
does yoga help with hip bursitis	1
recipes for cannabis edibles	1
shadow warrior 2	1
basil the great mouse detective	1
110 octane fuel near me	2
bethel lutheran church clearwater fl	1
grand superior lodge	1
blade stop feature ego lawn mower	1
rowan knitting and crochet magazine 57	1
how to install laminate flooring	1
nikon scoutmaster zoom	1
gift blogs	1
butterfly tea holder	1
grrl	1
speed form gemini 2	1
jj's house	1
zombies dlc 2	1
2010 ford focus trailer hitch kit	1
jvh wealth	1
how to go faster using fly command ark	1
brazil previous capital	1
duluth news tribune obituary notices	1
cookie and kate enchilada sauce	1
t-mobile login page	1
hbogo	1
northeast bank	1
first advantage	1
ejmr	1
what is alcohol	1
exotic custom bicycles	1
postman is suing me for falling in my yard not on the walkway	1
trntbl	1
hafthor bjornsson ass	1
i like tuh on you tube	1
pieces of april three dog night	1
andy williams love songs youtube	1
worldremit	1
public defender elk river mn	1
elk river, mn criminal defence attorneys	1
google drive	2
hotwire promo code	1
exercise for the soul	1
rms middle school band	1
mapquest	2
the enemy below full movie	1
african volcanic map	1
ww2 british 4.2 inch mortar	1
t16 towing 6 pounder	1
prince	2
psycho knife	1
tf2 mge	1
hilton hhonors	1
bottom up budgeting	1
stihl leaf blower	1
www.wellsfargo,com	1
antigone summary	1
umn physics	1
creation of the abbreviated measures of the pain catastrophizing scale and the short health anxiety inventory: the pcs-4 and shai-5	1
shawn poisoned	1
black ops 3 wiki multiplayer	1
mojang account	1
weather	1
angstrom to nm	1
kelly stafford	1
reddit game of thrones stream	1
cities in minnesota	1
the guiver	1
travel man	1
forge 7 days to die lump of clay	1
back up using file history	1
peterson lighting pm146	1
dispenser minecraft	1
benton county mn maximum shed size no footings	1
chuck berry no particular place to go lyrics	1
dulcolax	1
can you do chidori real life	1
alliant	1
whose side is spiderman on in civil war	1
smite junkies	1
reddit radiohead	1
electronic english dictionary	1
is exfoliating good for your skin	1
best robotic vacuum for pet hair	1
roomba 880 vs 650	1
twitter	1
hayden panettiere malfunction	1
deepthroat giant cock	1
1997 ford f150 coil on plug	1
quiz about boy	1
thoma wayzta	1
oprah and ww	1
tria blue light	1
how many days until july 14	1
donor letter restricted gift	1
churches opposed to the payment of social security	1
trial vs. mediation vs. arbitration	1
plague dogs youtube	1
nursing staffing and quality of patient care	1
blue eyes girl hd	1
cambridge mn tree farm	1
bike trails south of the metro	1
nobunaga's ambition: sphere of influence skidrow	1
grand rapids mn map	1
automatron mechanist bug	1
spc address	1
channing ward tampa bay bucs	1
pfsrd bless	1
breyfogle auto marshall mn	1
avalon hotel chippewa falls contact email	1
dealdash	1
siegward of catarina	1
subway menu	1
soy milk pam's harvest	1
1337 shadywood lane, waconia, mn	1
asian genocide	1
prince music videos	1
cooke v. town of colorado city	1
jennings v. dow corning	1
zero 7	1
buttero	1
how to make smokedporkchops	1
bootable usb tool	1
we dem boyz	1
moritz boehringer	1
gophers in nhl	1
louder with crowder	1
monroe's cabinet	1
polk utah migration to utah	1
jason genova	1
supertrapp sportster 2-1	1
videos aren't being uploaded onedrive android	1
the forest trailer	1
rubbermaid premier	1
2009 accord rear seat dvd player	1
nevada lakes map	1
finding area of geometric shapes	1
disney wallpaper	1
disney enchanted wallppaper	1
disney princess jasmine wallpaper	1
jcp womens plus shorts	1
2 timothy 4-7 meaning	1
baby boomers years	1
daily prayer collins publishers	1
where to get free e scrap	1
eliza dushku nude	1
win button on keyboard	1
windows + is not working	1
vegeta super saiyan theme	1
2000 holiday rambler endeavor engine oil capacity	1
in dash dvd player to flat screen tv	1
rosegal	1
insulated water bottle	1
sallybeauty	1
airdroid	1
eastview	1
captain america post credits scene	1
green mill	1
minneapolis renters lincense who signs the form	1
graze.com	1
inmate canteen	1
teen porn pictures	1
sanitary angle stream drinking fountain	1
dungeons and dragons combat basics 5th edition	1
tobuscus	1
bed lamp	1
what do you mean justin bieber song download	1
how to solve a rubix cube	1
chicago meds	1
rothsay truck stop & cafe, 544 center st n, rothsay, mn 56579	1
words for said	1
primary schedule	1
ginseng plant	1
dta 10	1
home depot vertical blinds	1
home depot sliding door blinds	1
how long is spirit disney	1
ah muzen cab origin	1
onuris egyptian god statue	1
anubis	1
ao kuang	1
ao guang	1
aphrodite history	1
ares classical	1
ares canope	1
awilix mayan	1
bakasura	1
aeneid	1
chaac mayan history	1
chang'e history origin	1
pentemychos written	1
metamorphoses lucius apuleius	1
the golden ass written	1
maximum ride	1
citizen kane	1
west side story	1
huniecam	1
duluth ymca	2
punta cana dominican republic weather	1
doublelift	1
gnar build	1
new balance men's mo689 outdoor multisport hiking shoe	1
target	1
powerball	1
changjue29	1
play mighty number 9 onlie	1
want to have sex with me clip art	1
miniclip	1
synonyms for expire	1
list the metabolic waste molecules excreted by the kidneys and the tissue/organ they are generated from.	1
edina realty	1
path lit with solar panels	1
adult friend	1
blizzard starcraft	1
mycdi	1
kentucky flintlock rifle kit	2
urgent care hours	1
mmfcu	1
battery for toyota 4runner	1
watch inuyasha dubbed	1
game of thrones season 6 episode 2 vodlocker	1
athomeapartments	1
asme csd 1 form	1
latina abuse kristiana	1
hairy potter full colelction	1
random faces	1
the who	1
why does bloodthiner cause black and blue	1
melissa mccarthy	1
holdingford track meet 2016	2
wright county swappers meet	1
dillon 650	1
customer reviews best dog harness for 5 pound dog	1
anti fungal for small dogs	1
ndsu majors	1
band of brothers	1
retrouvaille mn	1
percewood's onagram	1
powderhorn park	1
dropbox	2
does any wireless doorbell work with any chime brand	1
d&d 5e poison	1
the ink spots	1
2016 nfl undrafted free agent signings	1
2016 nfl draft grades	1
google scholar umn	1
sugar lychee	1
match and merge aarp	1
when is game of thrones season 6 starting time	1
harvest moon a new beginning cheats	1
my sprint usage	1
coldwell homes victoria mn55386	1
mn police officer requirements	1
aldi ad	1
proto labs, inc.	1
donaldson company, inc.	1
jobs in physical chemistry	1
sun crystal skyreach	1
windows 7 startup programs	1
mortgage industry advisory corporation	1
pierce brosnan	1
chik fil a coon rapids	1
home depot duluth	1
apex consulting	1
tucson it jobs	1
handbell mallets	1
ironlotus.com	2
routing number for the bank of elk river	1
poquet auto in golden valley mn	1
atv gun mounts	3
mad dog double gun rack	1
kolpin rhino double gun mounting	1
thesaurus	1
reflection mulan	1
sentence starters	1
porn hub	1
alu multiplication algorithm	1
what level of ppe for anthrax	1
mont st michel from caen time	1
how long does asurion warranty phones	1
craigs list eau claire	1
sims 4 cheats	1
reddit soccer streams	1
how long does it take to get your teeth back with a retainer	1
the 100 season 3	1
the 100 season 3 watch online	1
treasury bills ghana	2
nada boat	1
lock and love	1
uc	1
don't let me down illenium remix	1
tumbler	1
plagiarism checker	1
band with, landmark , st. paul	1
michigan dental association	1
dental associate cover letter	1
yahoomail.com	1
1534 45th st nw rochester mn 55901	1
joy movie torrent	1
al pastor crock pot recipe	1
new ulm journal	1
chochito6.tumblr.com	1
butchercain75.tumblr.com	1
cheap cellular plans	1
softball mason jar gift ideas	1
placing tile backsplash	1
in the models that describe population growth, r stands for _____.	1
410 groveland avenue #503 edina realty	1
carmike oakdale	1
britton pain clinic	1
temario oposiciones 2016 audicion y lenguaje pdf	1
centro juvenil los quebrachos morazan	1
google	1
tourquise lampshades for ceiling fans	1
fox news live stream free	1
photos of lake superior's north shore for sale	1
black ops by bear river holdings junior sniper rifle b1155	1
the average amount of college debt	1
this american life	1
negash, tadesse	1
why i enjoyed this class	1
why i enjoy exercising	1
reverse image search	1
ibm thomas watson research center	1
lina basquette	1
open house brooklyn park, mn	1
7801 emerson ave.n., brooklyn park, mn	1
ethiomedia	1
sgammo	1
watchcartoonsonline	1
cs go reddit	1
custom wheels for suzuki m109r	1
can a lenovo win8.1 drivers pack v1.8 disk be used in a hp?	1
my giant guardians below the market	1
melinda dillon nude	1
08u45-t2a-100	1
oat flour calories	1
central middle school eden prairie	1
saturn as amatyakaraka	1
oracle etl	1
an oscillating object takes 0.10 s to complete one cycle; that is, its period is 0.10 s. what is its frequency f?	2
consider a pulse of laser light aimed at the moon that bounces back to earth. the distance between earth and the moon is 3.84×108m.	1
nowhere to land	1
granite	1
gant shirts	1
freestufffinder	1
criminal procedure practice exam	1
2711 heathermore park dr s, carmel, in	1
4th amendment automobile search	1
criminal procedure edwards	1
teen boy ejaculation	1
bluetooth transmitter for ipod touch	1
mike holt	1
lake superior webcam	1
uss simon lake as-33 patch	1
336 college st se, valley city, nd	1
cooks.com	1
papa murphy coupon for family size	1
shutterfly	2
cross bike	1
dan bilzerian	1
i don't care what they say cause my name is scary face	1
canon pro printers rebate	1
difference between individual and social constructivist approach to teaching and learning	1
definition of teacher centered planning	1
texas businessman outs ted cruz	1
diablo 3 season 6 wizard	2
csi online free	1
lump in breast tissue	1
megir watch	1
what are the limits of the biosphere? what factors would limit the distribution of plants? what factors would limit the distribution of animals?	1
it is clear that the greenhouse effect caused by rising levels of co2 will have many dire consequences in agriculture. would there be any benefits to plants from higher co2 levels in the atmosphere?	1
list and describe the major biomes found on the north american continent.	1
products made with chicle	1
decadence 2015	1
gophone plans	1
dairy queen	1
poephe	1
george alternatives	1
best magic items for paladins	1
shirley jean roush	1
ryan barott	1
why does powerdirector 9 keeps crashing	1
how to clean up video	1
white jesus	1
how to delete person from words with friends	1
gas to liquid phase change	1
connexus credit union	1
prince conspiracy	1
hard drive not showing up windows 10	1
ccbs	1
long lost family tlc host	1
disabling fluke 8600a battery repair	1
disabling fluke 8600a repair	1
equilizers for google play	1
comic book history	1
steve ditko	1
what era is the little mermaid set in	1
ezchildtrack	1
baby bouncer wikipedia	1
rondas chinchillas	1
narrow gauge inn	1
long lost family	1
goodness gracious wow	1
razer	1
the role of baseball in fences play	1
chatterbate	1
pornhub	1
jake karhoff porn star	1
mn state parks	1
how to set custom ringtone on iphone 6	1
yahoo mail	1
how does victim advocacy help the community	1
95mm cone air filter	1
tcf stadium seating	1
oblique fracture	1
best buy catalog	1
a reflective attack can be increased in intensity by combining it with what type of attack	1
packets that exceed the medium's maximum packet size are known by what term	1
what method of transmission is used between two ip phones	1
fridge making noise but not cooling	1
p250 asiimov	1
dd/lg	1
erotic stories	1
twitch melee	1
us bank	1
new droid turbo importing music to sd card	1
nba playoffs	1
what is an epistle	1
nfl draft grades	4
pioneer press	1
st paul composting sites	1
2017 ford transit connect wagon warranty	1
bill cosby innocent or guily	1
changi airport	1
20125 inwood crt, silver lake, mn	1
craigslist fargo	1
swtor mumble	1
convergence	1
mitsubishi electric ceiling cassette	1
how to use linux seahorse	1
best tropical destinations on a budget	1
st. kitts and nevis	1
st john dominican republic	1
e3d-v6	1
webm's	1
movies that opened at the same time as ratchet and clank	1
flash plugin samsung galaxy	1
solid modern shooter games	1
lose weight menu	1
patty peterson superior wi	1
nyan cat 10 hours	1
pkm 100rd drums	1
dpm barrel	1
what is social blue book	1
list of wheelchair manufacturers	1
list of wheelchair manufacturers in usa	1
rainfall statistics in minnesota	1
wheelchair manufacturers united states	1
buongiorno	1
kar	1
green hornet bruce lee	1
little 3d hentai	1
the jungle book 2016 subtitles	1
the jungle book 2016 english subtitles	1
end of the world 2012 full movie online	1
gumball games	1
phone book	1
canal park pet friendly hotels	1
no worried bible verse	1
how to cook shrimp	1
the suicide shop	1
backpage mn body rubs	1
amy's conquest	1
white house correspondents dinner 2016	1
average rabbit litter size	1
"achievement hunter ""well that was stupid"""	1
make a directory	1
change nagios ip address	1
navy award writing	1
amazon music	1
mantis tiller	1
eric bana nude	1
eric bana gay	1
ace hardware	1
what is the current value of a 1901 lewis & clark $10d us bill	1
soompi hae young again eric mun	1
gilligan o'malley pajama pants silk	1
viki subtitle	1
gazebo	1
weapons dark souls 3	1
accents in spanish	1
hbo go	1
news fargo	1
white pots for potting plants	1
us bank home foreclosures for sale in mn	1
groomsmen gadget gifts	1
abaddon sets	1
lobstermania	1
willmar ag	1
collin peterson mn	1
jurassic park minecraft for kids	1
bakers square	1
mcdonalds monopoly	1
s&p 500 ytd	1
watch game of thrones season 6 episode 2 online free	1
in the heart of the beast	1
cosplay wallpaper desktop	2
excuses to get out of family event	1
inuyasha new season 2016	1
best anime shows	1
left hand hickory creek mini vertical crossbow	1
planet earth blue planet	1
qssweb	1
davannis	1
enable e2 extensions	1
wood burning stove 261 st-franklin pittsburg tenn	1
css role tag	1
save images for web photoshop cc	1
amd catalyst control center	1
weeds gone to seed	1
mulch weeds	1
telescoping crack weeder	1
weeds compost	1
kizi	1
vegan pepperoni recipe	1
food processor recipes	1
cash wise	1
sawwar ben hamdun	1
torre del homenaje alhambra	1
karen carpenter songs	1
domain and range for function f(x)=2/3x^2	1
bh cosmetics coupon code	1
lsc	1
hotmail.com	1
sims violet magnolia	2
fervidly	1
wilde roast	1
longfellow grill	1
hercules 390 java software	1
hercules hyperion	1
hennepin county medical center	1
neji	1
astatic d-104	1
through the breach	1
missouri motorcycle helmet law 2011	1
osu hentai skin	3
putlockers	1
best android tablet	1
rochester high school	1
3m co. to put retirees on obamacare greta van susteren oct. 2010	1
wayfair	1
alexis bloomer	1
super smash bros wii u vs 3ds	1
pokemon johto league champions - the complete collection	1
charlene conway	1
robe mods for oblivion	1
three drawer file cabinet	1
sears house plans	1
ps4 mkv	1
stepmom titfuck	1
common age to get osteoarthritis	1
test data on deiciosn tree r	1
umn moodle	1
wccu	1
brandi belle	1
minevast	1
valproate fetal syndrome	1
potassium permeability	1
calvin klein women's grid pattern belted sheath	1
calvin klein women's grid pattern belted sheath, cd6x4v6d reveiws	1
easy bread recipe	1
2917 morrison road west, university place, wa, 98466, us	1
us quidditch	1
barnes and noble edina	1
turin vs milan	1
breast massage and hand expression porn	1
pinterest	1
christopher and banks	1
chase logon	1
captain disillusion reddit	1
volleyball nets	1
ham lake vet hospital	1
recipe for custard	1
legendarylea flashes stream	1
sticky willy	1
cheap used cars mn under 1000	1
mobile homes for sale in southern minnesota	1
asl sign for birthday	1
mn fishing opener	1
gonzo porn	1
rogue build dragon blaze	1
rapport guide dragon blaze	1
rapport dragon blaze	1
how to rapport fodder dragon blaze	1
miss kentucky cameltoe	1
another word for into yourself	1
malibu california	1
sailor mercury doll	1
carb free gluten free gravy thickener	1
facebook video downloader	2
usps zip code	1
irs married filing separately deductions	1
concept check 21.3	1
city pages	2
easton arrows	1
how to measure for golf club length	1
what's the best way to paint steel siding	1
montessori free printables	1
top russian bible app strongs	1
dental hygiene and mental health	1
citation machine	1
http://www.anti-forensics.com/disk-wiping-one-pass-is-enough	1
should radiator cooling fan come on when using air conditioning?	1
macalester calendar	1
class level	1
bbbw hairy pussy black women	1
battle net won't open	1
karaoke live stream minnesota	1
i bond value	1
how to uninstall programs on windows 10	1
minifigures plus	1
radiohead	1
business on belgrade	1
http://i.imgur.com/ndsqebp.png	1
doin little sister	1
enterprise promo code	1
manufacturing/processing and supply chains: pvs5881	2
umn myu	1
public health	1
saturday evening post fiction reputation	1
saturday evening post fiction quality	1
before and after tummy rodan and fields	1
animal product testing pros and cons	1
when was the mortgage developed?	1
clothing hang tag	1
how to make a beat with reaper	1
best dating profile catch phrases	1
mpls craigslist	1
how to open a mind map file	1
rayleigh model software quality	1
xcel energy	2
computer visions syndrome	1
laurie dupree roswell	1
diabetes and fatigue	1
pet clinics in rosemount and apple valley	1
ts baily j	1
slow erotic pussy dildo with squirt	1
jstore	1
sopa	1
andy hayler	1
seattle protest	1
game of thrones recap	1
bsf lesson 29 day 5 revelation	1
can a tablet do what a computor does or why buy one	1
futurama ep1	1
arctic cat speedrack accessories	1
jimmy neutron family hour	1
menards sale add	1
come with me if you want to lift	1
fl studio	1
can you buy g fuel in stores	1
e155178	1
wrestle zone	1
6mb cache vs 8mb cache	1
domain join	1
sam cengage	1
ikea	1
the phoenix incident online	1
tulle and satin wedding bows	1
fidelity login	1
mac and cheese	1
all siants	1
nfl draft best wide receivers	1
dark souls 3 titanite slab	1
youtubw	1
yahoo news	1
oh mr sparkle	1
one for the homies.	1
state farm	1
aids symptoms	1
game of thrones online free	1
free game of thrones	1
baka to test season 2	1
mg gp01 review	1
beltrami county jail	1
axman surplus	1
flea markets mn 2016	1
www.g	1
7 month old temper tantrum	1
tease and denial games	4
better homes and gardens	1
cystic fibrosis is an inherited disorder that affects which of the following?	1
change us postal address	1
entropy of na2co3	1
call of duty	1
break up of annual employee training cost india	1
sephora promo codes	1
best skyrim mods	1
the blacklist	1
dmacc	1
iowa state	1
target red card	1
make diagrams in pdf	1
mayday parade 2016 minneapolis	1
hp touchpad 32gb	1
byl jednou jeden člověk	1
i could never take the place of your man	1
dirt studio	1
person skateboarding halfpipe	1
pop up skatepark	1
swiss chard garden	1
jayron kearse	1
pearl harbor navy base gym	1
madthumbs	1
paypal premier cost	1
how to get your own isbn number	1
"""white house correspondents dinner"" 2016"	1
obama's mistress is talking	1
cvs boric acid	1
watch plex	1
forsaken island guide	1
kaeska	1
rick and morty full episodes free	1
tasks to give long distance subs	1
what fps to get for xbone	1
battery virus samsung	2
winds of winter release date	1
weather new ulm mn	1
elkader iowa weather	1
sloppy joes	1
dog adoption mankato mn	1
mankato golf club	1
e!	1
terry crews	1
earth quotes	1
watch the amazing effects this treatment has on this man with parkinson's disease	1
how to change your website url on wordpress	1
james nachtwey	1
when did belo monte construction begin	1
alexander degtyarev	1
alliedbarton.lcom	1
6.8 soraka guide	1
live cell research review	1
kenny rogers jr	1
tcf online	1
the system design specification is a document that presents the complete design for a new information system, along with ____ for the next sdlc phase — systems implementation.	1
realtor	1
gamestop	1
coborn's inc	1
jobs in arizona	1
renters insurance	1
enzara	1
como zoo	1
caring companions in st paul mn	1
why does tv converter box keep going off and on turning screen green	1
mobile home doors	1
pottery barn pendant lights	1
tilia restaurant	1
lela restaurant	1
best stain for wheathered wood	1
what is the best cleaning solution for cleaning a deck before staining	1
can you run a power washer without water going thru the pump	1
upcoming movies	1
plastic salad plates	1
great clips 799 sale	1
kill dandelions not clover	1
haas vf-3	1
mabi wiki	1
cbs.com	1
epl table	1
where do i find resume templates in word 2010	1
2784 minnesota 23	1
69490 213th street, darwin mn 55324	1
aching thyroid after cold	1
cassey ho	1
open houses mn	1
iflscience	1
how to close a chase credit card	1
shantae rule 34	1
origin promo	1
goodsamclub .com/mhsub	1
dr. shoko sugimoto game free	1
lucky patient game henati	2
american beauty / american psycho mp3 hulkshare	1
how to using power verbs	1
nbc sports live	1
oceiros	1
auto parts	1
49 service area hp	1
hotmail.com signin	2
american clinics practicing german medicine	1
bloons tower defense 5	1
essen spiel 2016	1
big doors at the vatican	1
why do i get sleepy after i eat	1
greater ramsey county area	1
st croix park falls	1
synonym finder	1
cycling documentary netflix	1
espn	1
derek jeterlist of girls	1
metropolitan state university	1
apartments in river falls, wi	1
5k colorfest run registration	1
oliver j kelly farm	1
mnvotes.org	1
vesicular arbuscular mycorrhiza definition	1
rusts fungi	1
light brown patch on skin	1
blue plus	1
concrete bird bath mn	1
minnesota state parks	1
jon snow	1
the boys and girl from county clare reviews	1
cfnm images	2
big cock shemale images	1
can you use a kohls card anywhere else	1
car dealerships in fargo nd bad credit	2
girls softball app for iphone	1
quotes on working in small groups	1
quotes on difficulties working in small groups	1
rdl radio design labs relay	1
united educators credit union	1
bergens nursery park rapids adres	1
pokemon emerald	1
pokemon emerald bulbapedia	1
all american squat standard	1
play newz.com	1
1rm calculator	1
prior lake soccer club	1
bemidji pioneer	1
escape gam es	1
shooting star casino	1
18 foot wenonah sundowner canoe year made?\	1
studyisland	1
how does the unequal heating of the earth's surface cause convection	1
southwest check in	1
netflix may 2016	1
wwe payback 2016 results	1
rift dance emotes	1
cummins engines 270 specs	1
warframe ivara augments	1
name and phone number raffle tickets	1
creeping charlie control	1
mac and cheese muffins	1
chicken muffins	1
jbl flip 3	1
2006 saturn ion fuel line recall	1
did my body get used to paleo and start gaining weight?	1
first case of avian flu in humans	1
avian flu mortality rate	1
minecrft mods	1
do fast food workers really spit in food	1
cbsnews	1
aeron cruz	1
stem summer camps volunteer minneapolis	1
gay wedding rings	1
wildlife waystaion	1
clam sauce	1
tires in northfield mn	1
premium prices discount prices tim and eric	1
movies about pagan rituals	1
customized street signs	1
25 year old with big tits and older guys	1
bns evolved stone	1
bns hongmoon energy	1
final fantasy 7 mods steam version	1
amazon support chat	1
2003 mitsubishi eclipse gts badge	1
handgrip test	1
mn lot	1
cheaters and rivals xleglover ourhotwives	1
current issue of soap opera digest	1
how to clean anaglyph cardboard 3d glasses	1
sc1200a 使い方	1
two earths jimmy	1
best medical insurance for seniors	1
how will retirement change property taxes	1
hd free porn	1
what to put on a sunburn	1
how many landings each day in minneapolis	1
wolfram alpha	1
was fdr in the military	1
what is something that fdr did in his presidency that was questionable	1
century college	1
hbo now	1
nba	1
nbc sports	1
apa style appendix and tables paper	1
watch series	1
kathleen falk	1
how does facebook not pay taxes	1
huge boobs	1
how do i make an adj 64b led pro talk to an etc ion	1
nissan dealership	1
2014 subaru impreza review	1
carla perez actress	1
cmse homepage	1
osseo middle school	1
health partners	1
siding options	1
rainbow slime terraria	1
metro republican women mn	1
reliable muscle car	1
semi automatic transmission	1
hyundai elantra gls	1
driving school rochester mn	1
get stressed out driving downtown	1
adobe	1
my fork in the road lyrics	1
grand casino hinckley	1
adha ceo	1
sba	1
quentyn martell	1
ashara dayne	1
boston bomber sexy	1
bob dylan	1
"chris ""mac daddy"" kelly"	1
satoshi kanazawa black women	1
best watches for under 100	1
mr irrelevant 2015	1
innocence project	1
paperpaws.blogs.com	1
install windlass	2
republic waste	1
state supervision	1
minnesota department of corrections	1
what did bush do after 911	1
common core math	1
the gastrula stage	1
most likely be the result of a hox gene manipulation	1
super glue pvc	1
mygreatlakes	1
ryobi table saw	1
deanna mccarver nude	1
92 chevrolet 6 cylinder belt	1
can you bid on a house with active contingent status	1
dia & co	1
smoothie recipes	1
paizo	1
xmen apacolypse	1
toby fox	1
buzzfeed irl email	1
ret pally stat priority	1
youversion bible reading plans	1
miura haruma crows zero	1
room and boardeames wood metal black chair	1
tomato orange juice	1
cabochon caps glue on	1
bell cap 4 prong silver	1
when and where did the first man land on the moon in usa time	1
884116212188	1
wd40purx	1
shooting pain in feet	1
will iphone se for sprint work on tmobile	1
t mobile promotions	1
nfl.com draft day grades 2016	1
fraud examination 5th edition chapter 2 solutions	1
xavier university family weekend 2016	1
ninja coffee bar	1
kittencal's meatballs	1
ecsi	1
husqvarna lc221a	1
lowes coupon	1
i can't turn on my ipod classic	1
dungeon fighter	1
st cloud state	1
pipestone mn	1
red woman game of thrones	1
how do i remove a playlist from my ipod shuffle	1
0335530021	1
brainerd rock and mineral show	1
jefferson courthouse ohio	1
washington courthouse ohio hotels	1
walmartone	1
angriest whopper	1
habberstad house	1
habberstad house pictures	1
when was marijuna legal in us	1
fake email	1
proform sp-100 pedometer	1
jawbone up2 youtube	1
shotspotter minneapolis	1
upper motor neuron does what	1
american exppress	1
interest future value formula	1
town of salem	1
i need someone to talk to	1
routing number for us bank minnesota	1
i am too stupid esccape rooms game	1
multishine practice	1
cloth purses	1
heat resistant wigs	1
small anaerobic digester	1
small anaerobic digester for sale	2
how to backup my comcast email	1
kerbal space program cheats	1
song joong ki news	2
hyosup and song joongki	1
durami park	1
jonathan talor thomas	1
exercise regimen to lose 30 pounds	1
league of legends level up rp	1
hearthstone scamaz	1
dark souls 3 lever to rosaria	1
dark souls 3 reddit pc	1
lyrics i love you a bushel and a peck	1
st paul pioneer press	1
is it necessary to have 150 agony gw2	1
pepakura museum	1
keyport liquor ad	1
nhl 2004 does not open	1
asus n53 factory reset	1
st. timothy mn annual spring car raffle	1
s2126-oa-r	1
blue crab lump meat price per pound	1
skinny boy pissing	1
basketball ring	1
dan phillips	1
new orleans airport police	1
tsa scanners	1
epirus bow	1
civilization 5 trainer	1
"better hearing and speech month ""2016"""	1
lone survivor	1
free netflix account and password	1
amelia olheiser	1
fallout 4 battle of bunker hill outcomes	1
punky color	1
dr david jerimiah site:youtube.com	1
joe kimlinger	1
how to get into an iphone 6 without the password	1
apple support	1
quiche with broccoli without crust	1
zillow grand rapids mn	1
sims 4 mods vestidos de novia	1
diablo 3 thornes damage	1
athenadelmae	1
twitch magic milwaukee	1
watch stargate online	1
weather in eden prairie	1
the scorch trials	1
robert duvall	1
cfnm handjob stripper	1
strusinski and assoc	2
strusinski donna	2
saint paul college	1
airbnb	1
all accidents in us minnesota	1
dark souls 3 armor sets	1
morris day tickets	1
henry sibley boys tennis	1
nbc sports network	1
does gabapentin cause slower orgasims	1
league of legends	1
fosh jedi	1
sith inquisitor	1
heroes of might and magic 6 reputation	1
how to play as ryze league of legends	1
brazilian edm	1
hs2 red vulcun	1
levelcap bf3 goodbye	1
youtube to mp3	1
which disney princess am i quiz	1
what to do on mother's day without a mom	1
intervention	1
hobby lobby	1
tramadol	2
facew	1
mt. olivet lutheran church	1
types of writing in criminal justice	1
willow creek 12 theatre	1
slither.io lags a lot	1
salt lake city airport	1
www,am	1
define: quotidian	1
management models	1
what if i run out of time to order a home inspection?	1
how to write a short testimonial for a photographer	1
ultipro	1
the intern movie online	1
destiny year 2 queenbreaker bow	1
reddit wwe	1
star warriors comic	1
nba defensive player of the year	1
minute rice directions	1
what do compton's tortoiseshell butterflies like to eat	1
training to serve	1
hyles branch ifb	1
radisson road baptist church	1
mike monte radisson road	1
diy webcam from old phone	1
make your microphone louder without buzz	1
j value of quartet	1
rainbow waterfall	1
hero lab manage licenses	1
it's wednesday my dudes	1
taylor auction	1
taylor auction service mason city ia	1
classified ads mason city iowa	1
google image search	1
baseball's last dinosaur calumet	1
rural loan eligbiliy map michigan	1
2004 honda shadow aero parts	1
last minute deals puerto vallarta	1
sherris berries	1
rustam chsiev	1
laser settings for cherry wood	1
harry houdini	1
simple harmonic motion equations	1
vimeo	1
roll of men in victorian era	1
fleet farm	1
lowes lawn mower blades	1
garden store inver grove heights mn	1
pro tools runtime error r6016	1
serial communication interface device driver	2
mary murphy	1
now this film is on a sheet of glass, with n = 1.45. what is the wavelength of the light in air that will now be predominantly reflected	1
half-life equation	1
brutal death metal	1
glutton for punishment band	1
paroxetine mostly dissolves in intestine	1
yellow fever virus	1
android studio get selected text	1
android setmovementmethod	1
zero punctuation	1
2015 atp tour	1
1992 us davis cup team	1
lifestyles of the rich and famous	1
ragnaros lightlord	1
cross game anime	1
wabasha county jail inmates	1
value of 10 oz silver bar	1
my league	1
"""nancy radow"""	1
conair double sided pin & bristle brush for dogs with memory gel	1
ignazio boschetto latest news	1
ignazio boschetto and his girlfriend	1
c _mkdir	1
empty calories muscle gain	1
a leaky 10kg bucket is lifted from the ground	2
runescape bypass login restriction	1
standard bond lengths	2
airport information bringing food aboard	1
can you bring donuts through airport security	1
whirlpool refrigerators reviews	1
mn vikings	1
kohls	1
jordan 13	1
"""plmv169dcd"""	1
kim kardashian	1
msp to pittsburgh flights	1
plenti points	1
fitbit hcarge hr sale	1
bhaktapur durbar square	1
3rd lair 2016	1
navy nuclear propulsion pdf	1
"""naval power"""	1
surveilllance elections?	1
"""genetic surveillance"" poll"	1
republican candidates obama terrorism	1
maine east tabroom	1
"""railroads and coal: looking back and looking ahead"""	1
snapewives	1
black desert online southern kaia lake	1
black desert online how to upgrade fishing rod with stones	1
alternator bypass circuit is it necessary on a 1 wire gm set up	1
internet speed test shows mbps but samsung smart tv show mbps	1
ppm to hz	1
can corgis go up stairs	1
roxanne roberts	1
tumblebooks for kids	1
top violinists today	1
riverbed	1
deleting unnecessary apps in win 10	1
false doctrine	1
warhammer	1
trenching machine loose dirt	1
g shock ga-201 crystal replacement cost	1
that's how i roll source	1
southwest minnesota ag statistics	1
marketing niche example	1
220 yard freestyle	1
best harmless pranks	1
game stop wii motion controller	1
game stop wii motion plus remote	1
siri blowjob olympics	1
financial market in 19th british	1
bob marley	1
the dialogue concerning the two chief world systems summary	1
inductive reasoning examples	1
east village apartment minnesota	1
uptown square apartments, 2908 bryant ave s # 208, minneapolis, mn 55408	1
acentek	1
the who who are you	1
theunderminejournal	1
record crates	1
storage crates	1
motorguide 752 52# 12volt trolling motor	1
california sun song original	1
high school confidential trashmen	1
snl	1
brooke vs jemma	2
what ranking system does rocket league use?	1
dork diaries 4	1
