rick and morty season 3	1
when did dorothea dix reform prisons	1
how can i know if my dog has worms	1
jonathan and david friendship coloring pages	1
azazel	1
oblivion cheat to make merchants buy stolen goods	1
morrowblivion item codes	1
bns ping tool	1
weight sets ebay	1
flash video downloader	1
rampage car radio/model acd24 install	1
breakfast at tiffany's	1
netflix crashes apple tv	2
indiana primary date	1
riles funeral home	1
voodoo doll by 5 seconds of summer	1
arizona tea lemonade	1
mineshafter	1
usm chris hair	1
what is the purpose of education philosophy	1
do occluded fronts bring rain	1
sayian names	1
www.pornhub.com	1
firstbankms.com	1
little white duck lyrics burl ives	1
cadilliac xt5 halogen vs led ligts	1
h-v45 vs sirius	1
home depot	1
neverwinter overload shard	1
amazon	3
convert epub to pdf	2
greatpeople.me secure web	1
technical dave	1
reverse image search	1
soundsoak wall panel acoustical cost per sq ft	1
optima wall panel	1
defence training guide	1
magic secateurs	1
durango forum	1
scott cawthon	1
irina of carim	1
determining how many carbs to eat per day for a woman to lose weight	1
html color codes	1
one punch man	1
linksys firewall settings	1
pole saw	1
mad max fury road	1
hobby lobby pillowcase dress	1
pillowcase dress tutorial	1
pillowcase dress hobby lobby	1
ninja turtles	1
hardy boys books series order	1
youtube lover's waltz galway	1
concealed carry permit california	1
xbox 360 cheats saints row 4	1
chickens slime rancher	1
carpet cleaner	1
how to be a lab rat for money in mississippi	1
kinkos	1
donald trump vice president	1
bloody festival webtoon	1
shadow warrior 2013 pc cheats	2
cork oak tree southeastern us	1
concentrator high acceptance angle	1
ebay	3
lightweight scrub tops mens	1
o'reilly auto parts meridian ms	1
christian blog	1
high school christian devotions	1
christian how to deal with rude people	1
nwcc	1
minecraft forge	1
baby come back	1
instant house mod	1
adrian peterson stats	1
cedric benson stats	1
jezebel 19 doujinshi english	1
to love ru doujinshi nemisis	1
craigslist gulfport	1
mega churches	1
unsinkable sam	1
sir aaron	1
what happened to redkeymon	1
can i buy a house coming out of high school	1
icy veins	1
wee gillis first edition	2
state of mississippi tax refund	1
deck stain and sealer	1
best gangbang	1
carol miyagishima	1
what is shizuoka near	1
an uncrowned straight-bevel pinion has 24 teeth, a diametral pitch of 4 teeth/in, and a transmission accuracy number of 7. the driven gear has 72 teeth. both the pinion and gear are made of no. 30 cast iron. the gearset has a life goal of 10^9 revolutions of the pinion with a reliability of 0.995. sf=2, sh	1
"""donna cousins"" louisiana"	1
percentage of reported shoulder pain is actually from the cervical spine	1
check n go	1
01ford ranger shefter	1
bougainvillea with long thorns	1
consignment shops in tyler texas	1
an eerily expressive kind of declamation midway between song and speech, introduced during the expressionist period, is	1
steel screens for windows	1
dark souls 1 vs 2	2
buy windows 95 virtual machine	1
rain shower head ceiling mount	1
mocha kitchen sinks	1
marazzi summerville champagne 2x2	1
hyundai genesis coupe reliability	1
dci championship winners	1
do police have to tell you what they charge you for	1
gluteus maximus muscle workout	1
glute/hamstring raise	1
profit probability statistics	1
given a probability distribution find standard deviation	1
what percentage of preapproval doesn't go through	1
inquisition 2 handed or sword and shield	1
pure in heart shall see god	1
pressure for bows on heat press	1
wholesaleaccessorymarket	1
mrystic singer	1
watch espn	1
how to check style in pokemon y	1
peke puppies for sale	1
how to make salmon patties	1
how to sync songs from itunes to iphone	1
itunes keeps freezing windows 10	1
how to fix hp g62 laptop black screen	1
hetalia world twinkle episode 1	1
facebook	14
csgostash	1
www.getdigitex.com	2
dogs that dont drool much	1
demarini	1
upgrade c182 with g1000 to was	1
another summer tote crocheted	1
pedal trash can mechanism	1
gloryholegirlz christine	1
divergent	1
fargo season 3	1
waterfront hotels in vancouver bc	1
vacation video whistler bike park	1
old man valley whistler bike ride	1
cases of essential hypertension are caused by	1
mediterranean diet pattern	1
scriptures about finding your identity in christ	1
1 timothy 6:17	1
which recommendation is least effective for relieving constipation	1
what can losing energy do to an athlete's muscle mass and bone density	1
social control	1
amtrak	1
sexy ebony masseuse quits her job	1
the spartan death race	1
pornhub	1
9 circles of xibalba mayan	1
tile grout cleaning tool	1
birthday wishes for my daughter	1
what channel is fox on direct tv	1
tzatziki	1
laremy tunsil	1
@seinfeldtoday	1
electrical circuit puns	1
амоксицилин при гонореи	1
как списаться с судна за счет компании	1
subway	1
how to start a gift shop	1
how is cacl2 made	1
python bmi calculator	1
python unit test error	1
unit test python	1
non toxic mosquito repellent for dogs	1
nutrition in boneless skinless chicken thighs	1
shirt under scrubs	1
reddit scrubs t-shirt	1
prostate	1
after dna replication, each individual chromosome becomes a homologous pair	1
what is the function of the blood-testis barrier	1
boxtops letter	1
directly encloses the vestibule vagina	1
old school butter milk how was it made	1
blizzard store	1
cheats for gta 5 pc	1
gmail	3
jumping the broom	1
clickbank	1
clickbank reviews	1
where do burgundy truffles come from	1
games like the old super secret	1
1241 s mound st, grenada, ms	1
short passages for reading comprehension	1
monitoring comprehension strategies	1
aggro or agro	1
sugarstats	1
german shepherd puppies birmingham alabama	1
save the dates	1
the future leonard	1
free ebony amatuer videos	1
what style coffee cups were used in twin peaks	1
briar press	1
holly randall	1
craigslist	1
project free tv	1
asq section beaumont	1
us map	1
progeria	1
do venomous snakes climb trees	1
kbb	1
papa johns coupons	1
prince death	1
audible	1
friend with schizo reddit	1
monogrammed sandals	1
audible mp3	1
best audiobooks for travel	1
animal jam	1
david gilmour strat	1
awanas journey certificate of award	1
using examples, discuss how the three core executive functions develop from infancy through age 8.	1
executive function development age	1
driving conditions in louisiana	1
who owns 203 mitchell street jackson,ms	1
the human centipede	1
icloud sign in	1
draft grades	1
evangel christian academy la	1
john hagee net worth 2015	1
jim baker	1
my dad loves his little girl. video	1
ms deleware porn video	1
facetime for pc vista	1
motorola droid razr maxx hd	1
why might mattel set a much lower contribution margin on its barbie dolls than on the accessories for the dolls.	1
maps	2
crimson cult 1968	1
tcm may 2016	1
fantastic children	1
kissanime	2
jenaveve jolie fuck team five	1
newegg	1
who is k blansett	1
regiion	1
citrix online launcher	1
hudspeth	1
rigging up a dropshot	1
can i buy a house after a foreclosure	1
power wheels fire truck	1
are spider plants perennial in zone 8	1
free psd bullet holes	1
mississippi state irs extension form 2015	1
mass mutual login	1
android for pc	1
adobe key generator	2
growing hibiscus in pots	1
how long to bake bacon in oven at 350	1
cooler master	1
longest journey walkthrough	1
adult coloring book club madison ms	1
administer the lsat	1
educational software developer	1
free mbti	1
fuck you i am cat password	1
wtva news	1
tenneco	1
shappley in tippah mississippi	1
shappley in hardeman tennessee	1
we bless your name lyrics	1
crosstrek sport grill lights	1
shill definition	1
ap us history test	1
xcviii roman numeral	1
a risc processor has 152 total registers, with 12 designated as global registers. the 10 register windows each have 6 input registers and 6 output registers. how many local registers are in each register window set? (show calculation formula)	1
skype no audio	1
santa got eaten by the kraken	1
smallville when do clark and lois get together	1
university of latvia jobs	1
custom glock safety	1
glowing death claw	1
baton rouge weather	1
aaa bbq flowood ms	2
youtube	3
broadheads	1
apa citation	1
winchester model 50	1
steam	1
flexmls	1
activision	1
dna wiki	1
what is the generic name for imodall	1
joe rogane	1
arctic	1
psalms 7	1
travis fimmel	1
xfinity	2
homes for sale in brandon ms 39047	1
skype	1
how to play marimba	1
delta state university	1
where two or three are gathered scripture kjv	1
kjv if yiu agree on earth	1
circle of friends brandon ms	1
asinspector discount	1
a weight w is hanging from a light vertical string	1
how much would a lead brick weigh if placed in oil	1
the angry scytheclaws aowow	1
the croft institute ole miss	1
croft institute newsletter	1
prostate torture videos	1
sabrina llyod bio	1
children's prayer for food	1
god is great god is good prayer origin	1
bbq sauce inside of chicken	1
sara j. weisenberger ummc	1
boba fett premium format unboxing	1
dell venue 8 recovery mode	2
1373 scr 13 , bay springs, ms	1
extermantus	1
historical project mod	1
bono and eugene peterson	1
kfc coupons	1
which two factors may work together as an adaptive strategy for some older adults who face death?	1
how to make google symbol to put file in css	1
people finder	1
joseph mills...coker al	1
muffins recipe	1
youtube to mp3	1
cspire	1
led lighting strips for 12 volt	1
deals on car rentals biloxi	1
topless kayaking	1
warby parker glasses	1
self watering hanging baskets	1
slitherio	2
foxe's book of martyrs free download	1
i'm sorry i haven't a clue	1
black leather purse	1
comic con near ohio	1
e ebay	1
king ahaz	1
benny hinn worship songs	1
buds gun shop	1
2003 f-150 5.4 missing but no check engine light	1
cracker barrel menu	1
ts3 store content free	1
kongregate	1
mississippi department of employment security	1
wacom tablet	1
is mario lopez gay	1
after the dark	1
wedding invitations borders free	1
itunes download	1
what is a snake that is solid black with yellow spots	1
charles hugh perkins	1
5e phb errata	2
divorce is least common among people with which of the following levels of education?	1
photosmart 3210 drivers	1
work life balance definition	1
identify two (2) examples of services or amenities that google provides to its employees, interns, partners, and visitors.	1
ad infinitum gw2	1
ad infinitum gw2 glide	1
citing sources	1
what does 38 thousants look like in decimal form	1
chocolate mousse using avocado	1
gerber life insurance	1
addicting games	1
thehun	1
1985 suzuki quadrunner 250 manual	1
show me all about the clutch on a suzuki guadrunner four wheeler	1
210-625-5741	1
how to draw the hand	1
when top part of dress is loose and flowy	1
terra braig	1
weather bug	1
16 volt battery	1
turbotax	1
kissmanga	1
minecraft mods tron 1.9	1
minecraft pixelmon mod 1.9	1
watchseries eu	1
watch series eu game of thrones	1
drug trials and binomial distribution	1
blood on his bed	1
valerica	1
the weather channel	1
metal roof vs shingles	1
how to get skyrim creation kit	1
a trip to washington dc reading street	1
vegan booty princess	1
alexis redd instagram	1
list homes for sale on fernwood in pascagoula ms. 39567	1
wifexxx tube har	1
dicks sporting goods	1
first baptist church of purvis ms	2
mcc website	1
desktop icons moving windows 10	1
dorhys' gnawing.	1
what you can parry dark souls 3	1
mitaki-japan electric shaver	1
lowes	1
funny state of the union	1
cite an author's note chicago	1
william carey university email	1
wine refrigerator	1
m1 carbine price guide	1
bobby onken	1
facebook messenger forwindows 10	1
fox tv	1
kickstarter	1
nike lebrons kids siz 6	1
airline tickets	1
finish line	1
armada twitter	1
sex in question leonard summary	1
nnja mod eu bo3 ps4	1
spinal fluid	1
converting cuffed pants	1
dove spray coupon	1
revenue code 220	1
usm library	1
son of citation machine mla	1
exploit db	1
optamize space furnture	1
craigslist jackson ms	2
trustmark	1
harry and david	1
cs go jackpot	1
ummc hospital	1
heros dota	1
ncaa baseball rpi	1
helen brown actress	1
james dunn actor	1
femmefatale - bitch pegging	1
threesome pegging	1
benchcrafted skraper	1
fo4 reddit	1
bacc	1
fenrir	1
abebooks	1
priming sugar calculator	1
east baton rouge tax assessor	1
tax preparations courses	1
22 in dirt devil tires	1
ford ranger iac valve autozone	1
lake pontchartrain wake	1
payless hours	1
break laws in ms	2
ocean springs civic center	1
free graze snack box code	1
alex mae feet	1
what color eyes does charlie gordon have on flowers for algernon	1
kiss haven on fire	1
al.com mobile	1
ttorrent	1
clarion ledger	2
wtva	1
biltmore house	1
girls small pornos	1
blues man hank jr	1
micecraft wiki	1
1960's mail delivery on bicycle images	1
miralax flight airplane	1
sigma chi ole miss	1
g shock gw-2500b	1
unique flowering shrubs full sun	1
game of thrones season 6 episode 1	1
leafyishere	1
h3h3 vs leafy	1
mp3 juice	1
war thunder store	1
pof	1
xvideos	1
fob shindand	1
dank jontron gifs	1
2016 fake marijuana available in jackson ms at convenience stores smoke shops	1
lea michele	1
five nights at freddy 1.8 texture pack	1
does calcium help belly fat	1
usps	1
psa cards	1
rocket lawyer	1
choose your escape route	1
ipsos perception	1
how to rotate image in adobe elements	1
come sbiancare i denti	2
sims 4	1
table css no border	1
logos screen printing equipment	1
custom printed wine stoppers	1
protons and neutrons are found grouped together in the	1
http://192.168.1.171	1
western wear spor coats	1
mens western sport coats	1
bb-8 neck tie	1
parenting style scale reliability and validity	2
purdue econ 251 plus or minus grade	1
tekken eliza breast	1
putlocker	1
enterprise car rental	1
complexity esports	1
intersection of a and b	1
theres 33 shots from twin glocks	1
american pharoah	1
cs lewis	1
nascar today	1
quilt frame for hand quilting	1
michael katon	1
top torrents	1
hillary clinton	1
mastering chemistry	1
whihc of the following is not a popular surface for tennis courts	1
bulldogs card	1
flip a table	1
awper hand	1
the exorcist	1
rcbs	1
lee precision	1
marlin 1894	1
80th percentile gre score	1
how to send mail in blade and soul	1
tomb of exiles daily	1
godspeed	1
hickok45 stealthgear	1
will ferrell george bush snl 2015	1
ixl?trackid=sp-006	1
steve bartman reddit	1
josh dobbs	1
. 1 corinthians 13:4-7 meaning	1
rpg maker mv generator m###	1
cpr certification online licence	1
my hero academia episode 5	1
heroes wiki mael radec	1
ash and sandile	1
pokemon xy evolves	1
ember vs garble png	1
misty and staryu	1
hook megavideo	1
eating banana pill	1
scratch out cd repair	2
gardevoir vs onix	1
inside out anger what	1
misty and brock angry	1
mazzios	1
fred's pharmacy	1
arkansas lottery	1
holden missouri	1
military diet	1
how long does it take for the dragon egg to hatch in minecraft 1.9	1
lela frances johnson arkansas	1
memphis adoptions from ella oliver home	1
levitz	1
fred gwynne	1
marauder set dungeon location	1
rucksack diablo 3	1
diseases discovered by dna extraction	1
dna modification	1
monokuma wallpaper	1
cecil maranville	1
temporary pvc pipe repair	1
can you put liquid medicine in my concentrator water bottle	1
need to know how many days a week mid delta home health is open	1
bridgette nielson mma	1
brigitte nielson utah	2
brigitte nielson mma	1
urban decay mascara resurrection review	1
a nigger walks into a bar with a parrot	1
yahoo mail	1
2015 ncaa football final rankings	1
how to make virtual twilights in photoshop or lightroom	1
virtual twilight photos	1
evangelion bike horn	1
2015 wr450f supermoto price	1
chromecast	1
free fighters and partisans	1
dewalt impact wrench corded	1
northen tool mississippi	1
what is lr03 battery	1
broken down car	1
lesbian fisting	1
plurality method calculator	1
descriptive on line information for life in the deep south in the early 1900s	1
historical dress photos of mens attire in 1904	1
ibla argenta	1
credits to graduate from usm for a bachelors in psychology	1
fitbit charge hr makes my wrist hurt	1
women's footwear fly yala	1
vrbo kate's kastle navarre beach fl	1
hotwire hotel list la porte texas	1
all suite hotel la porte texas	1
royal carribean main dining room dress code	1
drudge report	1
mississippi state scout	1
www.xnxx.com	1
iphone 3,2?	1
how to use however	1
demographics of portageville, mo	1
little pussy poem	1
paypal summary	1
taeyang 2016	1
3mov	1
lossy to lossless	1
heat balance equation	1
$5 big box 2016	1
jpeg to pdf converter	2
krazy coupon lady	1
ole miss baseball	1
famous proverbs of solomon	1
quotes from ecclesiastes	1
gmail.com	1
mad industries	1
credit one	1
translated lyrics for song titled ojos asi	1
remington 870 express academy	1
2006 mustang louvers	1
max gail	1
llywarch lluddica	1
iwerydd verch cynfyn	1
how to delay sound on computer	1
how to delay sound from a program	1
emily i stand here ironing	1
roblox	1
rich's dogs on mountain men	1
independence day: resurgence	1
u of m university of memphis	1
5.8g fpv receiver and monitor	1
male cat on a hot tin roof monologues	1
