structure and duties of the state government	1
structure of the state government	1
definition of executive office	1
andrea williams big ten	1
yasuo build s6 top	1
noodle express university of montana hours	2
missoula fall employment	1
potatoes au gratin	1
chicken wings	1
xnxx	1
payroll tax calculator with retirement	1
at&t cost	1
helena charter internet	1
house rentals helena mt	2
sex in venezuela	1
practice blackjack websites	1
flathead beacon	1
huffington post	1
winchester model 67a value	1
facebook login	2
http://www.janusworldwide.com/category/news/	1
dos game castle adventures	1
nature-rx	1
squatty potty video	1
iphone 6 screen replacement	1
sit fry recipe	1
kwikset lever set screw	1
turn on usb galaxy s4	1
top anime for 2015	1
free petite porn video	1
2009 f250 rear seat removal	1
powerbass	1
avarice mh4u	1
husky hsk1085hd	1
minkpink dusk till dawn black	1
craigslist bozeman	2
youtube	1
kendall karson in naughty office	1
lawrence hemmer jr md	1
montana western atheltics	1
ditter martinez	1
craigslist	4
www.socialsecurity.gov	1
missouri star quilt company tutorials	1
ridiculous 6 cast	1
dry ice demonstrations	1
playmonopoly.us	2
the smurfs dance party - nintendo wii	1
nymag sullivan	1
uhaul	1
valley federal credit union	1
dress up games for girls	1
google maps	1
buy nuc boxes	1
firstinterstatebank	1
what does a hive with no queen sound like	1
the others putlocker	1
happy wheels	1
news report that shows reporter standing in a boat in a california lake	1
amazon	2
gmail.com	1
how old is dove cameron	1
best place to lvl at 44 in wow	1
aerochamber plus z stat how to use	1
buy ammonia at walmart	1
vudu movies	1
pirate pad	1
krazy coupon lady	1
usps tracking	1
college baseball scores	1
the book theif lesson plans and projects	1
gears 4 beta servers	1
dun dun dun so so i wish i had it all	1
catfish in mt	1
backwards words challenge	1
what does movie copyright say	1
why do people believe the bible	1
jeffsmodels	2
freepornx.org	1
misheard definition	1
whats the difference between a 225/60r16 tire and a 225/65r16 tire?	1
tire-rama	1
average humidity sw montana winters	1
recombination	1
what is fibromyalgia	1
fibromyalgia tender points chart pdf	1
job ideas for fibromyalgia	2
nancy davis painter	1
belgrade mt apartments	1
medigy	1
1994 ford explorer xlt,factory am/fm cassette,f37f=198165=ae	1
champaign enema	1
veronica avluv champaign enema	1
sheena shaw milk enema	2
jenny simpson enema	1
sheena shaw marshmallow mania	1
marshmallows in ass	1
marshmallows sheena shaw	1
consumer cellular	1
joshua giesick	1
crit archer tos	1
gate support wheel	1
us cavalry uniforms	1
pizza hut coupons	1
straight talk refill	1
business casual in your 30s men	1
monster kid shimeji	1
cool math games	1
maze runner game	1
minecraft videos lucky blocks opening with ssundee	1
antlr	1
latex changing line spacing	1
how to make uml diagram in latex	1
prince's love child	1
dog eats suet cake	1
oneness university	1
20 x 21 metal carport	1
fallout 4 unique folowerd	1
von neumann stability analysis implicit scheme	1
trig identities	1
thread up	1
helena vault camp	1
green bay packers free agent signings	1
new york youth risk behavior survey	1
workplace protecetion linked to higher earnings for less educated	1
captain america winter soldier hd online	1
captain america winter soldier 1080p stream	1
best 1080 movie streaming site	1
asia carera	1
adults are usually sessile but the larva or blank is free swimming	1
northwest airlines	1
description of intrapersonal communication	1
wellsfargo	1
wernicke aphasia	1
spring snow crabapple	1
potato planting guidelines	1
f	1
lyping course free	1
braveheart trumpet\	1
final fantasy trumpet sheet music	1
clouds theme trumpet sheet music	1
words that rhyme with may	1
can ira accounts be used to pay health insurance premiums without being penalized	1
fleetwood pop up tent trailer parts helena mt	1
how fast do autumn blaze maple trees grow	1
fargo full movie online	1
how to plant roses	1
"paint removal tool for 4 1/2"" grinder"	1
midnight madness nike fsu tennis shoes	1
die antwoord	1
vac	1
how to download dlc on gog	1
pressure washers	1
joe satriani	1
tiny house montana	1
bcbsmt 102 multistate	1
avast pay mode	1
fitbit surge battery indicator	1
miracle gro liquid fertilizer sprayer	1
jigi	1
andy warhol coca cola quote	1
freefont	1
cornelia duryee moore home address	1
kurt lewin identified 3 leadership styles autocratic democratic and laissez faire	1
how to replay the final pacific standard job?	1
pate brisee	1
kulr8	1
"fanon & ""horizontal violence"""	1
while the settler or the policeman has the right the livelong day to strike the native, to insult him and to make him crawl to them, you will see the native reaching for his knife at the slightest hostile or aggressive glance cast on him by an­other native; for the last resort of the native is to defend his personality vis-à-vis his brother.	1
lynda sexson ordinarily sacred	1
paolo freire	1
sky factory 2 how to transfer items from an ender chest into deep storage unit	1
glory bound ministry	1
judge drops sentence pedophile	1
walmart	1
pornhub	1
gosmith.com/job/mwex-2h5tv	1
gmail	1
avarice band	1
flbs science on tap	1
antennapedia in drosophila is an example of a	1
the human papilloma virus (hpv) carries a gene that functions as an oncogene by inactivating the p53 protein. the fact that the loss of p53 function is oncogenic suggests that	1
the onion sperm jacket	1
pvc pipe sdr	1
61-8-402 mca	1
cheap curtains	1
fill datatable from iqueryable	1
medical malpractice cases won from hysterectomy mistakes	2
windows 10 second monitor taskbar hide	1
williams sonoma catalog	1
daw rackmount computer	1
iron man midi	1
rackmount audio interface	1
swede mountain lookout tower directions	1
cards disappearing form heathstone	1
savage 22lr walmart	1
sutures after wisdom tooth extraction	1
sas zombie assault 4	1
petite teen	1
duluth trading	1
shimano m447 hydraulic	1
instructions for geo table runner	1
shop dresses plus size	1
tron bonne	1
almighty infinite father faithfully loving your own	1
nascar predictions	1
dear abby	1
ask carolyn	1
pudlocker	1
unacceptable variables in statistics	2
ideal range for skewness and kurtosis	1
teaching a 4 year old girl to wipe properly	1
weed eater lawn mower tune up kits	1
625 series briggs & stratton engine manual	1
stainless steel enema bucket	1
reflectix	1
chris clark clerance park diesel raven	1
running on empty lyrics	1
all world super amrio 64	1
how often can you drink aloe water...	1
kickasstorrents movies	1
national parks senior pass	1
video hosting	1
ebay	1
why are our forest and rivers in trouble and what can we do	1
the decision to not have children	1
oxford club scam	1
34th st missoula	1
hearthstone loe control warrior	1
dark souls 3 nexus	1
egress windows	1
triblive	1
hip arthritis with bone spurs	1
cardinal tower bonfire	1
wave of mutilation	1
jordan gragert	1
used javelins for sale	1
star citizen game	1
programs that are vive compatible	1
vorpx equivalent to vive	1
storm castle hike	1
florida treasures grammar transparencies, grade 6 vocab	1
friends fucking wife fuck stories	1
short term rentals missoula montana	1
nip slip 2016	2
news	1
waikiki connection trolley	1
waikiki aquarium	1
python remove duplicate characters	1
foxnews	1
redbox movies	1
mom tit tube	1
b. critter clinic toy vet play set	1
msn	1
craigslist montana	1
le lenny face	1
billings gazette	1
copyleft	1
how much mortgage on 38k a year	1
stuart townsend	1
restaurant supply to go containers	1
which of the following best describes the innate immunity?	1
jet outboard motors	1
used jet outboard motors for sale	1
danica patrick	1
german wedding north dakota	2
german russian wedding north dakota	1
equus computer systems	2
citibank card	1
chantry garden or herb garden	1
how to get darkrai	1
how to get darkrai giveaway	1
lexii.riah77 snapchat	1
gw2 revenant	1
batman the killing joke release date	1
10.1007/bf00854712	1
sax.sagepub.com wont	1
how create a life grid for interviewing	1
poker chips set	1
penske rentals	1
total shoulder replacement muscles	1
free standing shelving	1
dna test for dog	1
right here right now lyrics hsm	1
eawfoc raw	1
norwegian airlines	1
country music	1
riseofchampions facebook	1
msu core committee	1
lamp lady's leg which movie	1
proverbs 2 3-5	1
big bear sporting goods	1
cafe courier	1
nba playoff television	1
vipissy kitty jane	1
facebook	2
kindle reader for win i.1	1
debate topics	1
dark souls 3 strength build	1
chromatic harmony tutorial	1
missoula brewing company	1
montana fish wildlife and parks	1
montana citizenship, sustainable communities and international programs	1
chicken and dumplings recipe	1
montana natural cased franks red hotdogs	1
angela boland	1
andrea vanvliet	1
epic combo redux	1
honda goldwing gl1800 trike sale	1
home depot	1
fe+ number of electrons	1
stacking hay on pallets	1
hampton bay fan blade arms white	1
masonic temple great falls mt	1
hoines law office	1
hoines law office great falls mt	1
sunday rossberg	1
tinkers construct	1
tara tainton	1
putlockers	1
easy apricot upside down cake recipe	1
smoker craft alaskan 15 review	1
kubota b7100 post auger	1
limb girdle muscular dystrophy	1
rustfreeclassics	1
cummins engine 5.9	1
yaak valley mt grizzly	1
getting through a breakup	1
funny captioned military pictures	1
clip art	1
emilia clarke looks better in with blonde	1
buy the stars lyrics	1
leader ceremony warriors	1
dragon warrior monsters breeding	1
strayer university	1
bell hooks	1
kohein jew cemetary	1
curt schilling	1
undoing gender	1
greek for home	1
