johnny manziel	1
planet darkages bow skills	1
going rate for photo shoot in albuquerque	1
boulder co weather camera 5/1/16	1
phh mortgage	1
side effects sulfasalazine dogs	1
empire state of mind lyrics	1
fb	1
can two people family share on game at the same time?	1
verify adobe flash	1
ladon	1
sandia prep	1
battlenet	1
windows system performance rating windows 10	1
se 255 cam spec's	1
2016 road glide special with se 255 cam	1
lexington kentucky	1
emw gas company estancia nm	1
battlefleet gothic cheats	3
el modelo	1
hastings entertainment website	1
hastings internet inc	1
diy projects arm gauntlets	1
6940 marble canyon drive, el paso, tx	1
face	1
childers nursing home amarillo tx	1
shutterfly	1
emulator ultima quest of the avatar	1
eggs in modern mtg	1
erica cambell tumblr nudes	1
pet sitters albuquerque	1
amazon	5
christian healing ministries	1
honda transmission	2
arc length calculator	1
trigonometric graphing calculator	1
trigonometric ratios calculator	1
delta airline	1
mothers day ideas	1
moyhers day gifts	1
time zones	1
shock reservoir clamp	1
energy suspension	1
starcraft 2 voice chat	1
prezi	1
process monitor show ip	1
dog training methods	1
michael corky bryan	1
fine cigars	1
best ios games	1
modem speed test	1
cat armor	1
rapid growth that soaks up cash more rapidly than cash is generated	1
actresses who died this year	1
xnxx	1
godlike productions	1
nintendo.com	1
how much to charge to design festival passes	1
noise windows makes when you connect and disconnect	1
monofilament sword	1
new mexico tax withholding 2016	1
how to uninstall skse	1
entertainment furniture	1
white and wood crib	1
chicken paella	1
yahoo mail	3
consumer labs	1
53 inch wide baby gate	1
speed test	1
tnt overtime	1
nmsu calipso	2
majestic 12 project constellation orion excelsior osborne	1
gpos montauk	1
operation montauk scp	1
hawaii airlines	1
rent a layinghen	1
best life insurance age 59	1
hash oil	1
misha hearthstone	1
sci-hub	1
poplin	1
qlandkartgt wmts	1
teamfourstar	1
google maos	1
cost calutlator building barn	1
melee you're not perfect	1
susana martinez	1
xhamster	1
logical fallacies	1
how to setup a minecraft alpha server	1
minecraft alpha server download	1
high amp anl fguses	1
skull	1
krqe	1
game of thrones season 6 episode 2 watch online	1
michael kors outlet	2
i've seen enough hentai to know where ths is going	1
lose weight in two months	1
25 body fat female	1
fat girl	1
distance from ephesus to jerusalem	1
thror's hammer	1
1 bed house for rent long term in lake havasu city az	1
frida kahlo you deserve a love poem	1
download tumblr videos	1
roger hodgson	1
pr 24005 mjq	1
msn	1
nbc app	1
590a1 breaching barrel	1
washingtonfederal.com	1
walmarts that allow free rv parking	1
fight news	1
shitposting	1
usps tracking	1
placitas realty	1
99 luftballons german lyrics	2
skin tone and eye color and hair color and clothing	1
how to bring warm tone with clothes	1
how to bring warm tone with clothes for men	1
dating advice from women	1
gmail	2
utorrent compatible sites	1
hentai manga	1
abq trolley wine co tour	1
feminine fonts free download	1
big hin represent the boss	1
total rewards	1
empire state building dedicated	1
tax formula 2016	1
liga mx	1
milf with teens threesome porn	1
vintage incest porn	1
couple fucking son's girlfriend	2
budgeting biweekly paychecks microsoft word	1
pornhub	3
youtube to mp3	1
don't starve together character guide	1
if the genetic code used four bases as a code instead of three how many code units could be encoded	1
relate gene regulation and mutations	2
photo editing software	1
youtube to mp3 that works on android	1
factorio commands	1
50 plus milfs interracial	1
gta 5 windows 10 fix	1
gta 5 running poorly on windows 10	1
smite guru	1
facebook	3
dead pool	1
debra lynn dadd	1
jaredashley	1
case club .30 cal foam	1
creating a executable jar file	1
metallica	1
koat tv	1
whale tail forum	1
good luck in italian	1
muslim names with d	1
best homemade 69	1
evolve party system partially unavailable	1
atari games tanks planes	1
atari emulator	1
tp link ac1900	1
plenty of fish	1
network attached storage enclosure sata	1
catholic churches albuquerque	1
small business ideas	1
residential natural gas line codes san juan county nm	1
bike in a box motorcycle kits	1
cnm	1
2 floors air handlers on one floor	1
nob hill bar & grill albuquerque nm	1
easy bib	1
why are marketing managers finding it more difficult to set prices in today's environment?	1
if a firm needs additional capital from equity sources	1
approaching nirvana wikipedia	1
tongue tied album	1
red hot chili peppers city angels album	2
virtual riot sugar rush	1
apocalyptica i dont care	1
hanging sheetrock by yourself	1
bathtub disabled	1
hulu	1
omnilife usa	1
citation styles	1
deep sympathy notes	1
fdihb.org	1
sims 4 disc 2	1
java send keystrokes	1
autoit run batch file	1
mount olive baptist church	1
the sims 4	1
netflix movies	1
nonstop flights from albuquerque to oakland ca	1
kodi hyper tt live tv	1
how to watch nascar online	1
compare and contrast mountain lion and tiger	1
owls feathers sound absorbing	1
interesting facts gorilla	1
how bird raptors hunt	1
renta de carros en juarez	2
carros de renta en juarez chihuahua	1
homes for sale in destin florida	1
darksydephil	1
gwyndolin	1
abq weather	1
hispanic population by state	1
chase.com	1
money management software	1
rpod sewer hose	1
tube kitty	1
shining force review	1
xvideo	2
dog food vs real food	1
the blacklist recap	1
cbd oil	1
in n out secret menu	1
exercise for carpal tunnel relief	1
clovis news journal	1
manfrotto tripod 390	1
in the shadow of jew suss	2
vanilla cake recipe simple	1
no brand girls	1
sunny day song cosplay	1
bosch fuel pump 67658	1
facebook login	2
wells fargo	1
which of the following organs removes toxins from the blood and turns food into the fuel the body needs?	1
a ______ is a replacement for the missing bladder created by using about 20 inches of the small intestine.	1
which structure or structures transmit information to the brain to ensure that equilibrium of the body is maintained?	1
the _____ of the eye is lined with the retina and filled with vitreous humor.	1
which condition is characterized by the loss of central vision?	1
the condition _____ occurs when the ovaries stop functioning before age 40 due to disease, a hormonal disorder, or surgical removal.	1
which treatment is patient-guided in which individuals learn to control muscle tension, pain, body temperature, brain waves, and other bodily functions?	1
devargas funeral home	1
euro truck simulator 2 cheats	1
american airlines	1
gct travel	1
one piece voice actors	1
supermarket sweep	1
online piano	1
baroque vocal ranges	1
sensei golden tail edh	1
freud's theory on personality	1
eye wittness accounts of electricution	1
micro sd micro usb card reader	1
micro sd to micro usb	1
fallout 3 spawn item code	1
logistic jobs in carlsbad nm 88220	1
hormone to make stomata open	1
stopping sight distance	1
snap on 3/8 torque wrench	1
hail ceasear	1
mitchell/richards	1
pork chops with green chillies	1
how can you clean scale from waterlines	1
ebay	1
google	1
whisper	1
pirate signs	1
wendy mileta, raton, nm	1
los alamos ranch school	1
harmonica key labels	1
win home inspection	1
voyager episode prey	1
roblocks	1
ea	1
how to get call of duty to work on windows 10	1
classic call of duty windows 8	1
8051 lyndon b. johnson freeway dallas tx to dallas convention center	1
manzanita oregon	2
(lymphocide)	1
cimzia	1
biologic therapy systemic sclerosis	1
how many times has trump gone bankrupt	1
new balance	1
"""the well-educated mind"" torrent"	1
etemaad urdu	1
lcps blackboard	1
https://sites.google.com	1
do beard combs work	1
ivanhoe sir walter scott	1
father brown pbs	1
qttabbar	1
skeleton pathfinder	1
airbnb	1
kh unchained beloved item	1
example of mission statement for sports arena	1
examples of long term goals in sports management	1
industry analysis of albuquerque sports	1
lawyer letter to exempt all allegations	1
fbi investigation hillary	1
fbi vs hillary clinton	1
bissell 3 in 1 stick vacuum	2
2002 s2000 manual	1
positano italy map	1
missouri x-ray calibration	1
merle haggard	1
apa citation for a movie	1
the orion project video game long load times	1
endocrinologist in albuquerque	1
raiders	1
msn news	1
abq forecast	1
house santa fe	1
high rise	1
christina ratliff	1
"""christina loren"" and plattsburgh, ny"""	1
powerstroke fourms	1
river city diesel	1
6.7 oil crankcase delete	1
four p's of marketing	1
fastest way to level mining runescape 2007	1
husqvarna 129lk	1
ncsa login	1
terraria meaning	1
top news today	1
cdot	1
albuquerque restaurants northeast heights	1
msnewnew89	1
savaseniorcarelogin	1
caledonia bb king	1
malachite leak	1
african countries	1
the dell crossword dictionary	1
american express login	1
adobe digital editions	1
nmsu login	1
can roundup be used in a vegetable garden	1
amazon spdif converter	1
firestone audio bravo	1
how does starbucks make iced coffee	1
aol	1
how to get the renegade ac4	1
slow baked pork ribs amazing ribs	1
how to fix school funding	1
python logging	1
/mu/ archive	1
dungeon locator terraria	1
video tdr failure windows 10	1
how to get a jungle key	1
how to find plantera's bulb	1
tap sports baseball 2016 working hack	1
chase	1
make money online	1
most energy dense foods	1
kob	1
pre employment non dot ecup epassport	1
take aspirin thc	1
my healthevet	1
how to facetime on oc	1
crawdad festival madrid nm	1
utube	1
sullied grace	1
sodium hydroxide	1
anand sahib with english translation pdf	1
nowotny cheyenne	1
west angeles church of god in christ	1
christian sermons for easter	1
nfl	1
mmd carrot pillow	1
space pants song	1
kingdom hearts unchained x unions	1
how do you find the critical value of a term in an equation	1
ikurstee twitter	1
mothers day crafts	1
larry dinner correspondants	1
usaa	1
mayfield graduation 2016	1
jcpenney jobs	1
best $30 knife	1
motorola desktop for krzr k1	1
motorola phone tools	2
pc suite	1
lensik performaing arts center santa fe	1
reappropriate quantico	1
berlin airlift	1
now	1
best gba games	1
borderlands 2 op8	1
sewing needle sizing chart	1
tide pods he?	1
el shaddai the breasted one	1
vegetation tolerance to salt content	1
usps	1
southwest airlines flights	1
harbor freight	2
a system where the boundary permits the exchange of energy but not of matter is called quizlet	1
exalted wiki	1
clockwork three sparknotes	1
flepow 3-outlet surge protector	1
compression socks	1
youtube	3
game of thrones season 6 episode 2 leak	1
sculpting figures with clay	1
elastic with plush side	1
cnn	1
amarillo tx fun to do	1
piedra lisa trail	1
tres pistolas trail	1
albuquerque square dance center	1
float division in haskell	1
chase ultimate rewards	1
craigslist new mexico	1
recipe forbked acream of mushroom soup and chicken	1
kreg screws	1
yoga 900 side buttons	1
peg ratio	1
personal tracker	1
janice jordan	1
noiseblocker fans	1
master seidon 120/v	1
lga 2011 narrow ilm cooler	1
student loans for parents	1
property tax estimate	1
we were soldiers once	1
am1 fm2 socket	1
nicolai fechin chess player	1
sensitive skin season 1 episode 2 locations	1
moctesuma esparza taos talking pictures	1
forrest fenn the caliph	1
yahoo news	1
hotmail.com signin	1
eroge download game small screen black edges	1
john goodman journalist	1
ohio medical board	1
walmart	1
canvas nmsu	1
mazda cx 5 4wd	1
sofa pillows	1
red wedding	1
om meditation one taste you tube	1
2005 hyundai tucson motor oil viscosity	1
christine van blokland age	1
osrya pillars of eternity	1
raedric's hold	1
cowboys depth chart	1
terrance williams	1
matt cassel	1
jl of bhood	1
armstrong eliminator allen actual dimension	1
"""5470502"" valve plate"	1
correct network driver for lenovo thinkpad t530	1
where are windows 7 drivers stored on thinkpad t530	1
iphone remove duplicate photos from camera roll	1
phnom penh	1
email hack rbnhd	1
bing	1
power window rolls down but not up	1
power window intermittent operation	1
captain dickead sleepycast	1
bark box	1
homestuck character stats	1
dish network internet reviews	1
mature naked phillipinos females	1
dq menu	1
iphone 5s icloud lock	1
watch pan online	1
nm gb98 application	1
unm blackboard	1
escondida lake surface area	1
ray inequalities worksheet	1
inequalities worksheet	1
how many days between may 4 and december 10	1
play video on ps3 from usb	1
nm lottery	1
tuthmosis iv	1
shrimp scampi	1
asiatees	1
rats web	1
ambient piano by christian aen	1
patthenespunk	1
weedles	1
kenny g carless whisper five hours	1
google drive	1
rachel shelley	1
1911 40 s&w	1
purified coke ffxiv	1
why does 12 houe alegra keep me awake when i take a evening dose?	1
legal ways to get free amazon gift codes	1
new barcalona jersey with number on back	1
ourtime	1
lacafelouisiana	1
old spice look at me ad	1
for sale by owner arizona border collies	1
silver streak travel trailer	1
find x and y intercept given equation	1
miraculous ladybug and cat noir	1
reading la biblia reyna valera 1960	1
200 amp panel	1
huffman tx	1
free sex	1
trijicon ta45-4 review	1
mtg bees deck	1
columbia titanium fleece jacket	1
free porn	2
ingomar pa	1
stabilized reflector platform	1
navy prt standards	1
pandora	1
how to cite a picture	1
how many people are is a ton	1
chinese pistache	1
nmhu.edu	1
maiara walsh	1
south park	1
retro dining set	1
persian stuffed squash recipe video	1
huffington post	1
nik wallenda	1
houston astros	1
snapchat	1
homer hickam's children	1
trevis cups	1
xbox live free games	1
xbox one backwards compatible	1
skip bayless twitter	1
refurbished tvs	1
may games with gold	1
dark type good synergy with what type?	1
best ssd 2016	1
theaster of light vista	2
us eagle	1
john d'arcy straight razor	1
john d'arcy company st louis	1
best shampoo for fine gray hair	1
prom queen carlsbad high school nm 2015	1
what is uv radiation definition for kids	1
wot french autoloaders pen everything	1
the drowned god	1
children of the 60's	1
chemist perk	1
resistance to change	1
lightning trike, v-8 trike	1
v-8 trikes	1
how to make hair texture	1
clip converter	1
fast gathering leveling black desert	1
the secret of kells	1
your lie melodica scene	1
your lie in april cover	1
airport shuttle in germany	1
tier 3 battle appetite for destruction solo	1
roku 3 skipping	1
sell your home	1
french horn cadenza	1
enhanced conservation easement incentive	1
which of the following is the major regulator of oxygen consumption during oxidative phosphorylation?	1
department of justice in nm	1
how to install accordion door	1
what is the standard resolution for poster in photoshop	1
2015 movies	1
1st grade mathematics lesson plan	1
fillable tea bags walmart	1
coutchtuner	1
how remove windows 10	1
truecar	1
john stephen akhwari	1
scontent-lax3-1.cdninstagram.com	1
civic duty	1
gayroom.com	1
helix studios	1
psat/nmqst new mexico	1
freshman junior high school grades	1
public service loan forgiveness (pslf)	1
fifa 16 career mode	1
hooking your laptop to your tv hdmi	1
windows 10 uninstall greyed out	1
astro cps r12.00.00	1
who we are lifehouse album	1
wisconsin rapids	1
man from uncle cast	1
2010 flagstaff micro lite 18rb xlt travel trailer value	1
5ug-f5180-20-00	1
govx	1
competitive cyclist groupon	1
cheapest midwest slow speed handpiece	1
train 571 steam engine	1
dialogue young lovers parting after summer	1
albuquerque nm chair repair	2
vegas world	1
ford ranger transmision 15paa	1
me before you	1
fuzzy navel	2
how many tiles do i need	1
ellen smith controller, samba safety	1
usaa cashiers check	1
my big campus	1
mesilla valley pro music	1
on ameridan's trail	1
good movie night movies	1
fifth harmony	1
truman sworn into office	1
salomon ellipse aero	1
ipage.com	1
why is it important to have a standard operating procedure for robbery investigations	1
amla	1
diet for chronic sinusitis	1
political differences memes	1
chickabug	1
teacher appreciation gifts starbucks	1
marshall jvm4 series	1
qbar	1
doubletree albuquerque	1
tamaya albuquerque	1
k1200gt 2008 price	1
zayn malik penis	1
la maja	1
"albuquerque nm latitude 35.104 35 degree 8'25.44"" longitude -106.4877n 106 degree 29'15.72""s"	1
matches tree of life	1
tree of life oil	1
terriaki steak	1
nesara	1
blacklisted news	1
locklip	1
daily mail	1
worldnews	1
steve quayle	1
hollow earth network	1
kitco	2
aryansexd0ll	1
"""hotbooty"" cam"	1
sexy_bigbootyx	1
tenshi webcam	1
sexynojitsu webcam	1
flyliteflyrods	1
l magazine	1
g3 perfusion, bbp resistant,	1
forever 21	1
payless	1
comfort touch gel pad	1
alinaygerardo	1
at&t gophone login	1
gm	1
hp color laserjet 11 x 17	1
how to connect hp printer to laptop	1
unm mail	1
watch online move telugu 2016 sarinodu	1
60 minutes	1
ethical theory and moral practice	1
craigslist	1
vaxxer	1
태조왕건	1
hbo go	1
what to get in order before death	1
doggie treat maker	1
amazon fire tablet 2016	1
donald trump	1
auto loan calculator	1
check your privilege	1
how to set word 2013 as default	1
how bad are black widow bites	1
pirate bay	1
gpu not at 100% but not getting 60 fps	1
wikipedia	1
butane torch	1
unm final dates and taimes	1
drake 100	1
giovanni's pizza albuquerque coupons	1
how long are chia seeds good for	1
baking in air fryer	1
hotmail	1
paul newman drunken chicken	1
diana guide	1
dr med geoffrey delmore	1
me me pickle pee	1
the truck store las cruces	1
animas river	1
2006 coachmen spirit of america m525tbs	1
roast chicken breast	1
where is the itunes gift card pin	1
copeland furniture	1
best velocimetry to measure turbulent flow	1
hotschedule	1
agario	1
360 security for pc	1
nhra	1
yelp granite connection	1
rio rancho nm phone book white pages	2
how to get redistential phone numbers only	1
ace combat zero aircraft	1
sourceforge	1
overwatch game server connection failed	1
what foods have bismuth	1
amcas	1
mouse anti rat n cadherin	1
alexa fluor 488	1
mowiol calbiochem	1
aol password change	1
duke nukem forever crash fix	1
duke nukem forever steam crash site:forums.steampowered.com	1
brea ca	1
royal enfield classic rear brake adjustment	1
our lady of the most holy trinity *church	3
clarks men's varick hill chukka boot	1
