service credit union	1
car shows starkey ford	1
ford falcon door panel installation	1
wmur	1
learn to fly 3	1
twc central	1
weight watchers login	1
craigslist nh	5
hearthstone arena winnings	1
syrian civil war	1
temperature rise in insulated room with watts input	1
btu's required for temperature rise per volume	1
power and ground pins differnt numbers on schematic and layout virtuoso	1
1992 kudwig mercedes 190 16v evo	1
dick bahre	1
darrell waltrip wiki	1
nascar convertible series	1
bobby labonte wiki	1
innas sset dungeopn	1
nostralius	1
plain letter	1
black diamond farming for charger quest	1
osrs ge	1
pcsx2 download save games	1
water slides	1
n.h. power ball	1
conveyor belt project part 3 answers	1
cvs	1
ford	1
raymond school district	1
2013 edge oil change reset	2
reddit malwarebytes premium key	1
renee coen	1
surf portsmouth	1
amazon shipping puetro rico	1
where to buy diatomaceous earth food grade	1
dewalt dwv012	1
hepa shop vacuum reviews	1
pornhub	1
facebook laugh emoji	1
free game memberships.com	1
free e invitations	1
sears manchester nh	1
shooting star bad company	1
hotmail	1
mkissmanga	1
"""kevin faulk"" draft brady"	1
colonial ford plymouth	1
git gud	1
around the beading table	1
minecraft jukebox	1
shari's berries	1
actresses hired for their looks	1
farrah fawcett	1
amy schumer weight	1
nashua nh school district	1
enterprise rent a car los angeles	1
can you be denied for a pre-existing condition	1
qvc	1
videos bachata	1
roll20	1
reviews dell laptops	1
icelandair	1
name badge holder arm	1
cooper tires	1
good clash royale decks	1
charleston sc airport car rentals	1
woodsville guaranty savings bank	1
uporn	1
tanner stages	1
thomas steensma gender	1
brendan s. abel	1
sara bonetta	1
set time on one touch ultra mini	1
belmont nh	1
things to do near stamford ct	1
blade and soul ui set up	1
women's shoe stores concord nh	1
steeplegate mall	1
barbara name	1
rpg maker xp tutorial -vx -ace	1
4health cat food coupons	1
curtains	1
french bread recipe	1
recipe for calypso beans	1
calypso beef soup	1
nasacort	1
pogo - no worries (hybrid minds remix)	1
fioona_flower	1
deindustrialization greece	1
where does greece spend their money	1
feed me and tell me i'm pretty shirt	1
force awakens theme	1
2010 ford key programmer	1
klein knockout kit	1
beauty of the pacific ocean in the life of pi	2
netzero	1
sexual compulsivity scale	1
where is my mind ukulele	1
overstock	1
atlas o 0514	1
paper sorcerer trainer	1
paper sorcerer cheats	1
uml online login	1
uml onlien login	1
t critical value calculator	1
middle lyric	1
little gidding	1
lose physical attraction after long relationship	1
citations machine poems	1
our god is an awesome god carmen	1
sims 3 can you give babies up for adoption	1
luminosity vs complexity	2
beethoven symphony 9	1
smcc attendance policy	1
ariana grande coco dog	1
president george w bush	1
who presented maddie and tae with radio disney award	1
movies like deadpool	1
what is medical coding?	1
amazon	1
walmart	2
sikhism	1
watts death dying bereavement issues	1
is motivating employee workplace challenge?	1
integration in excel	2
hearing aid battery holder key ring	1
girl names	1
things kids can do when they are bored	1
can you attach amouse to the ipad pro	1
spring hornpout	1
golden shiner fishing tips	1
laura frame data	1
redbox	1
"professional choice 6"" stainless steel gina miles double break snaffle bit"	1
back protection for treeless saddle	1
tracfone	1
iphone 6 not connecting to itunes	1
backtrack linux	1
progenitus	1
exeter hospital jobs	1
saudi arabia	1
muslim define	1
oblivian armor	1
exercise 24 special senses visual tests and experiments	1
houses for rent in three oaks, sarasota, fl	1
cheap caribbean	1
red carpet nail polish	1
food for people who have few teeth	1
parable of blind men and an elephant	1
denyherorgasm siterip	1
square root of 1728	1
edgewater farm nh	1
de’runnya wilson, te/wr, miss state	1
what helps sick cats	1
online capture audio from youtube	1
hdmi tv	1
meds for dizziness	1
nissan 350z for sale	1
how to gain access to dragon peak dark souls 3	1
thanksgiving potluck invitation	1
surprise wedding	1
babymoon ideas in new england	1
linen camp shirt women's	1
barnacle billy	1
st mary's bank	1
trap music	1
aws pricing	1
my harmony app error parsing error 0xc00ce556	1
uber how to call rider	1
netflix	1
hindi full movie 2016 do lafzon ki kahani online	1
blue bay seafood wakefield nh	1
domino preistly free porn	1
losing belly fat and love handles	1
youtube	2
image search	1
amethyst su	1
diy metal frame for barn door	1
603-341-3310	1
game of thrones	1
new technology law enforcement	1
tumblr milfs shaved vagina	1
college sex tape	1
www.rovafarm-rcc.org	1
john deere omgx24537	1
john deere omgx24537 battery	1
alewife station	1
country woods	1
unicell box truck	1
trucks for sale manchester nh	1
cargo vans for sale nh	1
advast	1
uri womns soccer	1
warby parker	1
eso thieves trove locations	1
grand estates londonderry nh	1
dna is just data	1
can birds eat aloe vera	1
sears	1
cold hollow cider mill	1
ambercutie forum	1
hulu	1
pay pal	1
gravitational colonic system for home	1
town of tamworth	1
wifi hotspot software	1
air lingus arrivals logan airport	1
top rated construction design software	1
pinterest fruit dip	1
tv tropes captain america civil war	1
doctor strange	1
beats by dr. dre wireless studio	1
nikki haley	1
nikki haley record	1
south vietnamese soldiers nathalie	1
heat pumps reviews	1
heat pump reviews	1
2015 toyota camry bolt pattern and wheel size	1
2015 toyota camry wheels	1
zillow	1
darksouls 3 servers	1
how to change linux splash screen	1
36 x36x15 raised plastic planters	1
90 civic shuttle hp	1
jurassicraft	1
glitterboo	1
fort leonard wood	1
highest paying gta jobs	1
kasen kanesada petit nendoroid	1
horde races	1
can i transmog one handed mace to axe	1
duck game	1
reimu is a bully	1
northwaybank	1
aol mail	1
dmvnh dmv	1
phosphorus contents and soil scholarly	1
brazil nuts leaching mercury	1
gmail	3
marketing unh brand	1
craigslist new hampshire rideshare	1
woofing	1
equity	1
kant	1
starz	1
univision	1
intuit inc	1
pristine leather	1
woman chases pervert who was filming her inside target	1
money from youtube per views	1
dumb and dumber - it's ok! i'm a limo driver script	1
van halen	1
latchis theater	1
hotmail.com	1
paypal	1
facebook	4
asv rc50	2
old navy credit card	1
spotify keeps crashing every 10 minutes	1
cl nh	1
harley hotels	1
etsy	1
hearthpwn mage	1
hearthstone arena rating whispers	1
blood bowl should i dodge or block first	1
craigslist	1
suppose after hurricane irene the average income in cape charles	1
electric car sales	1
electric car sales projections	1
mma gloves	1
hayabusa tokushu regenesis mma	1
bubble ass indian girls tumblr	1
what to stop for security in windows 10	2
mcdvoice	1
sunday nashua telegraph	1
watch attack on titan episode 9	1
add password to a pdf without adobe acrobat	1
harvard business review	1
topographic maps google earth	1
pristine realms	2
soap and glory	1
30 caliber air rifle	1
joepye cafe - antioch university new england	1
pileated woodpecker call	1
thesaurus	1
will ferrell george bush snl	1
michael conforto fantasy	1
north face women's pants drawstring	1
schugmann greenwich ct	2
real estate nh	1
black book waking dreams reset perks dragon soul	1
shrek movie script	1
horseshoe clip art	1
fallout 4 something crashed from the sky	1
angelina jordan amy winehouse	1
battlefield 3 pc vs ps3	1
conservative review	1
alien isolation trailer	1
wal ma rt	1
damien bradley james pool scene	1
ben whishaw	1
second battle of el alamein timeline	1
lee enfield	1
nh surplus auctions	1
exchange 2016 multitenancy	1
pto sprayer pumps 8 roller	1
hannaford	1
crane restaurant	1
blitzkriegsler	1
camtasia	1
facebook login	1
multiple response crosstabs in spss	1
polo ralph lauren factory store	1
aleppo mosque destroyed	1
umayyad mosque	1
hbo go	1
coefficient of variation excel	1
macdonald triad	1
the psychopath whisperer mont vernon	1
new shocks rough ride	1
amazon redshift	1
alex rodriguez plans to retire	1
akiba's trip undead & undressed mod	1
รักลอยลม เรื่องย่อ	1
eat pasture butter with fermented cod liver oil	1
2560x1440 wallpaper reddit	1
mr softee jingle	1
i don't roll on shabbos	1
best college shirt design	1
mtar	1
257 weatherby	1
preschool teacher jobs	1
assistant clerk in post office	1
windham nh school bus driver	1
armstrong 2767d	1
roy clark	1
bluehost wordpress html page	1
bhaagi review imdb	1
stealth hawk tv antenna	1
redeeming staples epromo card online	1
xhamster	1
the 100	1
old person who suddenly gets nervous	1
dark souls 3 build planner	1
sage's ring dark souls 3	1
gopro rotate 90 degrees	1
eso how to mail an alt	1
dayton convention center	1
tooka dolls clone wars	1
andre kohn fine art scottsdale fine art gallery	1
xtc live youtube	1
wattpad	1
mrkh wiki	1
united states of america ususjfkf	1
baoyu's wedding dream of red chamber	1
tooth enamel erosion	1
miniature roller chain	1
mercedes benz sl55 amg	1
obama bernie comrade	1
vhdl conditional generate	1
the forest medicine recipe	1
call of duty black ops 3	1
엄빠 청테이프의 김양	1
dearly departed marianas trench lyrics	1
bbq guru	1
daenerys targaryen sex scene	1
trailer wheel bearing torque specs	1
valley news	1
recipes with baking chocolate	1
chocolate pudding	1
hentai bestiality	1
recolor wipe	1
3 plate hanger holder	1
triple triangle shape plate hangers	1
inspirational saying stencil	1
rheumatologist austin tx	1
adventure capitalist on facebook not working	1
velvet revolver	1
nh craigslist	1
indexhangseng:hsi	1
forgotten avril lavigne lyrics	1
maria the virgin witch reddit episode 9	1
spirit of halloween new london	1
ap chem score cut	1
bike reg nees series	1
abc	1
saxophone sales by me	1
best cannibal movies	1
saul alinsky	1
antoine roussel reverse hat trick	1
hot xxx	1
pyle boom arm	1
groupon	1
leonardo da vince spinning wheel	1
home depot	1
how to set up ladder scaffolding	1
formula for converting cm to feet and inches	1
porsche	1
should college students have to take general education classes	1
putlocker	1
335 1r cypress street #1r	1
guitar hero xbox one	1
td bank	1
olympus	1
kentucky derby contender, maine owners	1
google drive login	1
pof	1
boloco vegan	1
md.com	1
medical websites for diagnosis	1
what hormone is pg	1
100 % wool blankets	1
blanket wool	1
pokemon go	1
brazzers	1
holly cove rv park whittier nc	1
nh boat laws	1
resume for no job experience	1
decking options	1
marshmallow jello salad	1
danny elfman batman	1
edging video	1
ph of 10 molar hcl	1
achalasia diet delights cookbook	1
evolution dictionary	1
internal burning chest	1
akaipro	1
tcm schedule	1
nowhere boy	1
rpi housing roommate send message	1
this is the westernmost us territory?	1
multihost wikipedia	1
safeway flower arrangements	1
dartmouth secure windows	1
forge 1.4.7	1
mazda miata sway bars	1
ramuntos	1
yahoo mail	1
nioh stream twitch	1
vengaboys	1
elva carlene eastman muzzey	1
giadas eggplant stuffed peppers	1
amaon	1
wwe payback	1
revzilla	1
little feat	1
candella in mass	1
yahoo	3
nh charity foundation	1
jaffee grant	1
hd jock girls nude fucking	1
ebay	1
greatest living gambler	1
solitaire	2
new hampshire	1
meadowbrook pavilion gilford	1
old orchard beach pier	1
billboard top 100 itunes	1
dominos	1
chron	1
woodysgamertag	1
photoshop shapes free	1
tidens mand	1
justin bieber photoshoot	1
citroen ceo	1
pvc pipe costs	1
firefox	1
citizens bank	1
ohio murders	1
muscle weakness dr axe	1
league of legends status	1
non acceptance synonym	1
bug bites while sleeping	1
china post	1
scottish highlands 1800 electric scotland	1
лечение ногтей и кожи перекисью водорода	1
is effective rate of interest the same as market value	1
an increase in interest rates affects aggregate demand by	1
free porn sites	1
323-992-9940	1
guitar center nashua	1
hunter transmog	1
youtube firstgardenin	1
youtube potatoe	1
mimicks	1
badger realty mortgage calculator	1
storage units in valentine ne	1
cock hero corruption 2 porn hub	1
what would happen if you become chemically dependent on a drug	1
maine unemployment	1
space western	1
2 piece hat and gloves set gray spider-man walmart	1
marvel 2 piece hat and gloves set gray spider-man	1
danskin now girls noshow socks, 10-pack	2
rockport shoes	1
turn garmin daily steps into an activity	1
garmin vivoactive best buy	1
fitbit	1
garmin vivoactive	1
garmin iq	1
myfitnesspal	1
things to do near old orchard beach me	1
maine wildlife park	1
runesacpe guthix robes	1
mit symphony	1
on the wings of love jeffrey osborne	1
serbian orthodox church	1
rarelust	1
wendigo	1
news	2
gang fuck his wife	1
sun joe	1
garrett wilson kentucky sex offender	1
sarcos	1
cheap tickets from boston to medellin	1
specialized pitch sizing	1
says i am in a league game though the game is over	1
venison back steak	1
skip howard	1
activities best suited for large multinational organization	1
streaming wii u on twitch	1
slow cooker pork roast with carrots and potatoes	1
missing catan pieces	1
royal sonesta boston	1
panzer tractor motor	1
6037937040	1
ford f 150 sport mode	1
syntax for linking stylesheets in html css	1
best cigar	1
"vanity fair 11811 2xl 24"""	1
real estate in springfield, nh	1
real estate in wilmot , nh	1
growhaus denver	1
hbo	1
peroxide uses	1
how many accounts has tyler1 been banned on	1
pinterest	1
sears mastercard login	1
obama trump roast	1
integral of inverse function	1
bazarynka	1
214-974-9636	1
ποτε ειναι του αγιου γεωργιου 2016	1
wow circle	1
ui and ux	1
amphibious	1
hentai	1
ground air in dash majestic q400	1
can dash q400 be started without apu	1
wicker laundry hamper kmart	1
nx.g36aa.006	1
uninstall windows defender	1
