malawi	1
blue beetle	1
cvs	1
black desert node costs	1
black desert alchemy	1
facebook	2
christian song there is a king	1
ups tracking	1
norwex catalog	1
the siren critique	1
tomes dark souls 3	1
velopharyngeal function in childhood dysarthria	1
vivsiepop	1
the cliptomania web store case study	1
north dakota powerball winning numbers	1
pinky presents mz booty atomicgdog torrent	1
gop definition ap gov	1
fenton pink rosalene basket value	1
fenton rosalene basket	1
2014 mazda 3 specs	1
best used crossover vehicles	1
1847 rogers bros is flair pattern pickle fork	1
superior wi places for rent	2
1623 n 21st st, superior wi 54880	1
google docs	1
3290 e. jump off joe road, valley, wa.	1
ati radeon x1200 igp for photo editing	1
nfl draft	1
free pic series	1
jong chul song	1
rugs in front of toilet	1
scheels arena safety for kids event	1
bill clinton defends repeal of glass-steagall	1
how government caused the housing crisis	2
ndcde	2
athlon ii x4 980 be	1
food protein calculator	1
vba is considered to be a(n) ____ programming language because instructions are executed on objects in the database.	1
which term identifies a field that appears in two separate tables and may be used to connect records in the separate tables?	1
golf courses fargo nd	1
western state bank sun city az	1
oreylis	1
lowes	1
sg100-24	1
4.6 manual transmission	1
craigslist fargo	1
little big planet pc download	1
phil housley	1
girdling trees	1
flywheel wood splitter	2
iracing free download	1
vidalia onion	1
gmail	1
oriental trading	1
pioneer auto club	1
eggplant nutrition facts	1
pinterest	1
esea	1
mynor corporation manufactures and sells a seasonal product that has peak sales in the third quarter. the following information concerns operations for year 2—the coming year—and for the first two quarters of year 3:	1
ultimate guitar	1
cubic yard to dry gallons	1
north dakota breaking zero tolerance	1
cookie cutter hallmark	1
oil	1
"a ""flat affect"" is marked by monotonous voice, immobile face, and no signs of expression"	1
vegan chili slow cooker	1
renew cancel index	1
runescape slayer	1
zaryte bow	1
hotmail	3
interest groups on abortion	1
rageblade	1
helomonster	1
space engine	1
lantana apartment homes	1
apartments near u of a	1
gated communities in tucson	1
tales from the cryptkeeper new	1
dissociative identity system roles	1
bcbsnd	1
amazon prime music vs spotify	1
squeegee for tippman flatline	1
beretta cx4 storm	1
prepper gun shop grand forks nd	1
xm radio	1
full throttle	1
minneapolis airport noise map	1
how much is a 12 ft x 18 ft x 4 inches of cement	1
women's cobbie cuddler boots	1
hbo now	2
north dakota industrial commission website	1
kazoo kid	1
muscle bike parts	1
what does it mean to be on layoff and subject to recall	1
rachelle olson coming home at last star tribune	1
why do americans hate the french	1
best keto recipes	1
diatomacious earth water spray	1
directx 11.1 windows 7 download	1
free video recording software windows	1
free video and audio recording software for windows 10	1
feel up wifes tits nipples	2
feel up moms tits nipples	1
blue book for campers	1
ark dinosaurs	1
online 1080p porn movies	1
free online 1080p porn movies	1
kxmb	1
what pop star just released a country song	1
better twitch tv	1
random facts about me	1
herald of the titans	1
10 player ulduar	1
bismarck tribune, obituary, frances perman	1
zillow	2
clip art giraffe in airplane	1
denver airport	1
capital credit union bismarck	1
facebook login	1
jessica von braun	1
yahoo	1
mature pussy	1
navy beans	1
adjust trunk latch chevy cruze	1
jon snow	2
bcbs nd	1
gym equipment that burns arm fat	1
amazon	1
"""ayman alqasem"" treasure"	1
"""kristen lang"" minot"	1
best cellphones	1
it's a boy cigars	1
thor bjornsson nutritionist	1
clearance patio sets with umbrella	1
ryan sheckler	1
shiwala mop	1
autotrader	1
lutherans and hell	1
when to plant carrots in north dakota	1
hotmail.com signin	1
tara rader spokane	1
north dakota lottery	1
hastings filters	1
lexapro refills	1
dark souls estus in pvp	1
north dakota plane crash today	1
sams club	1
gcc include header	1
finest hours	1
polarcomm.com	1
mario kart ds	1
carson wentz	1
dragon age inquisition hole or rituals	1
peroperouunp l,overslab	1
pc exclusive animation path	1
alduin into a sweetroll with the wabbajack	1
skrim nexus books books books	1
skrim fnispeace 2	1
unp naughty remodel - standalone	1
tennessee hd wallpaper	1
uppose that two american investment banks negotiate a merger agreement because a financial crisis threatens to bankrupt both firms.	1
1963 impala inner rocker	1
1963 impala rocker inner reinforcement	1
"1964 impala ""rocker inner reinforcement"""	1
islamqa	1
bismarck tribune open houses	2
metal buildings site:menards.com	1
metal buildings	1
echinacea purpurea bismarck	1
counter to justin bieber's love yourself	1
judy hopps r34	1
capital one credit card sign in	1
imdb	1
seat for yard machine riding mower	1
gex video game	1
d&d 5e factions	1
roastingkid1907	1
new egg	1
scion fargo nd	1
falloout 4 drugged water	1
bills gun shop fargo nd	1
free vr porn	1
und student email	1
league of legends	1
msu women's volleyball roster	1
review the second amendment a biography waldman	1
what do you mean we kemosabe	1
what you mean we kemo sabe	1
art of doom book	1
neata battery nt6-5.0	1
premiere video minot nd	1
los angeles neighborhood map	1
vikings uncut amazon prime	1
budget suites dallas 8150 n stemmons reviews	1
10222 walton walker dallas, tx 75201	1
13907 montfort dr. dallas, tx 7524	1
sterling hotel dallas	1
$50 night dallas	1
autozone	1
capital credit union	1
lakota rv	1
youtube miriam makeba	1
time zones	1
digital landscape	2
lawnmower man	1
dragomon hunter	1
home for sale 531 macon drive, bismarck, nd	1
lolking	1
buzzfeed	1
grand archives slab	1
tube kitty	1
harmonic oscilator hamiltonian	1
sperm donor creampie	1
chrysler airflow	1
ups ground estimate	1
free dxf files	1
fleet farm	1
1/2 metal drill bit	1
courage under fire story	1
how many gallons in intex pool	1
allen edmonds	1
chicks with dicks	1
cooking planit app keeps closing	1
lowes circle mosiac tile	1
delta trinsic hand shower	1
slithio	1
do job fairs in school help students decide on a major in college?	1
poe wiki	1
harbor freight	1
where is the statue of liberty	1
literotica	1
brace yourselves tupperware	2
free meme generator	1
"""julie skyhigh"" 10 man gangbang"	1
shyla ryder freeones	1
amazon hearthstone	1
tribble enemy zelda classic	1
would you press the button	1
rule 34 samantha carter	1
