miles avery	1
massachusetts medical cannabis caregivers	1
agar.io private server	1
ford	1
nick moreno	1
beeg	1
how to glue vinyl	1
dragon age inquisition hair mods	1
dragon age inquisition mod manager	1
international bazaar freeport	1
cohoes garden city	1
el paso	1
arrows faithful	1
websites for youtube video promotion	1
1968 high jump gold medal	1
avicii high jump	1
kamen rider ghost zyuohger	1
katrina scott mgh	1
agario	1
hangouts	1
joe sylvestre cranston ri	1
providence marathon results	1
american airlines	1
who is next president of america	1
wikipedia	1
craigslist ri	1
wedding shower puzzles to buy	1
limos in ri	1
dcu	1
traductor	1
como conseguir vivienda bajo costo en lowell ma	1
viviendas de bajo costo en lowell ma	1
dollar tree lowell ma	1
middlesex college lowell ma	1
information on usda american grown prime beef	1
one pan meals	1
filmstrip	1
cite this for me	1
dark souls 3 chloranthy ring	1
outlook sign	2
uk guardian photos of the day	1
windows narrator keyboard shortcut	1
waking up startled	1
is e-19 virus on netflix?	1
golden valley foods, inc. case study	1
cowtruck munroe dairy	1
toto africa	1
getting started with functions in excel	1
convertkit	1
spencers	1
pikachu build a bear	1
pikachu big face tank top costume	1
windows 95 cd iso download	1
cd rom driver floppy image	1
home depot bathroom vanities with bowed dors	1
lowes bathroom vanity curved door	1
who is david weber	1
42re snap ring	1
larry wilmore white house	1
531 smith st providence, ri 02908	1
color house paint ri	1
south county independent[	1
ge glass stove top remove front plate	1
ge stove burner knob shaft	1
muse.redirect.redirect	1
oven cleaner	1
glastonbury, england, shops	1
lottery ri	1
angiosperm classes	1
ww2 trainer aircraft	1
me.mainform error	1
the morrigan	1
tabacon hot springs	1
whiteside	1
acura usa	1
mediterranean quinoa salad	1
how many states have primaries	1
flather jennifer	1
3 edelweiss ave 02865	1
cox webmail	1
launch birthday girl colourpop	1
colourpop favorites	2
mesijesi beauty	1
blue hills nyc	1
facebook	3
"access ""changing the filter or sort order of a form or report"""	1
access create report object in collection allreports	1
access create report object from collection allreports	2
topshop usa	1
my hue	1
adocare	1
http://www.usmagazine.com/customerservice	1
how does shakespear describe love in romeo and juliet	1
romeo and juliet rosaline quotes	1
chaucer's canterbury tales	1
chaucer's canterbury tales sparknotes	1
craigslist	2
kent hospital nursing	1
how to cancel zipcar membership	1
luxe burger	1
woodstock lemon blueberry beer	1
i'm your girlfriend	1
westbrook maine wedding	1
us battle net sc2 forum	1
forza 4 event list vs world tour	1
forza 4 what does differential do	1
mitsubishi fto gp version r	1
yuvi pallares porn	1
aftersexselfie to prove you had sex	1
lancia delta integrale forza 4	1
forza 4 best c class cars	1
lancia 037 stradale 1982 tuning forza	1
forza 4 tire pressure dumbasses	1
if atoms are empty space why are things hard	1
companies trying too hard	1
ever been obsessed with a video game	1
why do all cars eventually die	1
build your own car	1
pornhub	1
2016 deca icdc	1
turn to 10 weather	1
dominos	1
yahoo	1
elnuevoherald	1
offline raid protection ark	1
12 am est is what in germany	1
hltv cloud9	1
cnsp cnsl 3502.3 sfrm	1
apponaug softball	1
mla in text citation	1
molecules tabs	1
getting from glasgow to edinburgh	1
bleacher report wwe	1
markdown separate quotes	1
calculate speed difference hit gaps in highway	1
learning automotive repair	1
fbi tor	1
citizens bank online	1
minecraft capes free	1
therunawayguys	1
what is the name when a couple sit with each other and pay more attention to thier phones	1
translate	1
google drive	1
consumer reports sign in	1
voltaren rapid 50 mg tablets	1
how do i add 10 more minutes to my electric pressure cooker	1
gsn	1
getonuptryme	1
what is the difference between an autosave and a hard save skyrim	1
305 into an el camino	1
chicago citation guide	1
318cm	1
marcato pasta maker	2
d day	1
in which states is abortion illegal	1
my bib.com	1
yahoo mail	2
td bank	1
why does ice age happen	1
woonsocket altitude	1
best dyson fan	1
diaperedonline login	1
diapered online	1
wings over providence	1
gmail	2
camerata roman	1
"""camerata roman"""	1
stardew valley	1
ford explorer for sale	1
credit mutuel	1
porno	1
pampered chef outlet	1
watch shameless online free	1
trackview	1
youtube	2
gonintendo	1
emily rogers	1
joyce omaiye	1
blur out picture app	1
blur a spot in a picture	1
slither.io	1
game of thrones	2
view @model	1
mvc view intellisense keeps disappearing	1
html displayfor list	1
html displayfor with list	1
mvc where to store viewmodel	1
l desk for multiple computers	1
summer infant wifi monitor	1
are extended warranties worth it	1
gilt	1
outlook 365	1
white flight google books	1
lesbian community in eugene	1
aol	1
riliving	1
christina lucci porn	1
where to buy in store pinnacle powerstep inserts	1
68 osceola ave warwick,ri	1
steak quesadilla recipe	1
define embellish	1
snow plowing rates	1
gaspee days 5k results 2015	1
lynch 5k ri results	1
projo obits	1
vintage shoe clip that looks like ivory carved like a flower	1
onyx rites of passage ceremony	1
how to program dish onto new tv	2
one piece wiki	1
what is cpt	1
human service jobs	1
rennlist	1
palm restaurant boston	1
sims 4 digital download	1
ruinas pelicula completa en espa√±ol latino	1
what driver shaft do i need for callaway great big bertha	1
thermostat replacement 2003 honda civic	1
www.healthiestyou.com	1
paganism	1
1 dennell dr, lincoln, ri 02865	1
apa in text citation for chapter of a book	1
apa how to cite a quotation within another work	1
anyfine can happen	1
kripparian	1
iiee citation	1
yahoo news	1
www.sovereignbank.com online banking login	1
puma blaze by limited edt 1	1
april 8 mull leter iran sanctions	1
heathrow	1
2015 mustang ecoboost	1
ford f350	1
86 bit	1
patriot ledger, wed. feb 13 1991	1
beijing bicycle analysis	1
lana's big boob	1
engadget	1
blue alley studios	1
worth of roger williams park rhode island	1
roger williams park rhode island	1
can trump win the delegates	2
g920aucu2aof4 marshmallow	1
braces + pussy	2
iron inquisitor kayle	1
grossgore krepo	1
urgent cares in ri	1
coventry police department rhode island	1
coventry ri town hall dog license	1
sacred 2 boss list	1
adobe premiere pro free	1
fresh off the boat season 1	1
solar movies	1
pewdiepie	1
jersey boys	1
drake views from the 6	1
gerald espanola portsmouth ri	1
economic growth weil chapter 8 solutions	1
oopsie daisy homophobe	1
ottoman attack on constantinople	1
champion.gg	1
season 6 diablo dmo	1
hsrp configuration with multiple vlans	1
bibb lettuce description	1
traditional speakeasy drink containers	1
text to speech yoda	1
tumblr app flipped pictures	1
captain america civil war ost	1
my ip address keeps getting blacklisted	1
verizon ip	1
stop and shop gas points	1
paula pomposelli facebook	1
what can i expect after a hysterectomy	1
teresa johnston ri	1
acrylic paint	1
volatility of acrylic paint	1
consumer reports	1
gone wild	1
how do you prevent clothes from pilling in the wash?	1
what do mp and pn stand for in progress reports?	1
rwu c store hours	1
what is cluster reduction	1
easybib	1
uri library	1
verisae	1
xnxx	1
lee's nail salon	1
lonely ron paul	1
supreme equine sports jacket	1
tsw which issues do i own?	1
tsw healing stats	1
porn gynacological table	1
tsw fist blood healing build	1
chained to a sex swing	1
rwu.edu	1
hdr streaming content	1
directv	1
cool hand shakes	1
rothschild	1
prank dial	1
mkb memorial	1
mkbm memorial	1
mini mason jars	1
air max 1mid fb	1
legogame	1
loses	1
how to get free rubies on kickback	1
duality 2012	1
3 week old seedling	1
putrescent egg	1
vray for sketchup	1
saving an indigo render as a jpeg	1
peep show best episodes	1
literotica mother spies on nude son	1
raging stallion	1
toby turner	1
aiken south carolina	1
slocum woods ri pdf	1
paul iorio	1
malia obama birth records	1
youtou	1
how to convert word to pdf	1
etsy	1
green screen where to buy	1
how elisa is used in food safety and quality	1
rhode island teleserve	1
rilot wild money	1
diversity tomorrow	1
port function verilog	1
politico	1
qr decomposition givens rotation	1
invisalign ri	1
thiomucase	1
how long does it take to get default judgement in ri district court	1
vengeance tbc realmlist	1
copts united	1
sweet binks rabbit shelter	1
murray 2 pole 30a	1
dxheat	1
38 hagerstown road warwick ri	3
mechanicsfiles.com	1
swarthmore ploy	1
swarthnmore improv	1
swarthmore college vs brown	1
neeltje henneman	1
"""bind us apart"" pdf"	1
raff, charles	1
"""political theory"" racism is an inadequate explanatory"	1
racism effect rather than cause	1
citizenship and identity/belonging	1
batfish	1
imdb the crow	1
i saw the devil american remake?	1
quantico tv series	1
time and date	1
sharp calculators	1
gunbelt	1
where to farm bloodstone chunks	1
ludwig weaknesses	1
you and i are not so different	1
ri teleserve	1
logs potentially required by law include:	1
what is the purpose of a year end physical inventory?	1
weird text	1
pov anal blonde facial	1
hertz rental car warwick ri	1
storzand bickel	1
why do i always have a cal mag deficiency	1
how to fix magnesium deficiency in cannabis	1
heartland season 3 plane crash	1
uncharted 4	1
selling points on trump	1
malcolm mitchell	1
294 gorton lake blvd warwick ri	1
toronto	1
wurm survey	1
the highway repo	1
befriend alphys	1
core stability vs lumbar stabilization	1
closet flange installation	1
alamo car rental free double upgrade coupon 2016	1
tdbank penny arcade not working	1
nvidia shield k1	1
avis rental car	1
car rental usa	1
ana de armas imdb	1
penn station maryland train schedule to asheville no carolina	1
find minimum mathematica	1
tank bag for sale	1
dsp tries it meme	1
tampa bay rays tickets	2
ign	1
chronicles of elyria magic	1
tree of savior classes	1
promo code gnc.com	1
watch avengers age of ultron	1
jobs.bidmc.org	1
pineapple chicken bowl	1
lord of londor king of hollows	1
7 years lyrics	1
radiohead	1
howard johnson williamstown	1
espn	1
quiz answer the second law, which is the law of competition, works only if there is no manipulation of the market by anyone	1
average pay for zoo design	2
netflix.com	1
citizenship classes in ri	1
dunns corner market	1
pokki	1
sonic cd	1
fatman on batman	1
us v windsor	1
logmein login	1
i took a pill in ibiza	1
barely legal casting couch	1
best buy	1
krill	2
pennisetum ginger love	1
ornamental trees	1
gazing balls	1
facdebook	1
dvc	1
ria	1
roger williams law school bookstore	1
vapor marvel	1
young avengers	1
tmz	1
blake shelton	1
rick and morty episode guide	1
wow tauren shaman	1
netflix	1
hood for 2001 toyota 4runner	1
straightnakedthugs	1
login microsoft office word excel	1
millenials	1
8 ball don't count on it	1
foremost insurance	1
pets in diablo 3	1
lisa oliver raleigh nc	1
charlie daniels live	1
ghost in the shell	1
mortar and pestle cumin	1
build a compost tumbler	1
downy target	1
jack nicholson	1
amazon prime	1
rob reiner	1
science behind frankenstein	1
brown tennis reservations	1
gold prices forecast	1
how to calculate hvac load	1
mexico years ago	1
redds cans	1
casinos scope	1
ebay	1
diablo 3 how to get enforcer gem	1
quickest way to get mask of jeram	1
realtor vs real estate agent	1
nito installer	1
google play music	1
oracle mid site:youtube.com	1
nick adams	1
meta knightmare returns	1
stress quiz	1
shiny selectinput multiple output	2
gmail.cokm	1
my hero academia ep 4	1
dakota crossing shopping center	1
living in contentment tao te ching	1
define: animal spirit guide	1
baseballstinks	1
legotechmancer175	1
normal calorie intake for male	1
pan seared scallops	1
jamie caldwell days of our lives	1
alto-shaam 1000 th ii cook and hold oven	1
fnaf world	1
fnafworldcomcebook.com	1
call of duty infinite warfare	1
terra tech	1
silver eagle microphone convinection	1
videos de juan gabriel	1
practice typing	1
plant fertilizer contents	1
scrub daddy walmart	1
nic cage abc	1
dijkstra min max longest path why doesn't work	1
modify dijkstra's longest path min max	1
ebtedge	1
copy and paste multiple text boxes word	1
romanian psl parts	1
www.gaymen33.com	1
gaymenold videos	1
wheeler walker jr	1
cs go monthly players	1
csgo highest rank	1
