google drive game of thrones s06e01	1
acg cargo shorts	1
duke energy	2
rockville schedule	1
greenville humane society	1
smelt	1
arrowverse killer frost	1
usc columbia housing	1
usc columbia international house at maxcy application	1
usc columbia healthy carolina	1
townhall app on ios9.3.1 stopped opening	1
youtube	10
hotels in concord nc	2
124 regency center dr, mooresville, nc 28117	1
how to clean sterling silver rings	1
stabilo woody crayons	1
hotmail	2
twilight forest progression	1
firefighter in pineville	1
weather washington dc	1
overcooked ceviche	1
how many cardioversions can a person have	1
spr sloboda and bukoski cup	1
vrbo hilton head	1
how much is a carton of marlboro red special blend 100s	1
netflix	5
girl lying about age south carolina	1
age of consent in south carolina fourteen	1
instagram schumer	1
wells fargo	3
american airlines	1
good quality mandolin brands	1
example argonian names	1
stormtracker 13	1
bring it the movie	1
south carolina department of corrections inmate search	1
at&t	1
volleyball camps in rock hill sc	1
catawba county schools	1
facebook	18
imdb	2
michaels	1
james island plant nursery	1
tea olive bush charleston sc	1
ixl	1
how to repair and paint rubber bumper	1
plantation resort in myrtle beach sc	1
751 hwy 45	1
legends sports memorabilia magazine prices tiger woods	1
university of south carolina study rooms	1
beer advocate chti triple	1
houses for sale under 1000 square feet	1
how to find volume for triangular prism	1
stock solution a: 3.0 m stock hydrochloric acid = yellow	1
pinterest	1
prince concert video	1
lost	1
usf canavs	1
usf canvas	1
relevance of baker v. carr judicial review	1
things needed in a healthy relationship	1
laura marano	1
asylum 16spn	1
watch disney channel	1
tokyo hot siterip april	1
bosch season 3	1
the promised land tv series	1
rcpl	1
raw honey	1
food lion sumter sc	1
golf ball nut coupons	1
puzzle pirates ordering a maa	1
slide whistle sound	1
unc tv	1
att yahoo	1
sturdy safe	1
ballistics calculator	1
hodgdon	1
1/2 cup of butter	1
spongebob intro lyrics	1
fack ju pane uciteli 2	1
google	3
what is a ghetto	1
summer fafsa 2016	1
best stock screener 2016	1
what time is game of thrones on	1
sc case search	1
magic seaweed	1
michelin 255 70r 16 for sale	1
rentpayment	1
iredell county death records	1
nicholson funeral home	1
fern hill baptist church	1
paypal	3
hank mobile power bank 2600 pdf	1
hank mobile power bank	1
skyforge	1
daz to 3ds max	1
double anal playlist	1
overstock	1
usc aiken carolina self service	1
police department compstat	1
city of corsicana, tx	1
detroit mayor bing's mckinsey report	1
18 wheeler driver killed near santee	1
(2.576 x 11.8) exponent 2	1
finding sample size	1
chefs who didn't graduate from culinary school	1
hybrid athletics orlando	1
icy veins	1
club penguin membership adder	1
christian retreat london england	1
free plagiarism checker	1
costco online	1
wholesale packaged bar b que	1
georgetown county gis	1
circa 1886	1
why does metal gear ray bleed	1
conard family meaning	1
when a loved one dies what happens with social security	1
who email is this free	1
www.greatclips.com	1
what kind of questions are asked in a psychological evaluation for bariatric surgery	1
modelmayhem	1
taube medley charleston sc	1
proventil generic	1
tetris	1
spawar jobs	1
any free to play online fishing games you can fish with your friends together and drive boat>? pc	1
csgo double	1
kayak	2
flights	1
kmart road rippers	1
craigslist	6
who invented the music box?	1
free fonts	1
iranefarda tv live	1
steve mckenzie purdue	1
horry county court roster	1
rock hill sc	1
3 letter words starting with ee	1
which of the following adaptations does not take place when one moves from a well-lit room to a dark room	1
as a rule, the only special sense not fully functional at birth is	1
koa mount pleasant sc	1
twiteer	1
porn	1
www.al4a.com	1
george stella cauliflower mashed potatoes	1
amcis 2016	1
airut runescape	1
very sexual paragraphs tumblr	1
emma watson	1
corsair	1
dodge 2003 1500 ram for sale in burgettstown pa.	1
gletcher pellet air revolver for sale	1
ihg	1
job simulator markiplyer	1
john t henry auction conway?trackid=sp-006	1
imvu sign up?trackid=sp-006	1
lake chatuge	1
free paper shred lex sc	1
shenandoah cabinets prices	1
mississippi tax refund	1
sc columbia weather	1
apartmentfinder	1
owl art	1
vanilavisa	1
tackle warehouse	1
synonyme de apercevoir	1
kowze c4d	1
signs of ulcers	1
o'reilly auto	1
expeller pressed vs cold pressed oil	1
crossword tracker	1
efc 005290	1
myrtle beach job	1
private internet access	1
big short	1
how to turn on autocomplete in my browser	1
just took laxitive medicine can i eat?	1
xtub	1
where is piss at in the bible	1
how to design an hoa website for free	1
stono ferry golf	1
onclive	1
ark	1
neram movie	1
verdant brink how to get to patriarch	1
ascended armor	1
damask patch	1
gw2 wool farming	1
adobe	1
every girl in the world young money mp3 download	1
golf course jobs myrtle beach	1
vanessa carlton	1
simple diabetic smoothie recipes sweetened with stevia	1
walmart around we go 3 in 1	1
values thesaurus	1
car service seattle	1
alpha sapphire coal item	1
alpha sapphire item	1
fashion accessory	1
icloud restore messages	1
spencers	1
touhou labyrinth 2	1
victoria rabbit pliush	1
fresh market catering	1
leading-edge businesses maintain a competitive advantage by introducing products	1
how to calculate the starting value after given percent increase	1
ebay	2
w\ww.gmaill.com	1
hbogo	1
telewizjadarmowa.pl	1
trust co to znaczy	1
michael beckwith książki	1
nko	1
grooming how to toy poodle	1
still got my wevin	1
infinite stratos 2	1
spider porn	1
tenchi muyo war on geminar uncensored episode 1	2
tenchi muyo! war on geminar	1
quest baking protein review	1
torguard anonymous vpn vs proxy	1
which woman pursued by apollo becomes a laurel tree?	1
the ages of man	1
音乐在线	1
hippolytus quizlet	1
best buy	1
cargo pants for men	1
dred scott decision	1
bill cosby	1
ward financial services	1
history of goatee	1
andrea solorzano	1
star fox zero somersault	1
best 1.9 minecraft client	1
delta	1
hartzell vaneaxial	1
otterbox s7 edge	1
how will an orthopedic surgeon repair a crushed finger	2
young bus company asheville nc	1
dont tire your self out at work	1
quiet humble people	1
beauty and the beast full movie	1
bilo	1
raven west skymaster	1
kimberly guitars	2
clemson baseball	1
self confidence blog	1
crockpot meals	1
songs about mountains	1
rich steele 4/9 basis	1
gevaudan	1
walmart	4
dean ambrose	1
roman reigns theme song	1
wrestling news	2
wwe	5
kato wabot 1 1973	2
kato homini robotism	1
kato wabot 1	2
oceanfront communities florida	1
target boycott	1
hampton inn	1
sed replace path in file	1
civil war credit scene	1
cute summer gypsy dresses	1
short sleeve maxi dress target	1
psalm 20 4	1
dodge blend mode	1
beta movement	1
somatic	1
the stanford prison experiment	1
barrel screw	1
80 mm bolt with 13mm barrel nut	1
scholar	1
easybib	1
how to find trade link	1
schaffhausen switzerland electrical supply for travelers	1
reward for 100% clearing in tree of savior	1
north carolina overweight permit for 40' hc container	1
door light and coursty light stay on 03 pt cruiser	1
where are the door light swiches 0n 03 py cruiser	1
sc social studies standards	1
fa	1
maps	1
ground school	1
gmc hh	1
jordan 10's	1
star interview techniques	1
types of tlso braces	1
calendar 2016	1
better to sleep a few hours or none	1
ruffner name	1
can't click next in add child familysearch	1
taco bell menu	1
i been ballin cuz i really ball lyrics	1
ambrose monye	1
punishment for theft in singapore	1
pof	1
donut shops in north myrtle beach sc	1
which of the following statements about knowledge is true quizlet	1
99 percent invisable podcast	1
1922 savannah hwy, charleston, sc 29407, usa	1
nuance transcription	1
evine	1
figure out finance	1
kingsford kaddy lowes	1
ark item id	1
ann rybarczyk obituary michigan	1
ben poole tour	1
eastwood	1
how to take suboxone strips	1
droid 4 xt894 carbon fibor pouch	1
droid 4 xt894 belt carbon fiber pouch	1
ebags	1
amazon	3
san francisco symphony	1
dale ledbetter florida	1
how many inches are in 18 feet	1
123	1
the phantom of the opera book	1
100 - 10185 199b street langley, bc	1
jl mann	1
trader joes franchise	1
my wife and i both fucked on philippine vacation	1
when to plant crimson clover seed	1
hknowstore	1
honda	1
lilac pantone	1
electronic drum kit roland	1
morphling	1
zenni optical	1
kia spectra 2005 starter	1
pullen arts center	1
r3060	1
nascar.com	2
marshall goldsmith	1
doughity dog	1
what is the sampling design in a research study	1
mini fridge drip pan	1
youjizz	1
tyler higbee	1
is kissanime down	1
singed build	1
north carolina cross country camps	1
used boat trailer	1
eva follower skyrim	1
helena follower skyrim	1
best female animation mods skyrim	1
fallout 4 perk calculator	1
bittorrent	1
qbittorrent	1
kabam	1
super cosmic hero x gallop	1
disney crossy road character list	1
jimmy carter conservative/liberal acts	1
pixelmon	1
park south station for sale	1
silver stream charlotte	1
cheese muffins	1
realtor.com	1
iatrogenic definition	1
credit unions near me	1
60 second 2x2 door	1
yahoo mail	2
minol	1
why did girls sell for higher prices than boys at alve autions in the 1850s?	1
hbo now	1
hydroseeding	1
limbsaver airtech	1
craigslist greenville	1
tikka rifle hardcases	1
bdus	1
academy sports	1
is red fishing line good for trout	1
indianapolis motor speedway diamond grinding	1
lost books of the bible	1
banned books of the bible	1
go kart	1
dove chocolate discoveries product pictures	1
ebayclassifieds	1
rei	1
jewel crossword clue	1
gmail	3
how to cut an arch in wood	1
g2a discount code	1
5.56 vs .223	1
capital one	2
kubrik	1
newton raphson	1
gods of egypt	1
bows for burns kinney coffman inactive	1
train to new york	1
fallout 4 how to get cell id	1
fallout 4 creation kit tutorial	1
att.net	2
john deere 1023e	1
nidalee guide	1
free testimonial app on facebook	1
murray law firm myrtle beach	2
airbus a321	1
work number login	1
dany boyle	1
danny boyle wiki	1
what to make apple not turn brown	1
house plans	1
new communities in hwy 170	1
thousand flowers looks like petunias	1
haley reinhart	1
videos of 20's remake songs	2
the song little lamb from the roaring 20's	1
cosmogony of daoism	1
alcaponeoffers	1
6.0 liter chevy engine 400 hp	1
where to buy 6.0 lq9 engine	1
limbo	1
corsair link	1
mp3skull	1
financial conference 2016	1
image resizer	1
how to play monster hunter tri on pc	1
best psp games	1
www.paypa]	1
yahoo	5
medical parts	1
jaqen h'ghar	1
coastal carolina cino hours	1
south carolina coroner	1
claflin university summer classes	1
biology 101 + lab summer classes orangeburg sc	1
prince video kiss youtube	1
mwo	1
nonktube	1
mrstiff	1
type 7 enneagram	1
fallout 4 1.5 load order glitch	1
dailymotion wwe payback 2016	1
2003 santa fe review	1
cld incense repellent	1
usc aiken quilt book	1
reading plan psalms	1
baby shower candy	1
quotes last days of summer steve kluger	1
saluda young farmer tractor pull	1
the density of a 12.0% sulfuric acid (h2so4, molar mass = 98.08 g/mol) solution is 1.080 g/ml. what is:the molarity of this solution?	1
the fireflies columbia sc	1
mompov.com	1
webs	1
rck60b23bx	1
paddle wheel steamboat impact	1
watch free tv online	1
craigslist charleston	1
dark souls 3 dreamchasers ashes	1
76 honda cb750 turn signal beeper	1
sold out lecrae lyri	1
how much should you save from your paycheck	1
biblical finance plans	1
parents don't file taxes fafsa	1
lgfcu	1
the narrow entrance to the gulf of aqaba is called the	1
mike mularkey,	1
equilibrium summery	1
cost per kg of mox fuel	1
4*mass/mu*p	1
eche 202	1
assessment students with disabilities	1
oral testing students with disabilities	1
tv guide	2
google news	1
espn hockey	1
mark messier	1
zesto newberry sc	1
ropinirole hcl	1
brownells return merchandise form	1
1860s old america file	1
crest financial	1
pornhub	3
webassign	1
free early childhood education courses online	1
unzip files online	1
vizio smart tv wont connect to internet	1
vizio smart tv does not show available networks	1
vizio smart tv wont stay connected to internet	1
risen 3 controller doesn't work	1
pizza hut	1
star wars kotor	1
nerd block	1
trail center north charleston	1
white faced storm petrel	1
american beech	1
scarlet king snake	1
coachwhip snake	1
bull snake	1
nikon d7100	1
best places to travel in january	1
gnova	1
single stage urethane auto paint kit	1
picdture of the largest penis on record	2
uga freshman orientation	1
terry nova	1
ethical issues in committing to mental institution	1
the long shadow	1
ford bronco2017	1
fairy fencer f	1
mauldin gyros	1
collabor88	1
roomstogokids	1
farmers furniture	1
how many five-letter sequences are possible that use the letters q, u, a, k, e, s at most once each?	1
days of our lives comings 2016	1
dometic sink stove combo	1
best tillers	1
supersod	1
square set timbering	2
butterick 4207	1
цукаты	1
salem's lot crockett realty	1
vintage real estate key tag	1
15hp kohler engine use ebay	1
15hp kohler engine use amazon	1
diy dog repellent	1
chili powder and dogs	1
chili powder to repel dogs	1
apartment ratings	1
flip style clock screensaver mac	1
can the hospital turn you away if you =cant walk	1
go forward synonym	1
millennial unemployment	1
south carolina baseball	1
marco's pizza	1
russell polo shirt	1
5 foot bush hog price	1
mattis fiction	1
tri county tech anderson sc	1
the development of a marketing database commonly leads to interdepartmental rivalries and can create major conflicts between a company and its advertising agency.	1
organizations are looking to achieve the synergy that can come when various advertising and ibp options reach the consumer with a common and compelling message. however, the difficulty that organizations face when deploying various media is that:	1
greenball 480-8	1
viper girls	1
investopedia pe	1
jennifer aniston naked	1
expedia	2
arkham knight patch	1
sex games	1
topaz exposure color stretch	1
harris teeter	1
pokedex krokorock	1
gif resizer	1
text symbols	1
silent military helecopter	1
how to remove corrosion from car battery without baking soda	1
why might some people have supported king's speaking out against the war ? why might others have opposed it	1
lowes range surface burner receptacle	1
amputee danielle	1
hushmail	1
battleborn gameplay	1
holly springs elementary school pickens sc	1
free nude cams	1
opinion outpost	1
koa campgrounds	1
homework help + 9th grade + water temperature drops + what happens to the weather?	1
a & s kinard	1
sonic boom fire and ice gameplay	1
aluguel de carro no val de cans aeroporto belem-para	1
babylock serger price	1
home depot	3
emco	1
clear sandisk memory card	1
subaru brz moonroof	1
why do people drive smart cars yahoo answers	1
why buy a bmw	1
cute petite pale skinned women	1
daunnette reyome	1
patrol escort vs advanced escort	1
fleet ship module	1
how to change rgb to cmyk in photoshop cs6	1
paint the town red	1
gang beasts	1
spiritual gifts	1
ap psychology barron's practice test	1
ap psychology practice test	1
north myrtle beach sc reclying hours	1
funeral urns for two	1
threads west	1
fox news	1
eye glasses	1
bluffton sc restaurants	1
preschool graduation invitation	1
preschool graduation prayer	1
charleston sc outdoor furniture	1
is there a legal way to do a egr delete on a cummins 6.7	1
do you have to use def fluid on a 2011 ram 2500 cummins	1
26mm deep well socket	1
temperature required to kill bacteris on produce	1
long term effects of food poisoning	1
adjust sprinkler head rainbird	1
hotels in greenville sc	1
mainstay suites in greer sc	1
david yurman labyrinth rings	1
given the network address of 192.168.5.0 site:quizlet.com	1
naruto the movie: guardians of the crescent moon kingdom	1
slither.io	1
simplify w[x-(y+z)]	1
am i ever gonna to see your face again lyrics	1
keep it	1
newspring worship	1
old pennzoil ad	1
youtube contemporary christian	1
watch amc on kodi	1
fallout 4 conf err pipboy	1
ocean lakes	1
nsafinder	1
how to read a d60 chart	1
krs mercury in 8th house	1
how to read a d24 chart	1
liberty university online	1
sigma 15-30mm f/3.5-4.5 ex dg	1
sigma 50-150mm f/2.8 price	1
tokina 50-135mm f/2.8 at-x 535 af pro dx	1
visa gift card	1
when not to list in an apa paper	1
animal crossing new leaf train schedule	1
total dismount	1
gcku	1
"dual 12"" sealed subwoofer enclosure for 20002 honda civic lx"	1
forge 1.7.10	1
torch provide light mod 1.7	1
minions mod missing resource folder	1
superglass mod 1.7.10	1
jeff phillips cardon surf resort	1
a student guesses the answers to all 10 questions on a true/false test. what is the probability that the student gets 6 questions correct	1
adult c2c	2
putlockers	1
carolina renaissance festival	1
factorio island	1
florence sc weather	1
irs tax code section 501 c 3	1
diablo 3	1
prezi presentation	1
li bai	1
drinking alone beneath the moon	1
theory of eatig six meals a day	2
eating six meals a day bodybuilding	1
formula for ethene etc	1
hartke hd25	1
serenity now yoga	1
day of the dead wow	1
lexingon medical center irmo	1
adipex and pcos	1
does a working metabolism make you warmer after you eat	1
change steam password in browser	1
shadowcaster hearthstone	1
tripadvisor pueblo bonito pacifica	1
t mobile	1
electra woman and dyna girl reboot	1
vox christi by philip wilby	1
johns island goodwill hours	1
lil wayne sex tape download	1
who is 8625654137	1
solitaire	2
fool me once shame on you	1
thai chicken recipes	1
mohinders review	2
costco recall organtic peas	1
shooting star the song lyrics by sounds like harmony tab	1
tessislink	1
stream tv	1
stephanie mcpherson	1
craigslist greenville sc	1
stowa	1
planning center online	1
alohatube	1
new pabolu running trainers women's review	1
chilis	1
carolina ale house menu prices	1
furman olli classes	1
sweet briar college	1
speed test charter	1
flash	1
capriole ct simpsonville	1
in about russell when rita beats	1
anthropologie	1
fsk mall frederick md	1
which real housewife are you	1
riding the cc	1
dragon age origins arcane warrior dps	1
free minecraft	1
telephone number for baymont hotel in coeur d alene id	1
oklahoma musical	1
www.scsu.edu	1
im serious im sorry lyrics	1
marshall ct.abbeville	1
minecraft forge 1558 1.7.10	1
undertale frisk	1
project free tv	1
school counselor resume objective	1
michaels careers	1
warframe trading prices	1
edgar allan poe single effect quote	1
josh norman	1
401k	1
cheap flights from gsp	2
how far is it from gray court sc to amelia island fl	1
turmeric uses	1
twitter	1
2016 nba award races	1
kent ds flexor mountain bike	1
carolina realty columbia sc	1
the herald	1
toys r us	1
y=x^2-4x+1	1
college of charleston computer science	1
common weeds south carolina	1
will muschamp	1
jaden smith	1
accounting jobs mt pleasant sc	1
jcpenney coupons	1
beeg	1
kickasstorrent	1
modway nba 2k16	1
youtube doo wop videos	1
items flying out of logistics pipes	1
beard and hair trimmer	1
workout routine	1
redbix	1
chinese seal generator	1
wylis	1
style elements	1
quill18 twitch	1
printmaster download	1
how to pass spanish placement test	1
kissanime	1
bamberg school district 1 calendar	1
the lion guard	1
nasira aladdin	1
"""in my top 5"""	1
triad moms on main	1
earthquake areas in colombia	1
lew rockwell	1
sc small business taxes	1
missionary baptist church	1
battlefield	1
keanu movie	1
exit to eden streaming	1
good majors for politics	1
bb&t money account prepaid card	1
i being born a woman and distressed	1
the expletive is an introductory word followed by the adjective	1
names of tangible objects are called what kind of nouns.	1
distribution systems _____ .	1
a company can use its resources to make shirts, towels, or sheets. it chooses to make shirts. any value given up from not choosing to make the towels or sheets is the _____ .	1
bus3040 unit 3 assignment 1	1
trick2g	1
dairy farm webcam	1
cow camera	1
haunted jail tour charleston sc reviews	1
a little party never killed nobody lyrics	1
ncbdaafg502523@gmail.com	1
retailmenot	1
holiday inn club member login	1
www.socialsecurity.gov/myaccount	1
rb turbo	1
slitherio	1
what does it mean when a girl blesses you	1
madrid masters 2016	1
project reality	1
funny lets plays	1
club pantheon	1
thorgy thor curb your enthusiasm	1
cofc fitness center summer hours	1
tori kelly	1
scion	1
columbia regional care center	1
south park doom wad	1
biblical contraception for christians	1
cf sauer jobs in upstate sc	1
publix pharmacy tech pay greenville sc	1
biology lab openings in upstate sc	1
wspa channel 7 news	1
vlookup	1
sceg	1
what to do if my financial aid isn't enough	1
caromont hea;th	1
conditionnel conjugation	1
how to lose 25 pounds	1
best workouts to lose spare tire	1
fat ab burning workout	1
first citizens bank	1
czech hunter	1
ways to earn money online for free	1
facebook.com/people/darren-hooper/100006208125961	1
watch dvdes-631	1
2000 cadillac deville chrome grills for sale	1
best free online movie maker	1
113 knightsbury ct, murrells inlet, sc	1
belk $75 off anniversary coupon	1
bbt	1
what is in a bare floor kit 7032	1
datagridview autosize columns	1
how to center data in datagridview column in vb.net	1
how to call an enum in vb net	1
charleston grand hotel	1
83 peninsula dr 29926	1
fgp international columbia sc	1
car and driver subaru xv crosstrek	1
elite dangerous borderless windowed	1
accuweather aiken	1
lolking irela	1
lol down	1
what grade do i neeed	1
orthodox easter	1
writing a resume	1
jaso (t903): jaso fb	1
franklin roosevelt	1
interior fuse box 2006 hyundai sonata 2.4l	1
flyfrontier	1
kijuan byrd.	1
reddit adhd meds	1
crossland economy studios atlanta	1
2007 nissan maxima injector replacement	1
best suv for the money	1
how long does thc stay in the system	1
basics of landscaping	1
northwoods mall	1
lineage logistics charleston sc	1
rosenrot lyrics english	1
legend of zelda ocarina of time shadow temple song	1
amazon prime movies	1
game of thrones putlocker	1
yea or nay for repeal civ 5	1
better third person mod minecraft	1
bukkit plugins	1
machinations define	1
fallout 4 nexus	1
historians and photography	1
black codes in south carolina	1
not a function error in js	1
pinehurst golf resort north carolina	1
ezekiel elliott gay	1
find your iphone	1
kinkajou	1
map mod for minecraft 1.8	1
legendary armor samurai troopers	1
overstock.com	1
l&b motors	1
santee cooper cabin rentals	1
gta san andreas apk	1
can i prune my augusta dwarf gardenias in spring in ga	1
online filmek	1
greenvile sc lgbt meetup	1
paladin stadium furman university	1
2nd grade princess stories	1
html color chart	2
south carolina unemployment	1
marine plywood thickness	1
mainre raiders	1
marsoc ranks	1
30 country lane hamilton nj	1
is atm equal to moles in gas	1
wave absorption spectroscopy ap chem	1
craftsman convertible cordless 18v hedge trimmer	1
deluxe.com/checks	1
wedding videography list of shots	1
dark souls 3 builds	1
nikon d3300 24.2mp digital slr	1
church chairs for sale sc	1
iheartradio	1
applicant tracking system applitrack	1
israel lucas construction	1
abstract case study	1
pwba	1
microtubules move chromosomes solely by disassembling at the spindle poles.	1
chromosomes move by disassembling microtubules at their kinetochore ends.	1
epson drivers download	1
espn nfl	1
appling 6 murder	1
how to set up my chrome castr	1
dna test ancestry	1
hey mama kanye	1
montpellier fc	1
pet rat's eye has turned white	1
pet rat lifespan	1
burrow 3-piece outdoor patio sectional set	1
braxton culler belle isle seating	2
anonymizer	1
4 wheeler obj	1
camera operator jobs california	1
when calls theheart season 4	1
kiki's delivery service jiji gif	1
usagi drop cat	1
convert webm to mp4	1
do sperm whales have predators	1
the oatmeal	1
delta airlines careers	1
classic car trader	1
18 batalion powietrznodesantowy	1
the state	1
ver peliculas	1
wwe network	1
watch high school musical 3 online free	1
nhentai	1
nameless king	1
tumblr	1
marine corps’ pearl harbor memorial flags removed	1
sc standards ela 2015	1
jobs in spartanburg sc	1
scratch	1
can free for all teamers get banned	1
"""rethinking public accountability"" michael dowdle"	1
when to use footnotes apa	1
gamecube	1
the angry birds movie	1
happy feet	1
warner bros animation	1
massage routine step by step	1
news 19 wltx teaching in rural areas	1
seoul cup decklists	1
samurai jack 2016	1
kongos	1
sc grand jurry	1
glow in the dark tattoo	1
erotic traveler johnny lone tree	1
nina mercedez	2
guyver 2005 torrent kickass	1
basilisk dual audio torrent kickass	1
copycat papas and beer guacamole	1
copycat guacamole	1
pico de gallo guacamole	1
chase	1
strawberry shortcake	1
thien duong manga the loai ecchi	1
hydrocortisone walgreens	1
agm battery charger vs standard	1
autocraft agm battery charging standard or smart charger needed	1
best battery chargers for agm batteries	1
smart battery chargers for cars	1
shoulder replacement video	1
food blogger ftc guidelines	2
maltese puppies for sale in sc	1
114 edgewood ave morganton nc	1
high performance network design	1
when to use a class a network	1
son of citation	1
silvereye fanfiction james bond	1
bourne identity fanfiction	1
links on your tumblr	1
the conflict resolution order for some mods with scripts differs from that of the corresponding esp. this may lead to subtle, hard to locate bugs. please first ensure your load order is correct! if it is you should re-order the affected mods (left list!) like this: move unmanaged: hearthfires after unmanaged: dragonborn	1
hbo	1
synchrony bank bp	1
club west	1
mobilehomeparkforsaledarlington,sc	2
mobile home park for sale sumter county,sc	1
nude smoking fetish	1
wahweap marina	1
don mealing park city utah	1
bdoutdoors	1
2nd and charles	1
order of the owl	1
play cds over bluetooth	1
tale of tales	1
dataw island club menu	1
smart door locks	1
how many people does the joker kill in dark knight	1
outer limits cry of silence youtube	1
boobs videos	1
what's the best electrode to use with a lincoln dc arc welder	1
what time of day is best to water tomato plants	1
andy griffith show the manicurist	1
dr. burnikel greenville sc	1
2007 jeep wrangler tailgate	2
town of gaston, sc ordinances	1
hiroyuki sawano best of vocal works [nzk] download	1
harley davidson chain wallet	1
rutracker	1
amazon hp 62xl	1
purdue owl chicago	2
verses about free will	1
pineville nc fire	1
gta san andreas cheats	1
ronald reagan	1
352 special engine video	1
1960 ford 360 hp video	3
oatmeal for dinner video	1
reverse image search	1
brand of plant food good for sweet corn	1
river watch cinimas	1
mlb nats schedule	1
atlanta braves	1
8th grade sc history standards	1
civil war economics	1
optifine'	1
google maps	1
old republic login	1
empiricism	1
is convervaism more governemtn	1
afl standings	1
louisiana state tax	1
lumetri cinematic 2 in 2015	1
webkinz	1
wren middle school	1
xhamster	1
shell la 2634 atf	1
using cannabis smoke for dogs pain management	1
andre emelianoff	1
sewing vinyl	1
grilling chicken quarters charcoal	1
3d mark	1
humane society columbia adoption	1
southwest	1
where does great northern railroad engineer sit	1
great northern railroad engineer sit	1
35 watt hid kit 2015 ram 1500 projector	2
make ecodiesel sound better	1
pivothead prescription camera glasses	1
go pro prescription camera glasses	1
hype train song	1
mat 155	1
charleston county jail	1
266 yale rd lexington, sc 29072	1
may motorcycle awareness	1
video converter ultimate	1
what does a squaretrade plan cover	1
chicken beak trimmers	1
foxnews.com	1
banco nacional mexico	1
dragon ball super english sub	1
medications used for recovery of a hip fracture	1
charleston craigslist	1
daniel wiseman a scientist for gres trans corp	1
harbour freight	1
weather underground	1
tortoise supply coupon code	1
baby sulcata tortoise food	1
2017 el camino	1
tower unite trello	1
best bodyrest recliener	1
square egg cooker	1
mavic cosmic elite	1
easton ea90 aero	1
williams system 31 review	1
to lower case in java	1
parseint integer in java	1
midway diner	1
exceptional by babyface	1
local florist in wilkes barre pa	1
harry and david	1
cargurus	1
peace be still stephen gjertson hd wallpapers	1
usa election	1
cost of chain link fence	2
nitrogen crystals 46-10-10	1
cheap urea 46 fertilizer	1
104 kendal court easley, sc 29642	2
what does fitzgerald describe the city	1
coldwell banker rental homes rock hill	1
anne springs close greenway	1
anne springs close greenway dog park	1
leagueof legends pvp kernel not working	1
hbo now accout	1
greenson failures of technique are forgivable	1
darby home co	1
use sardines in stead of fish emultion to fertilize vegetables	1
clara myers finkel allentown pa september 22, 1895	1
how to import contacts from yahoo to mail for windows 10	1
yaesu ft-1000mp mark v	1
coffee house haywood road greenville, sc	1
picasa on wdtv	1
box office mojo	1
birthday poems son	1
pub film the boy	2
houses for rent in mount pleasant sc	1
evenflo symphony installation video	1
hydrogen sulfide from detergent	1
papa johns	1
wofford soccer	1
kourtney kardashian	1
man fucks mare	1
itunes dosent see my ipod	1
how to authorize computer for itunes	1
mac winrar	1
turn down or turn off security preference on mac	1
metal.gear.solid.v.the.phantom.pain.full.unlocked	1
metal gear solid v the phantom pain cracked-3dm	1
metal gear solid v the phantom pain cracked	1
natalie cole	1
how to tell why computer slow	1
bloomington, mn to myrtle beach sc	1
uga car accident	1
blackwater scandal	1
yandere wiki police	1
tails skypatrol	1
outlook mail	1
bakery myrtle beach sc	1
avista resort	1
component vs composite	1
zaxby's menu	1
what top notch fitness center locker rooms consist of	1
strike price option	1
datpiff	1
anthony ciorra priest	1
astro iii clemson	1
how to create a life cycle in oracle	1
equal to or less than java	1
this process cannot access the file because it is being used by another process android	1
paranoia agent	1
read write to file android	1
java programmatic background android	1
cod multiplayer weapons gmod	1
cnn	1
arrl band plan	1
utorrent not moving completed downloads	1
netflix error code 52030	1
ivan gorilla paintings	1
436 calbrieth dr. north augusta, sc	1
ross dress for less	1
ajete berkshire	1
global warming implications for insurance industry wareen buffet	1
how to farm bamboo	2
best buasiness industries today	1
xossip	1
popular hairstyles in the 1986	1
fench 115 vocab	1
vascular dementia	1
brach's chocolate covered marshmallow rabbits gluten free	1
capella iguide	1
when was the lbgt flag originated	1
essay on lbgt	1
social worker responsibilites at hiv clinic with lbgt	1
medical case management with lbgt	1
buick suv	1
troybuilt 120 volt blower	1
ceiling fan number of blades	1
install intake gaskets on 3100 chevy	1
quickbooks online reimburse contractor	1
7155 meeker rd dayton oh	1
upholstery velvet	1
preterite vs imperfect practice	1
barbara areces judge office address	1
regatta real estate management inc	1
e file portal	1
philip s goldberg new orleans la arrest records	1
nissan dealership columbia sc	1
netgear extender setup	1
champions online forums all costume pieces	1
champions online canada	1
predator face rebreather	1
daikyu bow	1
champions online costumes	1
gballz mini	1
netflix.com	1
citicard customer service	1
ni america	1
us teen birth has dropped	1
caitlyn counter	1
how to start a conversation with a girl online	1
how to get a soothe bell in pokemon x	1
soothe bell	1
murrells inlet weather	1
lowes	1
venezuela money supply by year	1
resonant induction electrical	1
cynthia ozick the shawl	1
y	1
how to unlock a verizon galaxy s7	1
xin zhao masteries	1
katarina masteries	1
giant dad build	1
golden milk detox	1
science museum greenville sc	1
fallout 4 weapon mods	1
flight 7500 putlocker	1
what is a pickle-pee in dark souls 3	1
mandates of federal reserve	1
a client has been prescribed oseltamivir (tamiflu) after complaining of influenza-like symptoms. what information should the nurse provide for this client?	1
a client calls the clinic and tells the nurse that she has missed taking several of her contraceptive pills during the current cycle. what is the best instruction for the nurse to give the client?	1
larry wilmore white house correspondents dinner	1
draft grades nfl 2016	1
reverb	1
how to make a logo	1
free logo maker	1
limestone womens lacrosse	1
bluebird throw pillows	1
quinshad davis news	1
quinshad davis twitter	1
bowling chat	1
ruthless deathfang ruling	1
desi serials	1
carter showroom greenville	1
2012 honda civic features	1
ipl match csk vs kkr 2016	1
gmail.com	1
disney.com	1
ideal gas law questions	1
big bang theory	1
sc concealed carry senate	1
academy	1
houses for rent near asheville north carolina	1
midlands tech	1
the sims 3 music skills	1
adult flash games	1
part time jobs chapin, sc	1
camellia flower	1
incandescent vs fluorescent	1
pastor perry noble tattoo meaning	1
poptropica	1
importing spreadsheet into arcgis	1
sample new hire packet sc	1
www.priscillashirer/discerning the voice of god	1
stovetop macaroni and cheese	1
target weekly ad	1
dr chodas savannah ga	1
inv_shield_05	1
warcraft silencer reborn mod	1
southern vampire series audiobook torrent	1
kik online	1
john bonham	2
solo and ensemble superior	1
truth teen smoking pets	1
islands of adventure	1
mack rides	1
sfx coaster	1
girl drinks water for leafyishere	1
all meat dog treats	1
hotels hilton head	1
thorgal ftog	1
how to find balance in work in process inventory	1
how to find finished goods ending inventory	1
calculate variable cost high low method	1
how to find breakeven sales with reduction in fixed expense	1
best free cd copier download	1
canon mx922 ink	1
medical equipment companies near me	1
fha approved homes	1
1230 melton road	1
teen nonnude	1
dark souls 3 dual hammers	1
lost bluetooth hardware id	1
eso do i have to join a guild	1
target	1
tai lopez scam	1
larger settlements fallout 4	1
sonic	1
rcp fluid mechanics	1
stick of truth who should i recruit the goths for?	1
expelling your rival	1
the percentage of time your cpu is working is referred to as cpu ________.	1
during which phase of the system development life cycle are flowcharts and data-flow diagrams developed?	1
translating an algorithm into a programming language is called ________.	1
media types	1
chuck norris real name	1
xnxx	1
the presence of prokaryotes in the blood is known as	1
bumps on inner thigh	1
traxxas revo 3.3 setup	1
tyson foods columbia sc	1
what does the spanish word miko mean	1
mean calcualtor	1
worldguard api set region	1
golang read webpage	1
website creating search bar	1
website php search mysql	1
google console	1
web search box	1
damon wayans	1
bird strike	1
shmel pro-a	1
7mm	1
funko pop	1
"""highly effective teaching"" impact"	1
fire emblem midnight sun chapters	1
perhaps to start a sentence	1
google docs	1
office d epot	1
climax	1
pokemon gamestop codes free	1
galway girl chords	1
ims new researchers conference 2016	1
chevron store number 0304684	1
vanguard	1
town of salem codes	1
windows 8 toshiba laptop mouse not working	1
s	1
unctv schedule	1
princess feather flowers	1
connexus	1
kalamazoo gazette	1
robonyan yokai watch samurai episode	1
4k wallpaper	1
spartan ui vs bartender	1
spicy tranny	1
madison montag laundry porn	1
white redguard slider sets oblivion	1
smiteguru	1
www.nfl.com draft	1
mybenefits.dew.sc.gov	1
provide at least one example currently used in business for each of the matrixes and evaluate their benefits and limitations within the industry you chose.	1
an advantage of direct regulation as a method of controlling pollution is that	1
craigslist myrtle beach	1
j reuben long	1
hunger games	1
what degree for web development	1
sav arrival and departure	1
green magic homes	1
kelley blue book	1
foxsports 1	1
pep boys tire coupons for installation	1
is the hbo series called rome accurate	1
how often to use boric acid for vaginitis	1
linked in	1
oil plug and filter on 02 4runner 4x4	1
the whole problem with the world is that fools and fanatics are always so certain of themselves, and wiser people so full of doubts.	1
american express	1
is it more expensive using american express points for airfare or hotel	1
best ever vegetable lasagna	1
build your own easel painting	1
ezio x reader lemon	1
altair x reader lemon	1
express scripts	1
tom cruise	4
the century dictionary and encyclopedia	1
the century dictionary an encyclopedic lexicon of the english language	1
www.r18 movies	1
sanders on late term abortion	1
is my show cancelled	1
how to stream xbox 360 on twitch without capture card	1
how long to beat	1
samsung gear	1
mitch grassi fat	1
things you can do with your hair	1
how to get your ex back in 1 day	1
arrow season 1 episode 7	1
microsoft publisher	1
pewdiepie view count	1
takis	1
youtube to mp4 converter	1
twitter search	1
best secluded beaches in florida?	1
can i put a 9mm upper on a 223 lower	1
"does ""orange juice"" increase codeine absorption"	1
civil twilight	1
will time heal a rotator cuff injury	1
jon tron big tit twilek	1
imagefap	1
rachel riley	1
age of electric	1
slack group chat	2
donald trump running mate	1
mid carolina electric	1
naked boys and girls having sex	1
convert swf file into gif file	1
bali bras on sale code 3550	1
does helen mirren ahve a prince tattoo	1
watch spirited away english dub	1
rainmeter itunes variable	1
get windows to stop asking how i want to open a file	1
how to stop windows from opening certain file extensions	1
costco hours	1
serotonin	1
1966 ludwig super classic	1
factorio power plant	1
luang prabang	1
shin suikoden	1
ovulation liquid	1
wyff weather	1
parental manipulation kin selection and the evolution of altruism	1
2.4.3 tbc slice and dice tracking	1
espn3	1
bright light over myrtle beach sc	1
naruto turns into the nine tailed fox first time english	1
smite how to show bottom left on ps4	1
goggle	1
high heels for argonians skyrim mod	1
how to get workkeys scores	1
how to construct a confidence interval for the population mean with no margin of error	1
how to know if its a left or right tailed test	1
what you'll learn in a principles of management course	1
swarbourn	1
old camaro vs new camaro	1
least square regression calculator	1
probability of a and b	1
assume the random variable x is normally distributed with μ=50 and σ=7. compute the probability.	1
confidence interval calculator	1
forward contracts are marked-to-market on a daily basis while futures contracts typically are not	1
price of stock calculator	1
gross payoff per share calculator	1
capital asset pricing model calculator	1
future value of stock calculator	1
wild berry identification	1
how to determine the slope of a line	1
find the r of a line	1
at a school pep rally, a group of sophomore students organized a free raffle for prizes. they claim that they put the names of all of the students in the school in the basket and that they randomly drew 36 names out of this basket. of the prize winners, 6 were freshmen, 14 where sophomores, 9 were juniors, and 7 were seniors. the results do not seem that random to you. you think it is a little fishy that sophomores organized the raffle and also won the most prizes. your school is composed of 30%	1
a skeptical paranormal researcher claims that the proportion of americans that have seen a ufo, p, is less than 2 in every ten thousand. assuming that a hypothesis test of the claim has been conducted and that the conclusion is failure to reject the null hypothesis, state the conclusion in nontechnical terms. a) there is sufficient evidence to support the claim that the true proportion is less than 2 in ten thousand. b) there is not sufficient evidence to support the claim that the true proporti	1
newgrass brewing company	1
hk-51 guide	1
mtd scarafier blades	1
eagle claw spinning rods	1
loan calculator	1
bank of america online bill pay problems	1
liu concepts	1
tumblr doggy style	1
brown recluse in ny state	1
past thrice illustrious master	1
xenoblade chronicles	1
lewisburg pa restaurants	1
does transcendentalism focus on physical qualtities	1
cerra sc	1
attack on titan season 2	1
mac izle	1
how to start exercising	1
lloyd's ex skills	1
terraria best accessories for magic 1.3	1
top electrical nerve stimulation	2
keith sweat discography kickass	1
john legend discography kickass	1
mariah carey discography kickass	1
finishline	1
baptist churches in sumter sc	1
dr ralph tripp uga	1
adchoices remove	1
rainmeter cpu temp	1
pottery barn	1
mustard pretzels recipe	1
does the inertia of a body depend upon its energy content	1
what was handel famous for	1
watchseries.to game of thrones	1
juicygals	1
ccleaner free download for windows 7	1
powerful free antivirus software download	1
nepa data riverton dump jamaica	1
biological control of leachate from municipal landfills	1
