d3 ros calamity	1
heartburn remedy	1
great clips sioux falls kids haircuts	1
montana of 300	1
price of oil	1
porn stars	1
msn news	1
us 24 widening colorado	1
rc tekkit staff application	1
yahoo	2
ipad2 mini with retina replacement screen	1
kidnapped sex slave porn	1
fallout 4 nexus	1
slotomania free	2
imerssive hud	1
skyrim farm mod	1
skyrim eagal nest	1
dark brotherhood mod	1
trade routes skyrim	1
bob brinker	1
ed	1
bighead littlehead	1
examples of high titer low avidity antibody	1
how to get walmart receipt online	1
jane hampton cook napoleon	1
paladins failed to launch game	2
invokers set 2.4	1
lon thorns build	1
victsing shower radio	1
what percent of northern state university lives off campus	1
wal mart	1
slither io less lag modslither io less lag mod	1
minecraft nei 1.7.10	1
brodie mueller aberdeen, sd white pages	1
cropkingseeds	1
caribbean vacation spots	1
baymont inn and suites lakeville mn	1
spectra energy liquids	1
american country music awards	1
facebook	3
webadvisor sdsu	1
2011 kawasaki ultra 300 lx specs	1
swift miralac antacid	1
constitution mandates regarding indians	1
basement baseboard waterproofing system	1
hyvee ad	1
looping for anova	1
obs screen tear	1
ripsaw razer obs	1
ricky the raindrop	1
atdhe	1
reddit creampie gifs	1
duncraft	1
finest cooking ingredients black desert	1
baldur	1
mystery ranch	1
isaiah 43 clipart	1
dominos	1
youtube	1
digimon racing gba rom	1
kraft hockeyville 2015 winner announcement	1
brain games	1
faze roster	1
level cap for clicker heroes	1
escape from tarkov	1
unlocking the bible	1
menards	2
southern oregon seeds review	1
southern oregon seeds lemon og	1
dancer of the boreal valley	1
anoma hotels	1
total war kingdoms	1
pornhub	1
sims 3 store content free	1
design color schemes	1
coach f18820	1
mortgage payment calculator	2
does taking pancreatin cure diabetes?	1
swensons bro marine	1
replace front shocks 1966 mustang	1
riding lawn mower	1
walmart extended warranty laptop	1
hotmail.com	1
color contacts online	1
prescription eye contacts colored	3
prescription contact lenses color	1
john deere db series decals	1
compre electric toothburshes	1
consumer reports best electric toothbrush	1
can you sue an insurance company that your not a policy holder with	1
model a rollcage	1
craigslist	1
belkin iphnf8z894ae	1
a midcap stock is one issued by a company that has a capitalization of up to $300 million.	1
f the record date is friday, april 7, then the ex-dividend date is tuesday, april 11.	1
leisure living salem sd	1
mtk usb driver windows 10	1
wine awesomeness promo code	1
keira knightley london boulevard	1
game of thrones season 6 episode 3 teaser	1
kiki williamson rapid city xxx	1
ideal protein alternative plan	1
mobilehome parks for sale	1
undead bone shard locations dark souls 3	1
aston shores at waikoloa	1
kona hawaii thhings to do	1
ora lohr flandreu sd	1
coal tar soap	1
yamaha super tenere accessories	1
craigslist sd	1
big e	1
myrosinase activity	1
"nub by oliva 358 cameroon (gordo) (3.7""x58)"	1
"joya de nicaragua dark corojo el martillo (5.5""x54"	1
man o' war humidor - 100 capacity 100 capactiy	1
windows 10 disable sign in screen	1
dish network	1
depo shot severe cramping	1
jonah hill gif imgur	1
buick park avenue	1
general rand	1
1980s tama swingstar double bass	1
dns_probe_finished_no_internet	1
how far from sedgwick co to edge mount sd	1
stress level wine labels	1
straight talk	1
sears push lawn mower sale	1
game of thrones	1
棋靈王	1
home remedy for healthy stomach	1
farming simulator 2015 mods	1
kof 2002 um orochi chris	3
cerafill hair product reviews	1
youtube videos to gif	1
youtube video to gif with text	1
twilight zone the arrival	1
longwood the bronx	1
pike county ohio	1
united nations millenium goals	1
icum creampie	1
fallout 4 crafting menu broken	1
nani ni shimasu ka	1
ultimate vault hunter mode.	1
precipitation sioux falls	1
mid america council boy scouts	1
internet live stats	1
internet facts	1
how to cite a government website	1
nascar games	2
email	1
chad becker racing	1
driftless area big trout	1
blagsvedt creek	1
organic farming in eastern tennessee	1
joy henderschott mason city,ia	1
principal quantum number n	1
energy balance concept	1
mprove cardiorespiratory endurance	1
hispanics have the highest rate of diagnosed diabetes cases	1
charles stanley	1
pinterest	1
track wrestling	1
omaha nation	1
debenhams	1
phone stylus how it works	2
delegate count	1
classroom	1
3.3.5 client	1
wow 3.3.5 download full client	1
weather	1
valley city state university	1
boys and girls club brookings	1
what is the paleo diet	1
stainless steel tfv4 coil	1
head wrap for short hair	1
plantar fasciitis	1
big bang theory	1
judge jeanine	1
ron perlman	1
minecraft maps 1.9.2 planet	1
f	1
fashionback.com wyskakujące okno	1
final fantasy customer support number	1
danica patrick fappening	1
you]	1
s d lottery	1
matthew shepard and james byrd jr. hate crimes prevention act	2
matthew shepard act summary	1
history of violence against lgbt in america	1
mail.yahoo.com	2
levelling guild hall guild wars 2	1
whitepages	1
benjamin 397	1
gravity google	1
journal of virological methods	1
colapso de traqueia medicamentos	1
criminal case potato chips	1
the fall of innocence episode 032	1
the feminist approach	1
types of feminism	1
baked broccoli	1
what is the wavelength of the longest wavelength standing wave pattern that can fit on this guitar string?	1
jayron kearse scouting report	1
what is the magnitude of the magnetic force in figure (a)?	1
office 365	1
no skill decay rimworld mod	1
gallstone jewelry	1
la times crossword solution, 1 may 2016	1
rhubarb banana muffisn	1
chevrolet 3932688 block casting	1
best child car seat for airplane travel	1
gog in the bible	1
zedekiah	1
wow beta test invitation	1
bolivia salt flats	1
windows 7 games for windows 8	1
dragon age inquisition truth or dare a dangerous game	1
ford ranger for sale near me	1
9th & bay morehead city nc	1
scott grady morehead city nc	1
1508 dill street morehead city nc	1
losmovies	1
agar.io sx	1
eddie bauer	1
photography how to	1
edison bulb	1
restraunt supply store	1
lego worlds items	1
rcas	1
hummingbird and roses	1
