2x4 garage shelves	1
pointer to vector c++	1
chicago cubs	1
hearthstone search gold cards	1
youjizz	1
xvideos	2
suquamish tribal council administration building	1
helmets with hair skyrim nexus	1
unitedairlines	1
red roof east york	1
relay for life donation percentage	1
90 of earth's crust	1
mineral families	1
three factors which made the slopes of mt. rainier	1
wsu housing	1
icon location is missing	1
blade chevrolet	1
emerging technology and social change	1
new water filtration technology third world	1
ebay	10
buffalo springfield	1
holiday inn falfurrias, tx	1
planetside 2 ps4 premium	1
planetside 2 max 2013	1
bubble butt redhead teen	1
perfect teen ass	1
game of thrones season 6 episode 2	1
received i 797 notice of action now what	1
saberforge	1
marijuana history	1
asthma and shortness of breath in middle age	1
yachtworld	1
boat trader	1
buy viagra	1
viagra super active vs professional	1
erenterplan	1
2016 toyota camry hybrid	1
irish independent	1
unum dentists	1
classroom	1
scty stock price	1
dispute credit report free	1
southwest	1
information about sumerian city-states	1
runescape friends chat	1
how to prune hops plants	1
pig calling sound	1
eroprofile	1
the grande hall at hofmann ranch	1
seattle	1
best dimensions for facebook ads	1
scenes de ballet	1
mahler symphony 5 in c sharp minor	1
ionic compounds	1
sulfate	1
canvas	1
uw colloquium physics	1
abhay ashtekar	1
power play	1
when a man is getting ready to flip out how to put him in check	1
poetry contest may 2016	1
android sdk	1
fun song spongebob video	1
youtube gaming	1
엄마와 함께하는 제주여행을 계획하며	1
jeju international airport car rental	1
제주 승마체험 입장료	1
russell westbrook outfit	1
5.9 magnum specs	1
5.9 magnum stroker torquer camshaft	1
ups tracking	1
cost for a new aint job on a ford mustang	1
marketing plan sample	1
fallout 4 dlc	1
what are the protests in seattle	1
batman 1989	1
stewart warning signal model 114-a	1
auctions near me	1
caldwell,idaho,birth records	1
chain rule	1
maps	5
how to change the monitor that the slide show plays on in open office	1
the importance of hospital in sdgs	1
basic need of people in development	1
health as human need	1
rope making	1
olypic gold medlist dryke	1
buisness card template for hp printer	1
vertical business card template	1
howw to make earbuds work on a pc	1
cannawide	1
sacramento wiki	1
spybot search and destroy	1
talkbox vst	1
talkbox tube	1
nox app player how to change the time	1
sharing sound clips	1
how to weld	1
franklin park yakima summer concerts	1
novalogic angel falls	1
washington healthfinder	1
fairy tail manga wiki	1
can you smoke kief alone?	1
demarchi mosher and crawford mennonite	1
marvel symbiotes	1
tests to determine vitamin deficiency	1
polynomial calculator	1
which of the following statements are true about the role of women in a western?	1
antiok adaption	1
youtube	9
comdot	1
hotmail	4
advantage and disadvantage of omnivores	1
plant nurseries in sequim wa	1
set up ssh keys	1
create .ppk	1
king county assessor sales data	1
increased gas	1
windows defenderwhat to do to make nvidea control panel from losing all data and changing resolution everytim pc has been turned off	1
will a gtx 960 graphics card increase electric bill	1
brewers hardware windscreen	1
270 win from the bench	1
dennis severs house	1
texas birth certificates mexican id	1
pell grant application	1
abc ya	1
bing	2
worldgorger dragon + animate dead	1
th7 base	1
finish line	1
bc flycatchers	1
centurylink	1
how to make canadian bacon	1
can i get an interest only mortgage	1
wireless assurance	1
washingtonpost.com	1
top pornstars 2015	1
windermere	1
target	2
kaisa yeh pyar hai story	1
google	6
uw tacoma rn	1
best games for android tablet	1
epic rap battles of history	1
chris farley motivational speaker	1
michael clarke duncan	1
f-1driver killed 20 years ago	1
ncis bloodbath full episode	1
textron internship	1
redyoutube.com	1
armed & dangerous: cut & run series, book 5	1
uw tacoma state university population	1
peerless watercolor pack	1
good quality watercolor for good price	1
allusion	1
tom gau	1
big order anime	1
how many toothpicks are needed for the 20th figure	1
log cutting stand plans	1
horse stall mats	1
rubber mats	1
mercury 9.9 bigfoot water from front of lower unit	1
game of thrones season 6	2
how much food do whales eat a day	1
citibank	1
sg&a	1
value error excel	1
tax rates for companies that post a loss	1
how many oz in a liter	1
pepsi bottles price 6 pack	1
sodastream wiki	1
lea michele nude	1
arracadas tane	1
extreme injector	1
wamaps	1
high-rise	1
establishing a foothold gw2	1
electromagnetic glider gw2	1
wow board game	1
what are test drivers in c	1
two dimensional array c	1
how is herpes spread	1
forced body inflation	1
aqw omega shot	1
permafrost legionaire	1
crumb cake	1
axalta sun gold	1
emily van camp	1
tv shows set in arkansas	1
city north by northwest	1
hope van dyne	1
stack multiple letters in a single spot	1
rooster teeth	1
crunchyroll controversy	1
exemplary descriptions in fiction	1
940 york	1
craigslist bellingham	1
how to semaphore to synchronise 5 processes based on a acyclic graph	1
lindane	1
home vinegar tester	2
экспрессионизм	1
google maps	6
why is swamp people ending	1
constantinople	1
lordship wiki	1
demesne	1
just war	1
minerva yi federal way	1
food in a tub	1
vegetable alcohol	1
weeaboo	1
how to make a starbucks white chocolate mocha	1
blackberry cheesecake	1
vinlocks coupon	2
national public high school rankings	1
best buy	1
may day seattle 2016 westlake	1
breadwinners	1
как посадить блубери	1
earthbound anti piracy	1
ogden utah	1
sidwell friends school	1
hiking and fishing in northern california	1
rockefeller forest	1
redwood forest sonoma county ca	1
23andme	1
slitherio	1
fu ge la	1
skyrim penis bend mod	1
game of thrones	2
decent or descent	1
fred meyer furniture delivery cost	1
fred meyer	1
real estate license course wa	1
olympia school job	1
tore gustaffson marries	1
i have dark spots on my face	1
spokane craigslist	1
bloomsday 2016	2
ダイスゲーム dlsite	1
torrid	1
avanity modero-vs60-cg	1
unlucky robber	1
love language test	1
yahoo	3
kehinde wiley a new republic	1
fedora 24	1
bloomsday race	1
raritan marine toilet	1
madthumbs	1
girls episodes	1
scrivner family reunion	1
barnes and noble	1
more pathfinder sources for pc gen	1
tmz	1
chuckanut falls trail	1
weird teeth animals	1
mattress	1
vine	1
mega.co.nz jayden jaymes	1
hollie fowler washington	1
dna hrblock login	1
star alliance	1
22904 e schniedmiller ct	1
4314 e winfield rd	1
10620 n judkins ln	1
508 e piper glen rd	1
townhouses in brighton ny	1
strathmore	1
strathmore circle apartments rochester ny	1
what level can you use dwarf cannon	1
girl fucked by donkey	1
group of girls	1
synchronicity movie	1
healerite book of stones	1
mia malkova instagram	1
mia malkova butt	1
plastic grocery bag pollution	1
hundred anime	1
hundred	1
how did smoke elser get his name?	1
demographic transition	1
raoh den gekitō no shō	1
kcon 2016 lineup	1
king county democratic party caucus hazen	1
nioh revenant mechanics	1
can you get diarrhea from low activity	1
diarrhea from low physical activity	1
the ph of a 1.00 m solution of urea, a weak organic base, is 7.050.	1
klipsch subwoofer not showing up in manager	1
astro a40 dolby button on or off	1
how to reset increaseuserva	1
vision marvel	1
mahjong	1
nala/scar	1
pandora	1
advil pm	1
find an equation of a line with the given points	1
mulch vs garden sooil	1
bing maps	1
if you are accused of over intellectualizing what are you doing?	1
g900fxxu1ane2 firmware download	1
sm-g900v 4.4.2	1
heraldnet	1
chicken chow mein	1
6 meter j-pole antenna plans	1
adam levine tumblr	1
cnn	1
stull, kansas movies	1
21:9 用途	1
puss in boots already our minds are becoming one	1
sonypictures/uv redeem	1
my name is asher lev review seatle	1
bike trails seattle	1
dan avidan	1
face	1
fitbit	1
hollywood bowl 2016	1
jackie salyers	1
bellinghamherald.come	1
esophagram contraindications	1
summoner war tier list	1
hunter's wife wenatchee	1
ms medications	1
how to say iwan rheon	1
jetta s 2016 mudguards	1
russian sleep experiment	1
cyan x moa hentai	2
show by rock hentai	1
the amazing american circus poster	1
wsecu	2
bourdieu 1993 symbolic capital	1
wsu registrar spring 2016 grade submission deadline	1
oakland raiders	1
godzilla final wars	1
battlefront base content	1
chất xúc tác là gì	1
fancy symbols and letters	1
philophobia synonyms	1
1763 european history	1
1848 european history	1
usa army stations	1
works cited	1
husker extra	1
reckitt benckiser	1
step 2 roller coaster	1
brumark	1
bravely second new game plus	1
miniclip	1
how to tie a tie	1
alexander hamilton	1
how do you stop windows 10 upgrade reminder	1
andres michael bought a new boat. he took out a loan for $24,500 at 4.5% interest for 2 years. he made a $4,500 partial payment at 2 months and another partial payment of $3,000 at 6 months. how much is due at maturity?	2
barebackrt	1
sarah palin north south korea both japanese	1
cached pages	1
kia forte wholesale price	1
atlas motors portland review	1
subaru portland	1
aunt caught	1
craigslist seattle	5
rikers in dz	1
浩克	1
唐子涵	1
铳骑士 cutie☆bullet	1
"what makes thc (in marijuana) a ""hallucinogen"" (no, it does not ""cause"" hallucinations)?"	1
at about age 11 in girls and age 13 in boys, a surge of sex hormones triggers the onset of	1
stage of cognitive development	1
williams sonoma	1
alaska spratling rugs	1
black chain link fence	1
massey ferguson oils	1
foundation vent well	1
legislative districts congressional washington state	1
google.com	1
chase.com	1
ted talks the power of vulnerability	1
water runoff control kitsap county	1
peterock inc	2
how to get silicone off floor	1
cold harbor ballista	1
central skagit medic one yvonne	1
manga here	1
roll20	1
literotica	1
wapato point resort	1
thai keyboard	1
attended jondachi set 2016	1
dinner ideas	1
omorashi	2
papa murphy's order online	1
shelly lindenberg	1
ampoules detox foie	1
snoqualmie hike	1
pornhub	6
salmon fishing closed	1
tabitha babcock	2
camping, incest, stories	1
iseries exported imported variables	1
legend of korra wallpapers	1
webester	1
powermater generator not outputting power	1
donnerwetter	1
what's above a gtx 980 ti	1
ibanez j custom ebony	1
blackmachine	1
discovery bank	1
popmoney	1
prepaid debit card ach loading	1
gaming websites echeck deposit	1
sim-ple	1
free download shrek movies	1
what is jurisduction of port ocrhard police	1
pubmed	1
or meaning research	1
facebook	27
analyzing author for synthesis essay	1
literal meaning of edict	1
how much do pet bats cost?	1
nsync backstreet boy movie	1
effects of eathing apple seeds on the liver	1
craigslist wenatchee honda pilo	1
naked wives	1
blicks	1
jerry baker death	1
paypal.cmo	1
bleach online	1
beeg.com	1
brightspace	1
infinity the game what can hector link with?	1
john andrew gjefle police report	1
矢吹ちはる】【矢吹ゆい】母娘でａｖ出演 torrent	1
kitsap indoor soccer	1
king5	1
parque en coyoacan	1
las mejores cojida amateurs en la cocina	1
colonia morelos d f	1
ted cruz attendance record in senate	1
what does a black chef hat mean	1
ian kennedy	1
sarrasin definition	1
lamborghini	1
915 6th ave. tacoma	1
where is the witch doctor set dungeon season 6	1
how is dress code inforced	1
functional skill resume example for payroll	1
game of war	1
diego chara t shirt	1
vierd blues	1
how to measure your exhaust pipe size	1
names of greek gods	1
how to make a minecraft server cracked 1.7.10	1
nada motorcycles used	1
my hero academia chapter 89	1
boku no hero academia chapter 89	1
trigger sheduled restart with warning win7	1
st therese robert barron	1
stana katic leaving castle	1
asrt	1
pcc recipes	1
dymo label maker	2
what am i looking at mod	1
the blaze	1
ohio zip codes	1
david baldacci the hit	1
95 w124 cupe rdio upgrade	1
w124 coupe exhaust upgrade	1
swollen ridge under tongue	1
runescape monkey trinket	1
end of year ap calculus projects	2
issaquah	1
restarting mars core	1
c'thun hearthstone buff	1
ip geolocation	1
obama saying fuck	1
gamefaqs	1
bollywood costume	1
washington state school discipline laws	1
in which ways is judy like her father	1
revel	1
toulouse petit coupon	1
land yacht stores	1
nuclear fusion	1
king 5 weather	1
can i use a 360 controller on bioshock	1
trump in spokane	1
kayak flights	2
new on amazon prime may 2016	1
seattle news	1
up full movie	1
dell drivers	1
white bluffs hike	1
bechtel planetarium	1
im pimp sound effect	1
foam join two twins into king size bed	1
stillwater kennels collars	1
nudes on netflix	1
premier league	1
petfinder	2
parkrose school district	1
class pass	1
six pack app android	1
thunder vs spurs	1
craigslist	14
1755+22	1
piragua lyrics	1
ecsa women's softball	1
comcast.net	1
trader joe's lynnwood wa	1
difference of two squares	1
perfect square trinomial (-)	1
factor the perfect square trinomial of a^2-8a+16	1
z'd garurumon dmo	1
brad sams	1
dungeons and dragons site:youtube.com	1
1d4chan	1
dungeon and dragons weapons pdf	1
jesuits in the sda church youtube	1
disadvantages of drinking water	1
american standard 2422v002.020 evolution bathtub with dual molded-in arm rests, undermount option, white $462.15 free prime shipping once available det	1
reversing string c#	1
pressure washer parts	1
serum creatinine test levels for children	1
bird bouncing off cat	1
pheobe	1
freya	1
oh death where is your sting hosea	1
dispensationalism heresy	1
acts 2	1
lake nicaragua sharks	1
joey hunt	2
campsites near index wa	1
how to burn a tang into a handle	1
spring bow pen	1
the mail filmosound	1
umbrage with	1
red sparowes	1
textnow]	1
burger king card league of legends	1
7 day quick diabetic meal plan	1
meal plans for weight loss	1
bbc beats white wife cuckold	1
xoom	1
fury the tales of ronan pierce	1
coastal farm and ranch	1
booking.com	1
good diet breakfast	1
arsenic and old lace film	1
vandal savage	1
pour some sugar on me chihuahua vine	1
vive	1
how to ease sciatica pain while sleeping	1
night of the stars	1
blessed thistle medicinal uses	1
wa lottery	2
noah lukeman how to write a query letter	2
mexico and art and history	1
lorenz books	1
restaurants in kona hawaii	1
alaska airlines	2
a financial information system (fis) includes:	1
sugar,sugar 3	1
nick (mark umbers)	1
the catch	1
fabric stores in sequim	1
yahoo mail	2
women garden boots	1
blacklight for hand washing paint	1
nexus telecom	1
wife is pregnant is it safe to have a threesome	1
creampie threesomes outside	1
is fornocation in the bible or is it man made	1
human penis size	1
amateur slut wife bareback creampie gangbang	1
black and white game steam	1
mohela	1
evergreen mountain bike	1
belltown seattle	1
skyline centennial park seattle	1
silent spring spark notes	1
wedding invitations	1
men's wearhouse	1
pokemon available in safari zone yellow	1
webstagram	1
name one other cause besides the eruption of massive flood basalt volcanoes may have caused climates to change at the end of the permian period.	1
billy joel fan club official	1
circle round for freedom	1
enchantments permit cost	1
what oil brand does grease monkey use	1
biglots 10x12 sun gazebo	1
everett downtown storage rucker	1
pisces man aries woman	1
how much will my condo rent for	1
tdameritrade	1
sanderson field takeoff weather minimums	1
aim 5-2-8	1
final approach fix	1
metro 2033 redux spartan qte	1
khan academy	1
wells fargo	2
inscriptions in westminster abbey	1
digitool torque adapter	1
what is the issue with no fly zone over syria	1
grays harbor wa legislative district caucus	1
line numbers intellij	1
vanilla database	1
bfgminer	1
bitcoin mining software	1
senior parks are not affordable in south seattle mobile home parks that is	1
joann	1
hobby lobby	1
michaels craft store	1
garen counters	1
portside construction jacksonville fl	1
big fish games	1
final fantasy negative one	1
easy bib	1
3/4 view gaming	1
d&d 5e standard array	1
djinni names	1
operation rathuum	1
how is arby's roast beef made	1
target.com	1
wa state leasing law at hotel	1
ksp inteplanetary-transfer-calculation	1
evga	1
black desert crashes pc	1
training guide black desert warrior	1
ansatsu kyoushitsu	1
ansatsu kyoushitsu season 2	1
black desert how to finish so this is anger quest	1
smoking caffeine pills	1
injayzbrain	1
shoreline cbvas	1
may madness 2016 ford sports	1
metlife dental	1
how to know which fruits are in season	1
janome hd1000 stitches	1
ew scandal recap	1
rachel comey vogue patterns	1
lordsofpain results	1
a spartans war chronicles	1
tosylhydrazone diazonium	1
of monsters and men – wolves without teeth (cloudchord remix)	1
steven raichlen t bone	1
variks voice actor	1
myspace wiki	1
how many gallons of water in a 12x20 pool	1
oliver janz sc eltersdorf	1
letter to co navy	1
doppelganger jumpscare bo3	1
baking soada vs bedbug	1
whats faster then google chrome 2016	1
jt eaton kills	1
does plastic bed protectors stop bed bugs	1
ancestry	1
columbia point sports kennewick	1
indeed	1
hillary clinton	1
daniel berrigan	1
whcd 2016	1
sound transit	1
spybot search and destroy free	1
coffee facts	1
describe coffee	1
fold over yoga pants 2x	1
fred meyer seattle	1
d3 firebirds finery	1
how do i make greater rifts go up faster	1
victoria secret	1
difference between magnesium malate and magnesium citrate	1
how to get your cat to use the litter box	1
usurpation of fire explained	1
adderall dosage	1
erythritol	1
where are ipod songs stored on computer	1
500 pound capacity recliner	1
recliners high capacity lift	2
russian women in us	1
horrib'	1
big data job index	1
pullman city wards map	1
vikings select moritz	1
moritz boehringer	3
plastic paints	1
mod podge	1
mod podge for phone case	1
equivalent of 1 5/8	1
16 bit porn	1
saying when you stare into the abyss	1
euron greyjoy	2
trafalgar	1
zillow.com mosier, or	1
srent secluded cabin	1
yify movies	1
rams draft jared goff	1
tyler higbee	1
how to measure the length of a shirt	1
cobra jet car for sale	1
428 cobra jet forsale	1
playstation network	1
acculturation scale for african americans	1
pray	1
grim dawn convert cloud save	1
national educational television logo	1
www.foodhandlerscard.wa.gov	1
skinny teen girl huge cock	1
disvision anti-cheat	1
what are the key quests in mh4u	1
what is a savage deviljho	1
benerro	1
us open cup	1
bmo field renovation	1
l&i.wa.gov	1
formula for confidence interval statistics	1
emilyispro cancer	1
wicca spells	1
fix my blur-ray player qosim	1
gluten free vs wheat free	1
norco assembly hall schedule	1
volvo v40 weight capacity	1
gluten free pizza crust	1
raised bed path gravel lay under	1
home depot concrete wood tile	1
xxx video	1
kid rock feel like making love download	1
larry wilmore	1
best mpg trucks any year	1
eugene oregon city data	1
customer service in law enforcement	1
mount and blade warband mods	1
freemmostationb	1
import bitlocker key	1
preview photos in windows 10	1
vintage travel trailer a frame jack wheel	1
robin hood coach cadette	1
washington state fishing license	2
2002 vw passat 1.8 turbo replacing turbo	1
281 moscow school district	1
does cryptolocker affect network drives	1
伏地挺身 肌群	1
wizardy on phone	1
the correctional officer: a practical guide (2nd edition). by gary f. cornelius.	1
wrestle kingdom 9	1
elizabeth banks	1
antonio's teachers in bless me ultima	1
dictionary	1
two carts, a and b, are initially at rest on a frictionless, horizontal table. a constant force of magnitude is exerted on each cart as it travels from the first mark on the table to the second, after which each cart glides freely. the mass of cart a is less than that of cart b. is the kinetic energy of cart a greater than, less than, or equal to that of cart b after the carts have passed the second mark?	1
watch series jane the virgin season 2	1
megashare jane the virgin season 2	1
kanaya says fuck	1
amazon	10
seattle mariners	3
barn pros	1
cover letter format	1
indie rock and roll tab	1
smite escape the underworld	1
north cascades highway history	1
soundcloud	1
council for interreligious dialogue bosnia	1
game of thrones season 6 episode 2 stream free	1
game of thrones season 6 episode 2 watch online megavideo	2
electroportal 500w motor	1
tube tycoon	3
st john's waltz lyrics	1
high cholesterol values	1
affordable metal homes	1
steel house kits	1
best steel home kits	1
beachbody p90x dvd length	1
begin again keira knightley	1
facebooklogin	1
facebook login	4
watch raptors reddit	1
how to add a gable roof to a front porch	1
league of legends reddit	1
mai ly nude	1
kindergarten story map	1
assign macros to the quick access toolbar in word	1
edit garmin recently found nuvi files	1
garmin nuvi 2689lmt remove splash screens	1
popcorn time	1
google translate	2
henry bedinger ambassador to denmark images	1
2 liter bottle crafts	1
little red corvette prince youtube	1
mad god	1
lower level seating for seattle marniers	1
toyota corolla colors	1
prius colors	1
newshosting	1
readdit	1
ocean nail and spa port orchard	1
midnight special	1
vocabulary from classical roots vs wordly wise	1
adel	1
exterior lighting collections	1
german smear on brick	1
dolar hoje	1
stream all this	1
famous people paralyzed	1
waterparks in tacoma, wa	1
2536535408	1
grand archives dark souls 3	1
regions of america	1
definition of culture	1
edward field	1
dark souls 3 sorceries	1
is corn a vegetable	1
breakthrough nd filter	1
distance to nearest habitable planet	1
how did knight templars get started	1
ridgid lifetime warranty	1
kotor lightsaber crystals cheats	1
kotor kill freyyr	1
the carpenters superstar lyrics song meanings	1
pcsx2 cheats ffx international	1
ww2 veterans	1
disney computer	1
hobart 660	1
vs9-13 shredder	1
ffxiv hall of the novice	1
ffxiv soul crystal	1
turtle beach sound quiet	1
define niccing	1
carter yh carburetor for sale	1
zz top	1
where does the front license plate go on 1997 pontiac?	1
csgo dragon king vs bullet rain	1
csgo lounge profile kamimodoki	1
d&d 3.5 races	1
dnd 5e character sheet	1
tiefling female	1
endearing names	1
risk premium	1
risk aversion insurance demand	1
washable cloth bum wipes	1
army list of ranks and who they command	1
can u play crowfall with contributor bundle	1
sculpin scorpionfish	1
gmail	5
dark souls 3 dark sigil	1
errors that affect the outcome of experiment	1
you saved the cheerleader so we could save the world	1
gridiron condos	1
space engineers heavy armor mod	1
hypothyroidism grainy vision	1
amc sensory friendly schedule	1
straight talk	1
cracked bad egg into dough	2
lawren harris	1
moto e	1
hey soul sister lyrics	1
dark souls 3 alva set location	1
kevin from work	1
zelda yuga kefka ganon	1
the weekend can't feel my face	1
error found in custom ui xml access	1
craigslist kpr	2
thirteen yards in 0ne second	1
dishwasher cleaning	1
starbucks	2
dr keller slippers	1
outlet collection auburn	1
fire emblem fates what skills can be passed down	1
north to alaska karaoke	1
sears outlet coupon code	1
speedtest	1
speed test	1
drama tv ru	1
nba	1
minecraft 1.9 texture packs	1
minecraft 1.9 ocd texture pack	1
where is chrome bookmarks	1
debbie quarrel	1
autotrader	1
jobuds	1
kentucky derby odds	1
awd sedans	1
bicycle commute	1
1/4 steering arm	1
22006 redmond-fall city rd, redmond, wa	1
mount si high school	1
healthpoint bothell	1
my starbucks card	1
personal chef seattle	1
college station hospital case management department	1
is atp short term energy	1
does carbon dioxide have more energy than glucose	1
kohler k-3086	1
weather underground	1
piano	1
electric organ	1
continental cargo	1
smoked brisket	1
wdfw.wa.gov/accessibility/road_ access.html	1
danmachi wiki	1
death letter blues	1
aerocart review	1
pirate bay	2
6770 laurelhurst drive northwest, bremerton, wa	1
how to clean aggregate driveway to seal	1
john rova	1
kohl's	1
attaching feathers to dreamcatcher	1
linn lm-1 drum samples	1
snapper fillets	1
13338 orden dr santa fe springs, ca 90670	1
remax	1
belfair wa	1
vance creek bridge	1
cpa exam windows	1
computer science	1
scientific anglers	1
skagit county	1
automatic fly reel instructions	1
charlton reels	1
netflix	4
moscow plant sale garden club	1
tuesday growers market moscow idaho	1
who is the widow in the taming of the shrew	1
did the play macbeth influence elizabethan society	1
bada tv	1
oakridge 5k, oregon 2016	1
youtube.com	2
santa barbara earthcam	1
common interview questions	1
sounds of pleasure	1
wade miley	1
sunshine nihonkai	1
hbo now	1
martin espinoza public information	1
lq9 crate engine stock dyno	1
deer creek apartments airway heights	1
mirror's edge soundtrack review	1
recreational hunter	1
plant architecture	1
staples canada	2
protein rich foods	1
gmod rp sever gameplay	1
shania twain	1
us army jungle hammock	1
loom bracelets easy step by step	1
reverse image search	1
uline	2
lumene vitamin c+ radiant beauty drops	1
naked and afraid double jeopardy kassy	1
once upon a time what time pacific	1
allahu akbar song	1
jon snow	2
diablo 3	2
sherlock holmes in washington	1
frontier gate farming points	1
apple store bellevue square hours	1
baby 30 weeks	1
voyager blink of an eye	1
dave coke is hella a drug	1
sully mathis	1
chicken breast recipes	1
obama press dinner	1
disco inferno	1
tariq nasheed ustream	1
mls standings	1
vlad vs naut	1
issaquah school district jobs	1
blackboard	1
fiver-ii	1
recipes to use fresh pineapple sage	1
first time home buyers loan	1
ford fusion fuel tank recall	1
tyramine	1
corolla exhaust hanger temp fix	1
conservice utilities	1
warriors	1
bali wiki	1
getting graphical shadowbeam effect on server	1
amazon rewards visa card review	1
dragonlance 5e	1
aphrodite	1
lee jazz singer	1
how to scratch off perscription bottles	1
pharma collection 1 light floor lamp, antique brass	1
omegle	2
trivago guy	1
tim williams actor naked penis pics	1
noah mills naked penis pics	1
dark souls 3 slab	1
steam	1
htc 2016	1
bluegrass brave frontier farming	1
brave frontier boss hp percentage	1
trail tool	2
what is worth making out of diamonds minecraft	1
artificial diamonds in bulk	1
xnxx	2
how to use the omni plant to get perfect fish sims 3	1
mensanswers	1
ascii table	2
karcher model g2650hh	1
dover trail	1
superhero games	1
peter dinklage winnie the pooh	1
congressional override of a presidential veto	1
what is the takeaway from marbury v madison	1
aapc	2
def string in upper case	1
python variable global	1
n	1
supermechs	1
supermechs hack 2016	1
reddit cats nsfw	1
cialis online	2
sample cover letter for job no experience	1
video game revenue by year	1
lipoic acid foods	1
pizza hut	1
justin bieber nude bora bora	1
rex allen krebs	1
wash lotto	1
best schools for marriage and family therapy	1
olympia school district base pay school psychologist	1
samsung galaxy s7 edge tips de uso	1
old tweets	1
twitter top hastags	1
van damme state park camping	1
showbox	1
aj	1
lens-maker's equation	1
powerpoint gridlines	1
ieee citation	1
kebaneri of the	1
butterfieldcolor	1
selena gomez	1
game of thrones season 6 episode 2 watch	2
game of thrones s6 e2 stream	2
draconian game of thrones	1
huitzilopochtli	1
4.9 5820k	1
adata 64 memory benchmark	1
asus x99 deluxe oc cache	1
asus x99 deluxe ram oc guide	1
forged alliance forever	1
i7 870	1
calvin	1
ratchet & clank	1
teen girl takes a shower on cam pov	1
picture monkey	1
boeing jobs	1
hyderabad to harrisburg air india	1
house season 3 episode 12	1
www.winadeerfarm.com	1
eddie bauer	1
game of thrones what time does every episode air	1
vancouver public utilities	1
remove duplicate songs itunes	1
dupeguru music edition	1
logan bread	1
phillip ferrnandez snohomish	1
500 lb winch for sale	1
the shaggy man	1
ezekyle abaddon	1
meta-brawl	1
morrowind keyring crash	1
19th century rifle scope replica for sale	1
survivor tv show	1
perspective text after effects	2
joshua ballew cmu cv	1
mywsu	1
gwen stefani	1
burgers	1
poutine seattle	1
houses for rent by owner	1
housing rental companies	3
how to find rental houses	1
renters warehouse seattle	1
yakima 1919 site:news.google.com/newspapers	1
seattle wa weather	1
calcium fluoride dissolved in water net ionic equation	1
owd apricity	1
off white dilemma	1
ihd	1
exchanger in ventricular muscle	1
casetify iphone 6	1
sissy fucked	1
college athletes are not responsible for getting paid	1
hollandaise sauce	1
na server down lol	1
free games online	1
winning lottery numbers	1
what's it cost to park an rv	1
kosw	1
best western antanum	1
komo weather	1
game of thrones season 6 episode 1 watch online vodlocker	1
baydos rv	1
apex	1
seven years old	1
couchtuner	3
mini split ductless ac & heating systems	1
mini split ductless ac & heating systems prices	1
taylor heating and ac reviews	2
excel mouseover show text	1
sims 4 cheats	1
youtube router cover	1
types of surfboards	1
banks lake orv riding	1
osborn bay atv riding	1
kat	1
why am i always angry when i wake up	1
easy songs for chords on guitar	1
fake thick eyebrows are dumb	1
kerbal inventory system	1
uw graduation 2016	1
gw2 continuum split guide	1
nude women	1
american family association	1
nfl 2012 full games	1
obama drops mic	1
abugames	1
ben kpop	1
i can see your voice	1
fiora pro builds	1
black desert hunter seal exchange list	1
why does tommen not go get margerye	1
craigslsit	1
soundcloud audien	1
map	1
captain america civil war spiderman trailer new	1
who want to die elmo	1
lyft portland vancouver	1
9300189843900080137643	1
training needed to work on a contruction site	1
nintendo 3ds update port	1
lowes	1
economics masters degree	1
ancestrydna	1
usps tracking	2
cpga act	1
fb	1
ekko guide	1
fizz coutners	1
disney live action slate	1
watch die hard 2	1
interesting edh ideas	1
great clips	1
wind jacket	1
backcountry navigator pro manual	1
seitokai-yakuindomo	1
amy joyner	1
li kim	1
youtube play button	1
7 years lyrics	1
seattle farm co op	1
yellow jacket lure black flag	1
autocratic definition	1
why did austria declare war on serbia in 1914	1
ask reddit what is the most creepiest thing u read on reddit	1
comedy central nick kroll	1
who is denise milani wikipedia	1
2016 kentucky derby stakes	1
zion binoculars any good	1
how to make web pages load faster	1
evernote sub-notebooks	1
susannah melvoin	1
crystalmountainsresort	1
watch station	1
norstrom rack	1
burberry watch square	1
hbo go issues on chrome	1
alloc laminate cost	1
eagles36 roblox	1
11297766	1
marijuana +health	1
mcse	1
chapter 10 parametric vector and polar functions	2
love hina sim date	1
turbotax free	1
5th wheel skirting kits	1
can i plant grocery store potatoes directly	1
backyard parkour course	1
online mental health assessment	1
mental health assessment test online	1
bellingham wa part time job listings no ged	1
main quotes in the abolition of man	1
boing boing	1
best way to prepare t bone steak	1
girls play hard stick tongue in clit	1
second life best gacha machines	1
unturned	1
google.com famous people that broke rules to get to where they are today	1
thesaurus	2
why the beast became a beast	1
o'reilly auto parts	1
the hall of justice training center, 1942 1st ave., longview, washington map	1
fo4 gun reskin mod	1
ben folds best songs	1
fake traveller's cheques	1
20110 46th avenue w, lynnwood	1
carousel tides sharon lee pirate bay	1
carousel tides sharon lee download	1
naruto blood prison dubbed	1
sewer smell in rv bathroom	1
mandatory distribution 401k by age	1
no land beyond reload glitch	1
in the south the redeemers quizlet	1
seattle-tacoma international airport	1
franz bakery	1
control priest	1
farreboom	1
john mulaney	1
fashy	1
fangraphs	1
chiles en nogada	1
spacex 3d cam	1
illustration section of paper	1
origins of the cold war	1
british reaction to hiroshima	1
google scholar	2
american airlines	1
how much money can you make with your own embroidery business	1
common core standards appendix b	1
4th grade critical literacy instructional strategies	1
capillary compliance vascular system	1
rd4500 tiagra	1
how long is the black ops 3 campaign	1
nisekoi 212	1
chase	2
time zone rapid speed boat accident	1
oven baked drumsticks fall off bone	1
forgot nnid password	1
fallout 3 fose windowed mode	1
twitch maniax	1
battlefield 5	1
cod4 remastered	1
anime freak	1
kimmy lee freeone	1
map of taiwan	1
i-864	1
fire king teacup	1
my old school	1
скачать nfs 2015 бесплатно	1
beef and broccoli stir fry	1
meatballs for spaghetti	1
jiffy lube	1
bellevue	1
cdc developmental stages	1
rolling a hemiplegic patient onto side	1
peninsula light	1
twinks	1
simple product videos examples	1
50/50 custody kindergarten	1
import drawing panel java	1
odnoklassniki	1
9 x 24 picture frame	1
enitia beach	1
ankhbot gamble	1
2013-2014 broadway season	1
musicals written by racial minorities	1
pertronix	1
bosch ignition distributor parts	1
ds3 failed parry?	1
primewire game of thrones	1
what is ms	1
rodrigo y gabriela guitar and violin	1
world of warcraft wiki	1
エムアイカード 3dセキュア	1
immoral tea party	1
eさいふ　システムエラー	1
amy schumer gun skit yout8be	1
uniformity with god's will pdf small	1
predator x34 better controls	1
the witcher fps problems	1
dirt rally quick save	1
kahr	1
crystal singer audiobook	1
nols classes	1
crow sfm model	1
fernch cuss words	1
coxswain apparel	1
indiana polls	1
mark sleboda	1
juanita park kirkland	1
gren killing	1
perennials	1
can't close one eye to shoot	1
watch tnt	1
food matters protein powder	1
the wizard of oz while looking for a tattered coat	1
protest seattle	1
what's wrong with the house at 298 elm, kalama?	1
redfin	1
418 c st rainier, or 97048	1
newly released dvds	1
kayak	1
lynden pindling international airport	1
applaws cat food reviews	1
wot eagle eye perk doesnt work	1
best flight deals to hawaii	1
melamine kitchen utensils vs nylon vs silicone	1
kmart	1
cuisinart juicer juice extractor parts je-4	1
reddit game of thrones	1
group health login	1
girl peeing in cat box	1
wake little navis pouffe version statue	1
pitfall how to play	1
apple there's a problem with this drive	1
how to mirowave corn on the cob	2
akemi kaneko	1
graeme le saux	1
sunscreen after 6pm	1
don't you forget about me	1
starcraft 1 free download	1
hd porn	1
do you eat pussy like that	1
mt st helens	1
what growing zone is western washington	1
castor oil mole repellent recipe	1
perandus blazon	1
which of wilson's progressive reforms do you consider to be the most important	2
the faroe islands	1
costco ad	1
usbank	2
disc test free	1
laughing skull rep	1
brain chemistry of homosexual	1
matrix exponential	1
ucard	1
huge butt anal	1
success factors in business	1
universal ge freezer shelf	1
mineral oil case	1
old man's war 2012	1
passatworlsd brake pads	1
template for how to guide	1
ukpro - freestyler video lighting kit for gopro	1
image sensor and burst speed 12mp / 30 fps	1
gopro studio	1
what happens when you orgasim on your period	1
james garner	1
troy bilt 2600 psi pressure washer	1
troy-bilt pressure washer 020241	1
yugioh the dark side of dimensions torrent	1
druddigon	1
israel houghton it's not over	1
its not over israel at lakewood	1
alright brian courtney wilson	1
seahawks	2
dark souls walkthrough	1
strix pathfinder	1
verizon galaxy phones refurbished	1
everybody dies but not everybody lives	1
5097931596	1
5097664107	1
racing stripes movie youtube leave it all on the track	1
don look back leave it all on the track racing stripes	1
gloria dios en lo alto del cielo letra	1
how do i get my history	1
audubun society seattle	1
all about birds	1
wintin	1
8106109612 who called me	1
state of ct ex husband ruined my credit	1
pacific beach resort	1
marvel youth snowboard	1
pink try	1
how to wallhack in cs go with console	1
colt magazine id unturned	1
google calendar	1
videostrong k1 plus	1
speccy	1
views from the 6	1
process of reporting a car insurance claim	1
death grips	1
kenwood	1
гематомы после тренировки	1
rebuke of the vaal drop	1
raven portraits guilty gear	1
windows hard drive failing warning	1
kuow	1
clover park technical college	1
k anime	1
homedepot	1
uspsa revolver rules	1
sns bullets	1
kitchen design layout ideas	1
kitchen cabinet design tools online free	1
kitchen floor plans with dimensions	1
wowhead	2
via spiga latanya	1
cinco	1
craftsman chainsaw	1
msn	1
aol mail	1
writing out 2.5	1
mt st antonio city college academic calendar	1
norco state college circle k	1
orange coast college circle k	1
deanza college circle k	1
the logical song lyrics	1
verizon wireless /puerto rico	1
fatty acids ald and myelin	1
change from arrow to x in actionbar	1
airhorn solutions command list	1
fragmented wiki	1
pancakes from scratch	1
compost bins sears	1
league taliyah	1
claudia marie	1
miele gs 2670 excella parts	1
miele dishwasher parts	1
yobot tumblr	1
thymic corpuscles are always found in the lighter-colored ________ regions of the thymus.	1
mhairudos.zip	1
mariners schedule	1
twitter	1
unbreakable kimmy schmidt divorce	1
http://www.sterlinghomemortgages.com/susiedevries	1
韭菜醫療用途 pdf	1
韭菜醫療 pdf	1
persuasion pdf	2
seattle property management	1
tesla model x	1
do you list references current job or past job with you?	1
porcelain cabinet hardware	1
the jersey journal back issues	1
lithuanian cemetery wyoming pennsylvania	1
weddings at the plaza las vegas	1
shashavaru	1
"playstation 24"" 1080p gaming 3d monitor"	1
yamaha guitars ag guitar	1
american legacy acoustic guitar limited edition	1
pokeball umbreon	1
ben 10 ultimatrix toy	1
gaymaletube	1
jets overhead band	1
dallas	1
alaska mileage plan	1
seattle moutaineers	1
one piece	1
christianity an introduction mcgrath pdf	1
best home business jobs	2
task rabbit wirk at home jobs in skagit county	1
pet grommer jobs in skagit county	1
what foods can you eat to stop cauuspation	1
stop consipation and crampd	2
248 forclosed home la conner wa	1
i'm feeling curious	2
studiokillers soundcloud	1
balon greyjoy	1
deadpool online free movie	1
captain america civil war watch online	1
game of thrones s6e2 watch online	1
joann coupon	1
jason derulo	1
css put table in center of page	1
seattle to la	1
flight app	1
the love bug 1997 subtitle	1
rotten tomatoes captain america civil war	1
judge and jury patterson	1
undefeated bahamut chronicle episode 7 english subbed	1
rheumatic diseases	1
10g patch panel	1
can a bank foreclose on a house that is under contract	1
world news	1
how soon after washing can i dye my hair	1
retail me not	1
14017 bingham ave e tacoma, wa 98446	1
aaa discounts	1
alluring beauty puyallup	2
apartments for rent in santa maria ca	1
zotac geforce gtx 465 1 gb gddr5	1
venture bros wiki	1
kcls	1
valerie prietto	1
plus size latex lingerie	2
seahawks draft picks 2016	1
fastest way to farm spirit of harmony	1
시애틀 길손	1
is there any deifference between blader and plum?	1
www.melrosegrill	1
bergdorf goodman	1
revolve clothing	1
new zealand shoe stores	1
bloon tower defense 5	1
style tag change size	1
giveaway chance calculator	1
how to write an about us page	1
horse gear black desert	1
49ers vs titans	1
49ers vs jaguars	1
rob riggle	1
john deere hy gard	1
john deere 850 engine oil	1
spider solitaire	1
where to measure bust waist and hips	1
momtastic glitter mason jar	1
how expensive is it to convert a mobile home to a foundation	1
how much does a permanent foundation for a mobile home cost	1
robinett homes llc	1
sm rookies boys	1
x theme black button color	1
richrags@earthlink.net	1
what lotion is best for scars and dark spots	1
dicks sporting goods	1
iron tools colonial america	1
usertesting review	1
manker u11	1
animal crossing movie	1
fire wood	1
nba playoffs	2
club med	1
jobs that put workers at high risk of developing lower-back pain are those that involve a lot of	1
the three metabolic energy systems are quizlet	1
margot robbie	1
provider one	1
individual provider one login	1
123d make	1
tmnt mikey gets shellacne fanfiction	1
mcc blackboard	1
unity 3d	1
unreal 4 engine	1
c++ coding in video games	1
constante gravitacional	1
wa dmv	1
origin directx error	1
titanfall directx setup error	1
how much rp is 1950	1
cognitive surplus quizlet	1
nes super controller	1
playlive nation	1
firefox open on second monitor	1
carcassonne pronunciation	1
civilization board game	1
vive room setup app	1
nvidia pascal	1
sims 3 ultrasound mod	1
"""magnesium citrate"""	1
facebook.com login	1
07 impreza tail light bake	1
gale sayers concussion lawsuit	1
how to write references in apa	1
which theory suggests that dreams are mental responses to random bursts of neural stimulation? quizlet	1
research studies of the content of dreams indicate that quizlet	1
abline in r	1
enews	1
brimma aluminum water bottles	1
portland humane society	1
hendershots sporting goods	1
watch captain america civil war	1
watch captain america civil war online english	1
what color is best with light blue background	1
how to see someone elses name changes imvu	1
easy baked fish recipes	1
beautiful penis gallery thumb pic	1
blowjob pic thumb gallerys	3
mighty no 9	1
curse of monkey island	1
fiat 500 double clutch	1
tailless whip scorpion	1
overwatch	1
tater and gravy	1
restaurant smokey point wa	1
amos 3:7 kjv	1
bob crowder knives	1
walla walla weedery	1
sorin/jace	1
denon avr-1700	1
wells fargo careers	1
batman cake	1
3x + 4(2x - 5) = -4 - 5x	1
cars driven by democrats	1
young living login	1
scale insects	1
nes emulator	1
nintendo eshop earthbound beginnings	1
mother walkthrough	1
utube music smooth jazz 24/7 rod lucas	1
riven counters	1
dust2 smokes	1
fossil promo code	1
rush studio snakes arrows new york	1
metrolinx	1
49ers draft	1
mariners score	1
electrical power pole to residential	1
craigslist portland	1
mustang svo for sale	1
mustang svo	1
champlain heights cmty centre	1
diversity america wallpaper	1
best western glendale mt	1
avast	1
shazam wiki	1
rothco	1
women's plus size retro clothing	1
wenatchee valley college	1
bootable windows 10	1
vernon adams	1
madison ivy nude	1
duggar	1
jeffree star	1
happy tours car	1
hot to add music to youtube video	1
american dad	1
donald trump successful entrepreneur	1
which of the following would result from a reduced number of erythrocytes in the blood	1
jordans menu	1
sit on my dick anal	1
irene dogmatic	1
matt schmidt photography	1
rodney alcala	1
used buick lacrosse	1
free paystub generator	1
fire elemental metrica province timer	1
what differentiates humans from apes	1
why did humans become so social	1
how was homo eragaster determined to leave	1
what do homo sapiens and neanderthals have in common	2
what is didtinctive to homo sapiens	1
mcgraw hill connect	1
1-888-junk-van	1
1-888-junk-van vancouver shut down	1
how to remove phoenix trustedcore bios password	1
phoenix trustedcore password backdoor	1
unity	1
ncc-1701 shipyard	1
zmovie	1
office depot	1
how do i close a cattleboyz bottle	1
skillet diner	1
kent humane society	1
everfree northwest	1
tapestry upholstered furniture	1
stanwood medical hours	1
youpornvintage	1
southwest airlines	1
ouchita hills college	1
amish macaroni salad	1
how to remove a toilet hose accor flowtite	1
kiss x sis manga	1
fiddler on the roof with zoro mostel	1
hologram plasma laser	1
digital nature group at university of tsukuba	1
how to focus a laser diode	1
how lasers focus light	1
active and passive mode locking methods	1
active and passive mode locking	1
20 000 seconds	1
contractors advertising and marketing	1
mommy prostate milking stories	1
forced cuckold slave tumblr	3
older dominant woman milk sissy tumblr	1
aunt prostate milking stories	1
master of none season 2	1
gesa login	1
alaskan way viaduct construction date	1
smart mobility alaskan way viaduct report	1
inspection contingency synonym	1
map of the united states	1
spanish for eyes	1
paidview point	1
yahoomail	1
paypal master card prepaid	1
belen nm real estate	1
difference between mass and shape	1
wedding dresses	1
battletech challenger	1
khepri	1
movie times ratchet and clank	1
broughams furniture	1
cabana coast alps	2
roper dishwasher	1
what is soad chop suey about	1
chinook middle school bellevue	1
tall narrow shrubs for privacy	1
forever goldie arborvitae home depot	2
pose drawing	1
twokinds	1
use cable to keep fence from sagging	1
4x4x10 pressure treated	1
dual voltage waterpik	1
montpelier dining	1
breast cancer ribbon	2
lemondropppp	1
emma watson	1
kickasstorrent.so	1
driving directions from 1510 ne 170th st shoreline to greenlake	1
computer information science jobs	1
bachelor pad watch online	1
bernie sanders clinton contested convention	1
bernie sanders contested convention	1
tpp environmental disaster	1
my walmart	1
which type of friendship did aristotle consider the highest type of friendship?	1
dennis miller posted this epic description of hillary on facebook – it’s viral!!	1
ferris wheel at dinosaur planet park in bangkok	1
spontaneous human combustion victim	1
because freedom doesn have a purpose	1
usaa mother's day flowers	1
natural gas mmbtu	1
homemade sex toys	1
hentai squirting	1
clickandbuy	1
king tv	1
joe duncan	1
dragon age inquisition	1
dragon age inquisition multiplayer	1
youtube.	1
gay tumblr cuddle	1
bow build dark souls 3	1
symbolically	1
hotmail.com	1
geekly inc	1
mtg difference between mono and poly artifact	1
sycra	1
saint mark parish office hours shoreline wa	1
how to cook a turkey	1
pay xfinity bill	1
pure talk plans	1
data plans iphone 5	1
hiking seattle	1
musicians friend	1
보스턴음대대학	1
미국 입학사정관	2
uop 치대	1
gpa calculator	1
happy valley, oregon	1
when great trees fall	1
michael brutsch	1
milf takes virginity	1
i feel so alone	1
dragon ball xenoverse	1
google earth new photos	1
maddie ziegler	1
ao3	1
new charlie's broadway	1
classic cult movies rym	1
easy psychadelic guitar tabs	1
blue oyster cult tabs	1
ace attorney anime	1
suckers movie	1
leffen	1
j.one jelly pack	1
traditional english trifle	1
solve for m when m(mod5)=2	1
mandrones coal mine wilhoit	1
uranium in oregon	1
location of mt st helens landform on a map	1
procesos geologicos de los relieves	1
natrual wonder of washington landform project	1
science project mt st helens 7th grade	1
mount st helens museum	1
science project landform7th grade	1
description of different landforms	1
mt st helens multiple perspectives photos	1
mt st helens aerial view	1
lapidary saw for sale craigslist	1
reconciliation day in south africa	2
joseph smith	1
living language homeschool curriculum	1
ladder bars for leaf springs	1
why does everyone hate me cause i'm white af	1
nudist images	1
amide cousin to aspartic acid	1
does perception matter in fallout 4 if you are a brawler	1
presto site:finishline.com	1
nathan mcbride series	1
free omc 2.3 manual	1
chaco unaweep	1
dragon quest x pc	1
dragon quest xi	1
lg gpad x8.3 mode	1
bushnell elite 6-24x40mm	1
rifts rpg torrent	1
rifts vampire kingdoms expanded and updated pdf	1
rifts vampire sourcebook pdf download	1
tri city herald	1
frankish queen balthild	1
dark souls 3 wiki	1
you porn	1
lg tv support	1
dark souls steam how to open menu	1
d&d 5e blade singer	1
mobile home parks	1
freecreditreport	1
is etekcitizen legit	2
how to disassemble gem2.0 speaker	1
how to disassemble a small desktop speakers	1
how to mess with people in minecraft through server commands	1
arborvitae turning brown	1
opera browser	1
ohm symbol	1
nba.com	1
abascal way diet	1
disney world wedding packages	1
how to sign up for homeschooling in king county, wa	1
toradoki	1
autism incidence and prevalence	1
eharmony	1
wall street journal a baby please blond hair green eyes february 12,2009	1
9310 n oak st spokane wa hoa	1
doterra unilevel bonus	1
palazzetti capri	1
abu garcia	1
cassia riley	1
hulu	2
thor: the dark world	1
archive of our own	1
online road map usa	1
tau 8 target pistol	1
friends with benefits full movie	1
love skill 2013 korean movie	1
best movies	1
abc *5 =cba	1
labels for addition problems	1
elementary school morning tasks	1
hotels.com coupon	1
how to make raw butter	1
gmaps pedometer	1
mlb.com	1
old soldier distillery	1
my son peeled bark off our cedar tree will it survive?	1
20 clicks per second	1
who did that to you lyrics	1
nulogic dr pescatore	1
wg10 pay	1
engagement rings	1
black diamond engagement rings	1
tiffany diamond	1
what is a recommned waterproof for cement board for shower	1
omyt tattoo	1
raspberry trellis	1
my motorcycle won't turn over	1
yakima cornerstone patient portal	1
"minecraft ""decoration mega pack"""	1
tolmie state park	2
6005 tyee dr sw tumwater, wa 98512	1
teac dv-w520gm firmware	1
project free tv	1
runescape	1
natural planetarium	1
erica campbell feet	1
lego fortress	1
icloud activation unlock	1
marvel's avengers assemble	1
paypal login	1
frontier mail	1
pbis world	1
i.o.t.w.y.m.b.t.n...w.z contest	1
are the diamonds real in the movie new moon	1
muse	1
viconia romance bg1	1
36e breast	1
first class medical certificate	1
dosage for sudafed	1
sprint	1
fibonacci sequence	2
mtg deck optimiser	1
michaels	1
myitlab	1
how is indeterminate growth possible	1
how many people die from being covered in sand	1
160430 무한도전	1
pand	1
ap calculus bc free response	1
elias	1
watson's nursery	1
preggo tumblr	1
music group dream	1
ffxiv flare macro	1
slow cooker stainless steel insert	1
news	1
seattle riot	1
how to reduce acidic taste in ceviche	1
playstation 3 free games may 2016	1
old navy	1
seattle mariners tickets	1
darth traya	1
assassun's creed glyph puzzles	1
samsbeauty	1
kenmore appliances	1
peter zieve	1
what should occur when a project's net present value is determined to be negative?	1
a. 8.67% b. 13.00% c. 13.43% d. 17.33%	1
the fact that historical returns on treasury bills are less volatile than common stock returns indicates that	1
calculate the expected rate of return for the following portfolio, based on a treasury bill yield of 4% and an expected market return of 13%	1
benita stiles-smith	2
www.worksource.org	1
shonda rhimes	1
writing interesting video game characters	1
3840x1080 wallpaper video game	1
manimal	1
windows 10 delete windowsapps folder	1
dailymotion	1
mens haircut short on sides	1
ion color brilliance reviews	1
steelseries stratus xl	1
what style is the day begins the moody blues	1
what is the phase constant?	1
profile of someone with a narrow viewpoint	1
garmin website	1
food network	1
killer instinct pc checking downloadable content	1
"father stretch my hands pt. 2."""	1
bac calc	1
skysmith1997 site:twitch.tv	1
adsense	1
steel f2p osrs pking	1
how to get avani brave frontier	1
started too late for 30 day brave frontier	1
mikael brave frontier	1
charla or lucina brave frontier	1
lupin iii	1
"""corn bread"" with mint"	1
"tepary beans ""how to grow"""	1
it follows watch online	1
maui map	1
austin power character names	1
funny names not dirty	1
funny character names wow	1
funny meme names	1
antique sound labs aq-1006	2
where does acetyl coa formation occur in the cell	1
where do the c atoms in food end up	1
where does oxygen end up in cellular respiration	1
errand runner jobs	1
bethany portal	1
wqhirlpool chambermaids'	1
sword girls cinia	1
psn	1
lakeshoe learning	1
elvui for 2.4.3	1
how to make gold with leatheworking 2.4.3	1
how to keep slug pets	1
tyoutuber	1
is ballistic gel edible	1
pistol crab	1
blizzard ports to open diablo 3	1
windows 10 latency fix	1
basicallyidowrk	1
youtube doubler	1
lorde tour 2016	1
juried show allied arts 2016	1
allied arts judy vogland over 100	1
leagueoflegends	1
11608 n bruss rd rathdrum idaho	1
blond	1
working more orders	1
ship computer	1
u.s. virgin islands diving	1
best caribbean diving	1
dell 3847 vs xps8700	1
smoking laws in washington doorways	1
free mp3 download	1
itunes	1
falling in love marlene dietrich	1
fuq	1
4chan	1
paddock	1
case study survivorship and population models answers	1
the skateboard kid	1
claudio sanchez	1
google maps echo glen washington	1
craigslist anchorage	2
feather plants quest maplestory	1
best scratch margarita recipe	1
norman rockwell coca cola mirror	1
uber account wife husband	1
headlight restoration	1
tacoma rainiers tickets	1
shawn michaels	1
bikram yoga leavenworth	1
red tek 12a	1
kohls coupon	1
pokemon friend code safari exchange	1
how to explain your mental illness to others like bpd?	1
my neck is broken	1
the night’s king	1
tours to piazza armerina	1
how to get from palermo to piazza armerina	1
hubbardton forge	1
hubbardton forge doric	1
bus from palermo to trapani	1
what is the channel for the 100	1
viginia mason dr. callahan	1
alex and zeke bait buddies videos	1
boric acid and small black house ants treatment	1
ibm wheelwriter	1
jesse helms	1
children of joseph sr and lucy mack smith	1
ibaby feet mages	1
rafaam deck normal	1
best natural sunscreen	1
tblop	1
lego ghostbusters firehouse	1
windows 10 start button settings	1
dark souls 3 reddit	1
mary hart silent movies	1
beverly hillbillies westover	1
wooden planters	1
skyrim mercer frey	1
taget	1
diablo 3 monk set dungeons	1
slut daughter tumblr	1
why is my period so long after starting birth control	1
john deere parts	1
the olympian	1
ap biology 2012 question 4	1
swan creek trail waller road tacoma,wa	1
twinstar	1
netzero message center	1
how to bypass google sign in on android	1
will d851 work on metropcs?	1
how to remove blue paper lines in scan	1
seattle bremerton ferry schedule	1
things to look at under a microscope	1
bay hay and feed	1
home movies tube	1
family guy imdb	1
islamic state	1
muslims killed by muslims in us	1
"serbu super shorty rem 870 6.5"" 12ga short barrel shotgun"	1
sports authority	1
colosseum	1
fa ebook	1
politifact	1
tire rack	1
american west western handbags	1
sequim events april 2016	1
glass top replacement corvette forum	1
long dicks	1
relative finder'	1
repeated elements art	1
youporn	2
could exposure to high levels of radiation cause twins	1
free craigslist	1
free manga	1
ikea shelves wall	1
karmacredit.com	1
what did obama's anger translator actually say?	1
steam id	1
bloons tower defense 5	1
div columns	1
walla walla county assessor	1
replica boots of valor	1
smelt titansteel	1
leafly and marley natural	1
thrive life janene	1
jennifer nettles	1
dog got treat stuck in throat	1
what 70s show character are you	1
warframe	1
dirty deeds done with sheep	1
bobby's tavern birch bay wa	1
powerball	2
j. michael tatum	1
tbn	1
basic essentials for fly fishing	1
ll bean fly fishing vest	1
blank screen after login windows 10	1
gmai	1
o brother where art thou	1
crictime server 4	1
sabina allemann ballet	1
wetpussygames	1
puerto rico es (smaller than) guatemala. felipe corre (faster than) su amigo juan carlos. los champiñones son (as tasty as) los espárragos. los jugadores de baloncesto son (taller than) los otros estudiantes. laura es (more hard-working than) su novio pablo. marisol es (less intelligent than) su hermana mayor. la nueva novela de ese escritor es (as bad as) su primera novela. agustín y mario están (less fat than) antes.	1
la camarera / servirte / huevos fritos y café con leche la camarera le sirve a gustavo. la camarera le sirve a gustavo . incorrect ustedes / pedir / ensalada de mariscos y vino blanco (blank) incorrect carlos / preferir / las papas fritas carlos prefirió las papas fritas. carlos prefirió las papas fritas. correct (yo) / conseguir / el menú del restaurante	1
lolli and pops jobs	1
blogger	1
drudge	1
best picture winners	1
eve online ship fitting tool	2
uniglo	1
jay z	1
washington state lottery	1
best hair dye colors	1
league of legends champs	1
vi gauntlets	1
5111 s avon st seattle, wa 98178	1
treat me like somebody	1
khq	1
dark souls 3 dark sigil levels	1
kh 1.5 ps3 ds4 wireless	1
flower shop in stephens city va	1
gazlowe build	1
weed puller	1
conair hair dryer 1875 owner maual	2
firstrow	1
prostate massager	1
penis urethra toy	1
hawaii taxpayer id	1
eprocessing network refund	1
conker live and reloaded banjo in spooky	1
cell phone indicator ring	1
best feet for speakers	1
kerry greenwood	1
riddle at night they come without	1
blender hard brush	1
destination truth online	1
starved models retouched	1
black oak extinction	1
saudi arabia buys largest refinery	1
sargon petition	1
dadan family	1
unicorn unicorn fruit	1
leafyishere bratayley	1
flabulous	1
love like hate	1
be brave. be truly brave. i mean, don’t get carried away. stay out of the dog park. and don’t run with knives. and, for crying out loud, don’t cry out loud. you’ll upset the bears, which are emotionally fragile animals that are already very uncomfortable with themselves	1
comparison of cordless impact wrenches	1
royale usa	1
black fly away oil	1
skyhawks	1
university house issaquah wa	1
f	1
home depot careers	1
home depot hourly pay	1
lowes cabinets	1
there is power in a union lyrics	1
safeway 2-foot sub	1
how to say cross streets	1
ak airlines	1
beatles #9	1
southern serendia secret cave	1
extrinsic defects	1
differentiating	1
emax nighthawk pro 280 spektrum	1
two girls 1 cup	1
landscape rock yard calculator	1
noooooooooo	1
set me free diablo 3 monk guide	1
watch focus online	1
pov juggfuckers 6 torrent	1
freeones new porn	1
freeones porn	1
wallingford	1
945 tacoma ave. s	1
400w marine wind generator	1
homemade cookie dough recipe without brown sugar	1
matlab count of each value	1
shoreline school district jobs	1
flounes	1
ten tips for survive the oregon trail	1
lvl up rewards hearthstone classes	1
weigold, miles	1
alibaba	1
what do you need to file annulment in philippines	1
2012 super tenere	1
hot macro	1
fitbit customer service number us	1
oppari telugu movie online	1
jumpman nail art	1
traductor google	1
psp wallpaper nature	1
ela smoter facebook	1
duluth mn motel 6	1
www.esd.wa.gov	1
radish seeds	1
highline valve box lid	1
highline round econo turf boxes	1
firoz shroff, speaker at opal	1
qvc	1
best lg phone	1
training sim star citizen missile won't hit target	1
curcumin dosage	1
dios moloc significado	1
significado del dios dagon	1
rigid body add force unity 3d	1
container vs vm	1
queue java	1
iaas vs paas	1
reddit pfs	1
hp deskjet 2540	1
devilbear	1
walla walla community college	1
hand job hints	1
peter paul and mary	1
cheap rustic wedding invitations	1
don't starve endothermic fire pit	1
do they swab your arm before lethal injection	1
strafe how to do multi key combos	1
uw math 308	1
gap analysis	1
арбалет	1
rehab success rate	1
5200 w ridgecrest spokane wa	1
trout fishing in oak harbor	1
realm of the mad god	1
thomas x grasso lodge pictures rochester	1
olympia obituaries	1
big reactors power cable	1
nzbgeek	1
yellow pages	1
ryobi 4 cycle weed eater carburetor adjustment	1
cb 1 weight gainer	1
19614 old burn rd arlington wa	1
xhamster	1
whipped cream	1
brazilian voice	1
bnsf	1
blonde clothed sex	1
pickup truck 3d model free	1
british porn	1
clothes disappear gif	1
steam life is strange	1
92748999936936513000038041	1
okuma	1
how to remove old flex coat	2
compacta font	1
famous scientific theories	1
examples of natural selection in plants	1
examples of natural selection in humans	1
normative ideals of democratic citizenship	1
the period between 1865-1877 in american history	1
band of robbers	1
usps money order tracking	1
zillow	1
fishing long lake lacey wa	1
medical	1
apa format example	1
apa format	1
virginia mason urgent care video	1
how long is strep contagious	1
bus issaquah to seattle	1
olive oil burn temp	1
pp forum	1
doterra my office	1
bartender kit	1
dukes pressurization system	1
googlemaps	1
4.25 x 5.5 envelopes astrobrights lunar blue	1
alexis texas	1
ride along 2	1
thof.guildlaunch	1
htc vive 3d movies	1
3d videos	1
steel part thing with cups on end	1
how to recover dino health in ark	1
oglaf	1
hairstyles with headbands	1
kiro7	1
city of vancouver, wa jobs	1
city of portland jobs	1
city og gresham, or jobs	1
vitamin companies you can trust	1
978-1-60547-728-2	1
how do you know what is the anode and cathode	1
many glacier campground reservations	1
many glacier hotel	1
tactical pen	1
brian anderson spokane	1
nepal	1
rock my soul lyrics elvis	1
throatlover	1
asa kaftans	1
desert eagle	1
ted bundy execution	2
mt sac walnut ca	1
do you need a motorcycle license in washington state	1
how to fry bananas	1
2000 ford focus new engine	1
battle of hyjal wikia	1
under armour	1
zilow	1
solar tube installation vancouver wa	1
walupt lake	1
spokane what lots can you put a moble home on	1
west prairie village spokane	1
indian canyon mobile home park	2
sex starved white wife with black dick deep in her pussy	1
toyota financial	1
venus trine moon transit	1
forever 21	1
financial aid	1
boost mobile	1
portland craigslist	1
dooe 8146 d	1
dooe 8146 d fan shroud	1
dimitra, argos, design	2
kirby triple deluxe all sunstone locations	2
seattle times	1
columbia bank	1
goodfellas	1
recycling centers spokane	1
fields end bainbridge island	1
dollar general	1
warframe beginner warframes	1
aj styles	1
we'll rip you up you bitch just like your fucking mother	1
midatlantic accent	1
hispanic dances	1
eliza jane manoff washington bar	1
how are the montagues different from the capulets	1
randy travis just look in your mother's eyes	1
kelly donovan	1
30 ga enamel coated magnet wire	1
how to tp to biomes in subnaticia	1
kicy	1
rev daniel berrigan net worth	1
visitation at oregon state hospital	1
grand canyon university	1
30mm magnifier flip mount	1
iphone built in qr reader	1
current weather gleneden beach oregon	2
st. andrews as a reversible course	1
motorcycle meme generator	1
dr kita virginia mason	1
isagenix seattle	1
vodlocker	1
recreational vehicles washingtn	1
hog d1 regulator review	1
best i5 low profile cooler	1
ana cheri	1
sprint map coverage	1
eb real book volume 6 pdf	1
fcbook	1
ormanpark	1
emanation marketing group indeed	1
download washington state university letterhead	1
canoscan lide 70	1
pbs home fires season 2	1
home fires season 2	1
shipping to amazon fba cost	1
iphone hotspot discoverable	1
oregon secretary of state candidates	1
direct deposit becu	1
the man who knew infinity	1
rentcafe essex	1
spotify	2
auction house silvermoon city	1
heart no kuni no alice anime	1
smart points food list	1
what is the glider's position at t= 0.200 s ?	2
a 0.850 kg block is attached to a spring with spring constant 17.5 n/m . while the block is sitting at rest, a student hits it with a hammer and almost instantaneously gives it a speed of 38.0 cm/s .	1
a 220 g block hangs from a spring with spring constant 7.0 n/m . at t=0s the block is 14 cm below the equilibrium point and moving upward with a speed of 86.0 cm/s .	1
the grove pullman cost	1
screenshot crop windows	1
endless legend races	1
piratebay	2
zillow.com	1
rose skull png	1
2003 tahoe side mirror	1
water master	1
reddit fifty fifty	1
www.itv.com	1
cjbox	1
did the two headed girl really make a porno	1
reef	1
frankenstein human nature	1
worksource	1
aponogeton bulb mold	1
korra comics	1
hot topic promo codes	1
femme-perdue tumblr	1
idonotexistinreallife pics	3
dirtyberd blogs	1
dirtyberd pics	2
tumblr	1
roasted zucchini coins	1
roasted zucchini hclf	1
chroma 3 knives	1
fastest incarnation of flash	1
druid wow	1
strongest gundam suit	1
waterfalls of sw oregon	1
princess charlotte	1
first premier bank credit card reviews	1
christensen's nursery	1
tyler ervin	1
ottobock springlite sprinter	1
strain energy formula or hookes law	1
gathering place vancouver	1
may sale schedule league	1
dexameth-n-p tube oph same as ofloxacinin?	1
rule of 72	1
ap exam schedule	1
popular minecraft single player mods	1
minecraft forge	1
ben290865	1
puget sound	1
studentloans.gov	1
navient	1
dark souls 3 item ids	1
att.com/myatt	1
csgo roulette	1
csgo skins	1
csgo skins free	1
csgoskins	1
harry potter in order	1
microsoft office unicode characters	1
movies	1
in the early years of television, prime-time was dominated by variety performance shows.	1
what television show attracted 178 million text messages in 2008?	1
in crescendo grup vocal	1
korean drama online	1
contos eroticos	1
katarina montage	1
the hillman group the hillman group 967732 8 x 2 power pro outdoor wood scr...	1
colostomy bag covers	1
photography session print invoice or receipt	1
joey bosa espn	1
documentary labor movement	1
nudevista	1
i wear hearing aids but still cannot understand tv	1
lw145 l-drago	1
steroids and massage contraindications	1
256 4th st, astoria, or 97103	1
panasonic cga-s/106b	1
how do i test the ph of my soil	1
big boobs	1
whatcom county animal shelter	1
shikoku puppies for sale	1
shikoku puppies for sale washington	1
pacific tree frog tadpoles for sale	1
powershell	1
fallout 4 fev legendary	1
fallout 4 screen too bright	1
art crate bethel stadium 1982 burnt	1
truck saves plane landing gear	1
jim carrey	1
reddit wwe streams	1
vacation rentals	1
capitol one	1
make 100 dollars fast online free	1
khan academy analytic geometry ellipse	1
salem oregon	1
thaumic horizons	1
pizza hut coupon code	1
opgelia	1
harry potter and the chamber of secrets online	2
perfect tits gfy tumblr	1
surface book	1
surface book review	1
road trip calculator time	1
clark college , hiim program	1
cancer registeries clark county wa	1
chicken enchilada casserole	1
2273 umpqua rd, woodburn, or	1
pentecost	1
black sails	1
is an ice age a drought	1
younger generations are more productive	1
vikings	1
david tennant peeking	1
artus topside jedi knight 2	1
pot coffee shop spoakne, wa	1
heidi watney	1
words that start with at	1
words that end in foh	1
unity 2d performance	1
weather	1
the medical term to describe hard, infrequent bowel movements is	1
caracol en vivo	1
letra el problema	1
crohn's disease jokes	1
coolmath	1
lyrics garth brooks the way to fly	1
garth brooks this ain't tennessee lyrics	1
garth brooks unanswered prayers lyrics	1
binan koukou chikyuu bouei-bu love characters	1
mast permit	1
average water bill snohomish county	1
diablo 3 one punch monk	1
annika evart	1
98012 weather	1
minwax gel stain for staircase	1
rv lights	1
luke bracey	1
dungeon master tips 5e	1
revolutionary girl utena - smartphone drawstring bag	1
himemiya anthy (resin kit)	1
rent gc games	1
dvd resurfacer	1
searchengine	1
abcmouse	1
grey knights	1
walmart to walmart	1
ipsy hints	1
alphabet games preschool classroom	1
linksys cm100 max speed	1
d link dwa-556 xtreme n pcie desktop adapter speed	2
frys	1
benchmark wine group	1
banner bank	1
does us bank charge external transfer fees	1
shadowrun hong kong bonus campaign walkthrough	1
butterscotch chips recipe	1
three bears lodge	1
uc santa cruz academic calendar	1
bbrt gay	1
catholic community services chehalis wa	1
look up phone numbers free	2
what is the relationship between liquid pressure and the depth of a liquid? between liquid pressure and density?	1
affinity sle2039	1
olive garden menu	1
achilles boats	1
register for the sims™ 3 community	1
how to pronounce goodenough college	1
how to pronounce william goodenough house	1
a new message from jim carry	1
vw usa	1
alcohol	1
immosible quiz	1
safest way to remove outdoor deck paint or stain	1
non toxic way to remove outdoor deck paint or stain	1
go to www.scisjobs.com	1
there goes a spaceship youtube	1
miracles from heaven official trailer (ft jennifer garner) 2016 youtube	1
the angry birds movie official teaser trailer #1 (2016) peter dinklage bill hader movie hd youtube	1
walt disney diamond editions	1
there goes a bulldozer - youtube	1
"but beyonce had a nose job ""negro nose"""	1
pbs kids games	1
kennmore parts	1
theblaze	1
sciatic nerve	1
dark souls 3 claw	1
steam microphone feedback headphones	1
wrf mm5	1
homemade honey calendula lotion	1
fox news	1
hypnotised porn video	1
reddit star wars leaks	1
war crimes	1
the matador redmond	1
american bulldog	1
goldfinch bird	1
round picnic table plans	1
kik	2
what girl played bass in the pixies?	1
ok cupid	1
ask vic	1
hayneedle coupons	1
va disability and compensation facts	1
paige marincak	1
derwent	1
which colored pencils are wax based and which are oil based	1
colored pencil case	1
hidden cam sex videos	1
mount rainier high school schedule	1
best subtractive equalizers	1
max landis	1
amalea ryckman	1
post hoc fallacy	1
minecraft shaders mod 1.9	1
joseph stalin	1
132 k st quincy wa	1
evergreen implement quincy wa	1
billie jean nut smash	1
how much xanthan gum do i use to replace a teaspoon of cornstarch for thickening?	1
wsu email	1
pizza pipeline	1
rickenbacker 4001	1
rickenbacker 4001 for sale	1
sprint store near me	1
what do the thieves tools do wow	1
best cd rates	1
emoji book and bag	1
taylor bow	1
kazaa era porn	1
fuck olly	1
umpqua bank	1
freshii	1
english estates	1
used pianos tacoma	1
ap english language and composition essay 1988	1
-7 with an exponent of -2	1
bella young immorallive	1
bella young porn	1
from software new gmae	1
reddit	2
twitch	1
new york	1
world war 1 army records	1
aphmau my street	1
http://www.meningitis.org/blog/about-meningitis-septicaemia-long-term-after-effects-35764#sthash.6f2b2skr.dpuf	1
eldewrito	1
free trade zone at a secondary international airport usa	1
ftzs and the supply chain	1
minecraft 1.9	1
how ti not remove mouse in league in 2 monitors windowed	1
lose inches waist	1
person of interest season 5	1
tartuffe moliere summary	1
hystography io	1
ios file explorer	1
is mit selective	1
craigslist wenatchee	1
undertale for the nes	1
wells fargo name origin	1
shock factor	1
solar beam	1
vr shinecon qr code	1
home depot	2
line	1
crazy legs classic 2016 photos	1
husky portable workbench	2
blue stacks download	1
bratva	1
porcupine face	1
chicken pot pie	1
blue stacks	1
resmed airsense 10 adjust pressure	1
abhidharma	1
four noble truths	1
flipkey renter fees	1
seatac airport	1
pollen count	1
rethban ore	1
neenah wi places to see	1
pickford film center images	1
titans test team parts	1
kelly ripa temper tantrum	1
kelly ripa and michael strahan	1
the walking dead the boiler room building set with minimate figures	1
domino's pizza	2
shapes of diamonds	1
terriermon	1
optumrx	1
hgtv	1
fragmentation ecosystems	1
biological species concept	1
seattle may day 2016	1
bounen no xamdou episode 1 english dub	1
smooth marble terra	1
artorias	1
ladyboy sex	1
how do i report sales tax for washington	1
mixing adderall and alcohol	1
elise build 6.8	1
how to get rid of a canker sore	1
league of legends porn videos	1
bayou la batre, alabama	1
can you buy ergo seat cushions in seattle	1
lee newton	1
center link for 1963 cutlass	1
yokes spokane	1
deadpool dvd vs blu-ray	1
filter band	1
meatloaf	1
whispering firs golf	1
american dream definition	1
anna nicole smith	1
how to make homemade noodles with kitchenaid mixer	1
incomplete dominance pp. 514-515 answer	1
frshgrade	1
korean feminism	1
pitta/ kapha	1
may day protests violent	1
это qsp game	1
eto 1.2.4 qsp	1
creative thesaurus	1
leikereingen dancers poulsbo	1
bus garage shelton washington schedule	1
anaerobically glucose nitrate broken down	1
glucose anaerobically half balance	1
leather studio paint	1
jungle book	1
ride game free download	1
what did washington's neutrality proclamation state	1
list foods that help your body alkaline	1
what is game scores stat	1
preserva wood deck stain	1
minecraft mod packs 1.7.9	1
ruler	1
us magazine	2
watchseries	1
babies r us	1
installing shimano 6700 cassette	1
how to fix vertical lines on samsung 55 led tv	1
how to test main board on led tv	1
importance of social psychology	1
selling shoes on ebay	1
ways video games are beneficial	1
2 men 1 woman menage porn	1
frieza force tumblr	1
paypal	1
dark souls final fantasy	1
american country countdown awards	1
danielle panabaker	1
landscape sod cutter	1
service animal spokane county	1
no 22 perfume	1
chagas disease pacemakers	1
tillandsia full sun	1
ap chemistry cram	1
my anime list	1
lost mine of phandelver	2
1ftfw1ev8afd43446	1
minecraft survival world with download	1
does vinny stay in family guy	1
the elo system	1
best psp games	1
toluene	1
methyl alcohol	1
biphenyl	1
elevator speech	1
google docs	1
alki beach	1
24 to life show	1
jw marriott marquis miami	1
art noveau	1
abc news	1
black knight greataxe dark souls 3	1
dark shield dark souls 3	1
dark souls 3 builds	1
replacement for my battle axe	1
udacity	1
partner channel needs in saas industry	1
am i lesbian test	1
how gay are you	1
jay jay french net worth	1
how to re edit fafsa	1
myuw net id	1
seriesw,net	1
negasonic teenage warhead	1
www.grammar: pronouns i me,we and us	1
utube prime lenses	1
best mid range hunting scope	1
monopoly	1
canon 5d mark ii with canon 85mm 1.2 self portrait focus	1
greenback tax services fbar	1
greenback tax service fbar	1
san francisco day tours	1
royal pains season 7	1
anastasia ashley instagram	1
guilty gear xrd revelator	1
hexakill	1
qq music	1
coast rx 360	1
msi titant gt80 crash	1
movies in kelso wa.	1
rei quarter dome 3	1
zoroastrianism	1
hoplophobic	1
mdccclxxxvi	1
mia khalifa	1
mika tan hairy bbc	1
sugoi funny	1
ssri with least side effects	1
patricia edwards age 78 yrs yakima wash	1
strongest mega evolution pokemon	1
best mega pokemon by stats	1
xbox one wired controller pc driver	1
fresh off the boat 자막 e03	1
radiohead	1
samsung galaxy tab a 8-inch tablet отзывы 3g	1
холостяк тнт 4 сезон	1
ant video downloader movie must be playing	1
best time of year to buy a tv	1
kenny	1
chicago booth	1
u of o business school magazine	1
beast mode coaching	1
julia thompson instagram	1
white dwarf	1
ehentai	1
big tits tied up	1
jewell has tits fucked	1
5 interesting facts about beethoven	1
gaps diet	1
sick oil diffuser	1
oil diffuser how to use	1
two man hide and seek rules	1
how to ease upset stomach	1
android devices	1
uber partner	1
game of thrones children of the forest	1
naked city	1
poe undying alchemist	1
penthouse sienna west porn	1
audrey bitoni tonights girlfriend	1
issaquah cannabis	1
optimum super silver haze	1
"""sour strawberry diesel"" cartridge"	1
panoramas santiago 1 de mayo niños	1
parque metropolitano	1
rocky mountain ministries	1
320/80r42	1
avani site:deviantart.com	1
putlockers	1
couchtuner eu	1
trpohy tabard of the illidari	1
sandy top soil in north dakota manitoba saskatchewan	1
chad smith net worth	1
dakota yorke	1
ketogenic diet	1
ketogenic diet before after	1
draven probuild	1
mundo probuilds	1
sergio flores	1
bank of america	1
soyo motherboard	1
fried chicken sale today's special	1
walmart 2 foot sub prices	1
best edm songs of all time	1
nwccc cycling	1
dye i4's vs grill	1
kal penn	1
worms pointers - cursors	1
sunderland module guide	1
casper shine on harvest moon	1
non terminals grammar	1
weaving supplies seattle	1
youtube 下載	1
utilitech under cabinet led lighting	1
timer 32 minutes	1
wikipedia	1
target bathroom policy	1
size 13 in euro	1
lrr	1
sims 4 how does simpliciaty make accurate celeb sims	1
wow	1
2006 toyota avalon garage door opener	1
line 6 flextone duo 100 watts spresets	1
greyhound lines from seattle	1
craigslist yakima	1
conjuguemos	1
q13 fox live	1
mic level auto adjusts	1
hulu account	1
prepaid citi	1
mass effect 1 c-sec academy location	1
the music man heatherwood middle school	1
xb270hubprz	1
xb270hubprz refurbished	1
the fosters	1
when to bing up conflict	1
dog beach whidbey island	1
thrasher blade	1
thailand	1
philippines culture	1
x3 watch	1
audience rachmaninoff first performance rhapsody	1
bitter taste in my mouth not from eating	1
rental houses, edmonds wa.	1
upgrd	1
bible verses that desribe god	1
saiyan watch	1
maya divine	1
total hr works login	1
login.salesforce.com	1
buy bulk african black soap	1
bob cooper south kitsap	1
seton hall	1
fancy pants 2	1
business card elegant logo	1
mts centre seating	1
all quiet on the western front ebook	1
feiss urban renewal	1
carriage house chandelier	1
twin size bed with guard rails	1
backpage seattle	1
legacy foods	1
bag boy express dlx pro push cart blue	1
rockbottome golf coupon code 2016	1
acer drivers	1
my boeing express	1
good to go	1
breast lift surgery	1
poe experience gained in a team	1
batman v superman: dawn of justice	1
real techniques miracle complexion sponge	1
nightcore	1
don't have soda for lawn tonic	1
rushton santa history	1
seattle real estate jobs	1
paul rudd imdb	1
cwu summer financial aid	1
milkweed grasshopper	1
名偵探柯南	1
how to save your screenshots to dropbox	1
andy cohen	1
kiss to build a dream on	1
first dance songs wedding	1
wedding ceremony music 2016	1
wedding ceremony songs 2016	1
verizon wireless	1
gulfstream sun voyager se	1
dave mirra death	1
yakima physique fitness	1
energy suspension	1
4wheel parts	1
bee craft printable	1
gurmukh bhasin	1
thrustmaster warthog	1
drydock grotto guide	1
the purchase of corporate stock is considered	1
popping in wrist	1
what is a chav	1
craft room designs ikea	1
crunchyroll love live season 2	1
wattpad	1
t.s	1
crabtree and evelyn where to buy	1
don't starve together dedicated server linux mods	1
natural weed killer	1
mother days quotes	1
mothers day messages	1
when is the best time to do a skin assessment	1
xenoverse ultimate finish	1
cat popsicle brain freeze	1
laponite-s482 distributor us	1
custom leather	1
twilight zone golden earring bass tab	1
what does garnier nutrisse medium natural brown hair dye do to bleached hair	1
ssx games	1
pug eating butterfly	1
time in japan	1
minecraft fence	1
5652 l street washougal wa	1
5607 n st, washougal, wa 98671, usa	1
dogs vs couches	1
cwu hoodie	1
fresh off the boat	1
electricity	1
pof	1
indecient jokes	1
verizon wireless clases	1
alligator hair clips	1
can non working spouse contribute to ira	1
is pension money considered earned income	1
the price of living increases	1
how many peaple work minimum wage jobs in america	1
doritos getting thinner	1
better reds greenhouse	1
whidbey island seatac shuttle schedule	1
igneous rock textures	1
oxford music online	1
who is joe schubert from portland or.	1
diablofans	1
gun gamecube action replay codes	1
pikmin 2 glitches	1
brier hydroseed	1
thresh build	1
peninsula daily news	1
amazing grace harmonica c	1
el centro caklifornia	1
bed and breakfast for sale, puyallup, wa	1
can address 802 7th aveneue nw be a bed and breakfast puyallup, awa	1
756 south 7th st. cottage grove, oregon	1
what is the punishment for distributing drugs to minors	1
longaberger company in newark, ohio	1
kiba naruto	1
always like this lyrics meaning	1
star stable	1
eyes nose lips lyrics	1
chi town angler	1
best accesories for surface pro	1
who wrote the bible	1
the eater of nightmares	1
cream pie thais lalana	1
game of thrones air dates	1
condor reactor ffvii	1
clipping from pdfs	1
gimp crop guides	1
define: condescending	1
did not like abominable bride	1
healthy high protein snacks for car	1
e cycle washington state	1
pressure washer speed queen replacement parts	1
game of thrones s06e02.torrent	1
thepiratebay	1
mother day brunch gig harbor wa	1
why does n'zoth rouge always lose	1
slingshot 3 wheeler	1
cm 13 htc desire 816 cannot switch to 3g	1
regal cinemas northgate	1
dark souls 3 checklist	1
fose	1
image fair use	1
things fall apart character introduction	1
things fall apart character description from text	1
seattle bainbridge ferry	1
afghan kush	1
mens warehouse eugene oregon	1
apple tree leaves drooping	1
white girl and asian guy tube searched	1
ruffa mae quinto porn tubes	1
gg-194 - japanese caregiver sexual service - kaede imamura	1
hydrocraft project zomboid animal cage	2
go smart	1
myuw	1
paypal checkout without account	1
powerschool rsd	1
gaia herbs turmeric supreme	1
short article about digital textbooks	1
lamentations of the flame princess wiki	1
crb-kt09-1.1-ti	1
passport card for land travel	1
risks of untreated anxiety disorder	1
dat boi	1
gamestop credit card	1
dash	1
rodeo drive in schedule	1
arrowroot eggs recipe	1
quotes on the church by john calvin	1
kurds and christianity	1
webspotify	1
golf membership near me	1
best sport fishing in the world	1
array of lists java	1
free redwood deck plans	1
famous buddhas	1
bernie sanders losing	1
beachbody login	1
www.traegergrills.com	1
target scholarship	1
donovan tate	1
blade 422719	1
fred meyerad	1
microsoft surface pro 4	1
windows 10 creating credentials for lan	1
wingstop	1
octave cosine program return angle in degrees	1
covetous silver serpent ring	1
josh boyce facebook	1
skyteam t rex	1
skyteam motorcycles st 125a	1
jason momoa	1
dallas cowboys	1
movie4k.to	1
d dash worst pain lyrics	1
kevin gates worst pain lyrics	1
gesa	1
bellevue lumber	1
cold brew machine	1
big tit teen	1
dojun moe	1
paleo cheap	1
paleo sweet potato pie	1
hd wallpaper pot	1
eddie spinola	1
stalker zrp mod	1
priest river golf course	1
bram kohlhausen	1
aragami	1
word counter	1
commando vip	1
atk engine	1
bottomless pit leak	1
crime news	1
home wifi phones	2
best movies of all time	1
valley girl torrent	1
hulk	1
reasons to vote for hulk	1
eater of secrets	1
sam hunt take your time	1
ark dye	1
twitter foul is fair jeffrey cook	1
hot or not	1
amy schumer fan	1
how to wield a sword	1
kiai	1
clutch blast tyrant	1
aberdeen wa weather	1
rotten tomatoes	1
the absurd thigns chiniese censor	1
claremont or homes for sale	1
stacking energy in royal story	1
might it be possible to have a city/suburb breeze? if so, would you expect it to be more prominent during the day or at night? describe how it would form	1
summer weather in the southwestern section of the united states is influenced by a subtropical high-pressure cell, yet figure 10.5b shows an area of low pressure at the surface.	1
the coriolis force deflects moving water to the right in the northern hemisphere. why, then, does upwelling tend to occur along the western margin of continents in both hemispheres?	1
prevailing wind of portland oregon in january	1
plant leaf identification	1
plant identification app	1
chicken wings recipe	1
gateway pundit	1
yahoo mexico	1
motherless	1
wira 2016 live stream	1
free no survey marvel contest of champions hack	1
1954-55 polio outbreak, lewiston, idaho	1
got 563?	1
gilleys bar houson	1
elisha cuthbert short hair	1
cheap ink cartridges	1
360 real estate nm	1
most common computer passwords korean	1
duterte trillanes	1
women's premium yakima wa	1
riding lawn mower craigslist seattle	1
25 or 6 to 4 chicago	1
2008 outback cargo capacity weight	1
grizzly attack	1
lionel train set model 6-1383	1
aurora afx riverside race set	2
fred meyers	1
cashmere wa high school sports	1
black desert awakening skills	1
next issue media	1
preparing for shipment	1
can money buy you happiness andrew blackman summary	1
far cry primal pardaku lookout	1
clear lake north campground naches wa	1
what type of soil for bromeliads	1
hip hop songs of the 80s	1
emmanuel goldstein's book	1
polk audio hampden	1
dlink	1
daily world aberdeen wa grays harbor college presidents honor list	1
watch series	1
redtube	1
3m anti slip tape	1
system requirements for solidworks	1
demons in fairyland max games	1
demons vs fairyland max games	1
hells kitchen ny	1
teamspeak3 server	1
kayak types	1
vera farmiga fucked	1
skull collector diablo 2	1
setting up filters in excel 2013	1
games adding steamvr	1
hailee steinfeld	1
elle fanning	1
japanese emoticons	1
chloe paige study abroad	1
pig farmer murderer in east van.	1
trilogy the weeknd download	1
weeknd trilogy rar	1
when do i divide crocus bulbs	1
lyin' ted arizona	1
whole foods silverdale wa	1
path of exile faq	1
mystatlab	1
young black pussy	1
law firms seattle hiring	1
lg home apk	1
shoshone deity victory	1
katawa shoujo flowchart	1
homes for rent in kent	1
one hand or two hand backhand	1
what is the beast that falls from the sky chapter 6	1
what is ironic in the statement that it was a gift from the adult world?	1
what is the big deal about winter coming	1
melting top of cheese wheel	1
fred meyer ad	1
mo williams instagram	1
make 4 columns in css	2
timber park apartments	1
