psychological anime	1
lowes	2
new construction on east washington street charles town wv?	1
article class	2
bella thorn bikini	1
el mariachi beaver wv hours	1
republic services faq	1
quickjack	1
function get-datesortable	1
speed test	1
sapien get execution policy and output it to richtextbox	1
sharon olds the planned child symbolism	1
bleeding brakes alone	1
wow garrison resources	1
ga-z170-hd3 mother board	1
game of thrones	2
persol sunglasses steve mcqueen	1
video highlights talladega 2016	1
zapata flyboard video	1
how did you come up with your username	1
ebay	1
mturk	1
sudan university of science and technology	1
future university sudan	1
wwe payback live stream	1
german mountains terrain map	1
installing vh125r	1
installing vh126r	1
sound isn't coming through tv hdmi from computer	1
baby hair stuck in throat	1
fursuits	1
weeping willow trees	1
appaloosa farm wv	1
office depot	1
zivicio infused chestplate	1
draconic evolution armor	1
gaia guardian	1
wither proof armor	1
sinkholes in fort myers fl	1
what records are in ncic	1
armour of life - rev rob shank	1
world first arthas kill	1
arguments against flat earth	1
la femme obey your body	1
wvva weather	1
murloc paladin divine shield	1
which of the following waves on an ecg represent the slow recovery or repolarization of purkinje fibers?	1
all of the following are causes of artifacts except improper handling of a tracing poor conduction outside interference a patient's talking clean sensors	1
lead ii is a(n) intercostal lead none of these chest or precordial lead augmented or unipolar limb lead bipolar limb lead	1
a measurement of the actual absorbed dose of radiation is called	1
flights to london	1
cynical bastards	1
how to use isunshare ios	1
the dream new album	1
kay jewelers	1
craigslist charleston wv	1
1 troy drive charles town wv	1
xnxx	1
blackest night short synopsis	1
civil war comics synopsis	1
_____ is now japan’s most important trading partner.	1
"""which of the following is not a factor that has contributed to the rapid economic growth of nics (newly industrialized countries)?"""	1
aside from the united states and japan, _____ is the most important single national market.	1
what is the tenet that china follows to ensure that hong kong’s exuberant capitalism is retained despite the communist leanings of mainland china?	1
"""which of the following statements is true about qualitative research?"""	1
a product’s _____, refers to the ease with which its benefits can be communicated to the customers.	1
"""data refers to the data that has been collected specifically for the particular research project at hand."""	1
zero-tolerance and incarceration	1
bluefield daily telegraph drug bust 31 arrests	1
police body cameras	1
wun wun	1
what level do you learn hlyph of penance	1
ntts	1
the flash	1
yahtzee	1
morning herald mail hagerstown md	1
aarp	1
whist	1
blow job gifs	1
add more layouts blurb	1
book wright import layouts	1
comedy cartoon about witnessing for jesus	1
chainsaw stump vise	1
optometrisits in princeton, wv	1
is it a sin to mastaurbate	2
depression clinic reviews	1
obama to stay in washingtgon dc	1
wboy	1
skiffs for sale	1
us map labeled	1
example feasibility study	1
soviet invasion of europe	1
image resizer	1
eq2 testing the meat	1
sexy xxx	1
xxx vids	1
daily mail	1
hp officejet 4500 network setup	1
hp officejet 4500 stuck on printing	2
city map	1
herald dispatch	1
dicks sporting goods	1
intel nuc kit nuc6i7kyk mini pc	1
ssh tunnel using linux	1
minecraft minecart collector	1
mail.dpscsd	1
2011 colorado fuel filter	1
best refrigerators 2015	1
what is the quality of a kitchen aid refrigerator	1
what comapnies pull transunion and do soft pulls	1
best dog flea shampoo	1
dolly parton naked	1
msn	3
hotmail help	1
bibliography sites	1
warframe campaign	1
.665 bore choke in remington 1187	1
does a remington 1187 have a pro bore	1
youtube	5
tjmaxx rewards	1
hongying fishing reel max lb test	1
listening to my sister moan from her bf audio	1
listening to my sister fuck	1
sex with my sister story	2
the amount of your social security contribution depends on quizlet	1
eligibility requirements for pension and retirement plans are typically determined by the employee's age and years of service quizlet	1
toyota innova crysta	1
minecraft	1
how long is 392 mins	1
pinterest	1
gundam wargame rules	1
tempress aw01c01	3
6.5 creedmoor upper	1
appalachian power	1
raptors game 7	1
railroad track willy moon	1
1974 cj5 wheel cylinder push pins	1
yahoo mail	1
nicholas arvon	1
paypal	1
dark souls 3 bosses	1
grey pneumatic	1
dark souls 3 ports for xbox	1
demonstrate the setup required for a group of several windows servers® on a network	1
windows server definition	1
physical disk drive options available with windows server	1
manchester united vs leicester city live stream	1
draft grades 2016	1
motel 6 greenville sc	1
murders in beeson wv	1
history of american football	1
princess bride full movie free online	1
reuge's vault	1
google maps	1
phillip milam obituary	1
1967 ford galaxie 500 parts	1
1967 ford galaxie 500 manual	3
changing muffler on classic cars	1
new brakes for 67 ford galaxie	1
13-mm socket	1
vintage cars for sale	1
check the rarity of car	1
1967 ford galaxie 500 information	2
67 ford galaxie 500 as a daily driver	1
badwater v8	1
miss teary's artwork	1
new dvd releases	1
amazon prime	1
www.yahoomail.com	1
peral drums	1
pearl drum rythm traveler parts	1
hypnos	1
one more time daft punk	1
table of derivatives	1
s7 edge locked up	1
golden teacher average yield	2
secondlife avatar bvh	1
maryse	1
southwest	1
skyrim pc mods	2
wvusportsrumors	1
cedar creek state park	1
small decorative hangers for stained glass	1
boating	1
nt2580 unit 7 assignment 2	1
plants vs zombies garden warfare	1
best song lyrics	1
amazon	1
hank hill uses yoga	1
cost of medication non adherence	1
deadpool torrent	1
kingdom hearts stuck treasure chest	1
computer randomly restarts	1
amd fx 9590 black edition 4.7ghz eight-core socket am3+ boxed processor	1
1 foot in ho scale	1
the matrix symbolism	1
sims 3 how to have a perfect date	1
worksharptools.com registration	1
high fructose corn syrup facts	1
crate gfx2200ht	1
suddenlink	1
vortexx pressure washer	1
pto shaft extension	2
the flash races superman	1
superman american alien comic review	1
mec softball	1
wsaz	1
factorio guide	1
microsoft sql server	1
facebook	5
tophatter	1
how to get your win 10 product key	1
zurich pensione	1
bed and breakfast zurich	1
chris hemsworth	1
hulu	1
02 polaris magnum 325 4x4 rear brake seals	1
janus	1
good name for an anthology	1
crimson towers	1
leonardo da vinci occult	1
kripp copypastas	1
civ 5 tier list	1
diy wood chipper	1
sculptris brushes	1
indianapolis	1
wvsp	1
maplestory red varr shoes droplist	1
honchkrow smogon	1
xbox controller button blinks but doesn't work	1
while taking ketorolac tromethamine can you take temazepam	1
ip sla response	1
original xbox versions	1
baby day scriptures	1
are psychopaths creative?	1
cycle trader	1
you tube	2
workforce wv	1
morgainependragon-firefly-rewatch-1-01-serenity-we-are-just-too	1
ninja turtle father's day t-shirt	1
thompson cigar coupons	1
outdoor gas fireplace replacement parts	1
four points sheraton brentwood tn	1
www.kingstonfloristand gifts	1
do you have to buy minecraft to play multiplayer	1
status of league of legends	1
subaru forester	1
bagra army	1
bastemon	1
led outfitters	1
binding of isaac community remix wiki	1
banana smoothie recipe	1
anyone else eat boss souls	1
lush	1
saturn s series hvac light	1
how to desolder	1
yahoo	1
website that use php	1
kawaski 1600cc vulcan nomad coolant capacity	2
windows 95 apple watch	1
owen wilson wow	1
greirat voice actor	1
how do i print text messages from my samsung galaxy s4	1
why will my magic jack go not work with windows 10	1
yahoo mailhttps://www.yahoo.com/?ilc=50	1
328 grandview dr. hurricane, wv	1
witchcraft sex potion	1
what does +3.75 mean in contacts	1
kodi for windows	1
worxaudio x115 reviews	1
noreply@dropcam.com	1
marine wood filler	1
gooel	1
wmata.org	1
the blind side	1
mary pizzo scranton death	1
shepherdstown wv weather	1
higher place journey lyrics	1
asylum gaming teampeak address	1
candice accola	1
blfd daily telegraph	1
netflix	1
liveleak	1
when is pentecost sunday this year	1
livetext login	1
holy week 2016	1
reviews of scott meridian fly rod	1
reviews of tfo mangrove fly rod	1
what is worth a spike on animal jam	1
elizabeth abigail hart	1
thomas baldwin abigail pollard	1
how to get my credit report fixed	1
storm doors with grids	2
women are stupid and i don't respect them. that's right, i just have sex with them	1
naked and afraid uncensored pics	1
sjw	1
dare tube tv	1
ted cruz	1
ark property management delmont pa	1
#41 guitar tab	1
open examview file	1
davis and elkins college	1
coffee shop	1
javien elliott	1
armchair gm steelers draft grade incomplete	1
skype	1
schools with associates degrees in anthropology	1
fb	1
disney world	1
how to add a primary care physican to peia	1
kizi.100	1
good dbc seeds	1
play dead ops archade online	1
pokemon speed calculator	1
fox news	1
hotmail	2
speak english in iceland	1
tig vs mig	1
wvu exam schedule	1
rich shaffer parcel search	1
ravens drafts pfr	1
ricky wagner	1
casey anthony	1
2016 kentucky derby horses	1
lincoln mark vii lsc for sale	2
midori francis	1
cabellcounty clerk	1
redtube	1
the count of monte cristosummary	1
rothchilds	1
ceiva	1
english only on facebook	1
vw camper van for sale	1
synonyms	1
charleston municipal auditorium	1
ny jets blog	1
do car rentals have an age limit	1
98 ih 9400 trucks for sale	1
two x chromosomes	1
deadpool dvd	1
places to take your mom on her birthday	1
dear god lyrics	1
tf2 portal items	1
pof	1
google mail	1
roycroft inn	1
elementary the invisible hand	1
lawrence county ohio special assessments	1
northern expedition	1
@donaldtrump	1
rough country	1
talbot street, kew gardens, ny 11415	1
thomas edison dc current	1
why tesla's power should be free with tesla coils	1
maximum velocity formula	1
how to find maximum velocity calculus	1
you	1
yao guai	1
male female in love embrace	1
forgot to pay frontier internet bill online	1
rehband	1
reggie northrup highlights	1
matt ioannidis highlights	1
mower air filter adapter	1
transfer photos from iphone wifi	1
jerimiah 17'21 biblegateway	1
best witch doctor set 2.4.1	1
3401162g	1
st. sava nyc	1
itunes	1
west virginia power vs tourists today	1
gw2 warrior killing champions	1
guild wars 2 best starting pvp class	1
oldies	1
smallest pistols	1
sodex morgantown wv	1
2016 nfl draft grades	1
blender move selection to cursor	1
best cheap 144hz monitor	1
how to make your computer screen sleep	1
shari's berries	1
infinifactory price history	1
vsco cam	1
granpa gumjob tumblr	1
weather charleston wv	1
free instrumentals download	1
parkersburg city park	1
sale small riding mowers	1
rat fink shoes	1
striped shoes	1
teamspeak	1
icd 10 data	1
dudesons	1
how to upload an album to google photos	2
dark souls gargoyle tail axe	1
ron paul	1
onenote dev	1
how to play the harry potter quidditch cup tcg	1
hulu plus	1
watch 13 hours online free	1
rock river arms	1
fortis switch rail	1
craigslist	3
flashing at the mall	1
flashing at the mall stories	1
wv core rescue class	1
tektek	1
dating marbles gamegetter knife	1
marbles fieldcraft gamegetter knife	1
cincinnati state college reviews	1
penn foster high school diploma reviews	1
d&d name generator	1
how to make bbq chicken on stovetop with frozen tenderloins	1
the beatles something in the way	1
bestbuy	1
level 50 latias pokemon shuffle	1
level 50 latios pokemon shuffle	1
zack lash bones	1
comedy strip tease	1
dragon age inquistion the nightmare	1
wnyt weather	1
young girl missing from premiere wv in the 70's	1
premier wv hot topix	1
www.vec.virginia.gov	1
hentai teen	1
club blonde upskirt dancing	1
aspen coils	1
exchange bryson tiller	1
crafts 2000	1
nfl draft bible	1
nfl udfa tracker	1
foodservice sardines	1
ffxiii oretoises	1
frozen	2
great lakes borrowers income based repayment	1
zappos shoes	1
what files in the c drive is it ok to delete in firestorm	1
the kristen archives pictures	1
dr. bronner's lip balm	1
building rooftop	1
mark of the beast is comming rse u tube	1
pierre woodman	1
great harvest bread locations	1
jojo's bizarre adventure stardust crusaders ep 4 dubbed	1
battlenet how to change name	1
my dog has a red round sore in between the crease of his hind legand his testicle	1
"""well, don't anything i wouldn't do,"" said nanny. harry smiled and nodded but privately wondered how many options this really closed off to him."	1
powerball wv	1
gangbang cum drinking	1
lavish home charlotte	1
craigslist,buddy l	1
redheads naked	1
what can i plant on top of a hillside to help keep the bank in place	1
sam's club	1
how to much can a nursing home get from your assets	1
dr.demento albums	1
judgement day aaron	1
ona wv weather	2
wvu library	1
eve weapon accuracy	1
cupcake wars celebrity nasa episode	1
the two purposes of teacher evaluation	1
sam's photo login	1
www.weather.com	1
nordstrome rack	1
weather morgantown, wv	1
propet.com	1
dangerous level hemoglobin high	1
oregon softball	1
late 1700s french dress	1
u haul	1
burger press	1
my coke rewards	1
cyclophosphamide nclex question	1
차문남	1
look at all those chickens	1
gv-fishbowlvase30gv-6.60253	1
how to put a gun lock on	1
avery	1
elizabethan clothing sumptuary laws	1
ordo tempestus	1
weather	1
twinkinfo	1
internet speed test	1
f2p pirate games	1
billy apostolon sermon outlines	1
when god takes you to the woedshed	1
parkersburg, wv obituaries may 1	1
buzzfeed science quiz	1
lauren marsh pittsburgh	1
predecessor antonym	1
map of rome where the colosseum is	1
windows media center xbox 360 controls	1
kalos sprite devamps	1
kalos sprite devamps professor	1
magic jack	1
delirious prince	1
berkeley county wv recycle fluorescent tubes	1
live weather cam dan cava fairmont wv	1
4. suppose that the current canadian dollar (cad) to u.s. dollar exchange rate is $0.85 cad = $1 us and that the u.s. dollar price of an apple iphone is $300. what is the canadian dollar price of an iphone? next, suppose that the cad to u.s. dollar exchange rate moves to $0.96 cad = $1 us. what is the new canadian dollar price of an iphone? other things equal, would you expect canada to import more or fewer iphones at the new exchange rate?	1
younger toyota hagerstown md	1
ffxiv armoury chest rings	1
slither.io.com	1
why are there so many white shows	1
teletech	1
turn on fitbit alta	1
kodi long working times	1
how do infrared cameras work	1
how to back up dark souls 3 saves	1
hentaistigma	1
dark souls 3 npc quest guide	1
moulin rouge tickets	1
2005 f250 abs module	1
receta de pie de piña	1
armored warfare tech tree	1
golbat set	1
jynx set	1
