grant wheeler valley beverage	1
varagesale	1
elementary show	1
is justin bieber moving to appleton wi	1
submssive wife stories	1
drudge	1
child support wi	1
free online birthday cards	1
free online jigsaw puzzles	1
www.mycardstatement.com	2
game of thrones twitter	1
region este de la republica dominicana	1
adornos de mesa para las madres	1
porn	2
hanson young auction	1
awolnation	1
they and the children / daniel striped tiger	1
motorcycle intercom system for half helmets	1
oil type for karcher pressure washer	1
american family duluth	1
st.mary's in lemont,il	1
psat test	1
craigslist eau claire	1
maple countertops	1
matrix title west bend	1
skinny gay	1
gmail	3
how to quote block quotes mla	1
not acting relates to literary term: existentialism	1
limits on linear compensator	1
pipes in shawano wi	1
pathfinder strategy guide pdf	1
pxg putters	1
george herides, wisconsin	1
робо-сайт	1
anshul goyal	1
tony toutouni wikipedia	2
colonelcassad	1
how much chili powder for 2 pounds meat	1
amazon	9
download chaturbate saved videos	1
house for sale by edgewood college	1
craigslist wausau	4
147 kirkstone lane, colorado springs	1
ihome manuals	1
mike and the mechanics in the living years	1
pirate bay	2
cloud by countryside standard poodles	1
4143063918	1
new berlin police department	1
mt et street 2 drag 305/35-20	1
nitto invo high performance tire - 295/35r20 101z	1
"forgestar cf10 20"""	1
rim powder coating cost	1
matt nass	1
sepinwall the wire	1
trea turner	1
harbor freight	1
walmart	3
mazda 6 wagon coming to us	1
spring mongo	1
addiu	1
mips code increment	1
scenario a tribe called quest	1
course hero	1
us music online sales revenue	1
cream wu tang clan	1
michelle yeh	1
zillow	2
torchlight 2 mods	1
torchlight 2 mods respec	1
castle clash hero score	1
one piece boy kids swimsuit	1
basketball workouts	1
hud homes	1
nickel creek reasons why tab	1
pixels	1
new york times v. u.s. 1971,	1
non-disclosure agreement	1
domestic disturbance film	1
james meredith	1
how to make 4-h poster	1
animal jam	1
ganges river	1
princess bubblegum va	1
your lie in april episode 1	1
words ending in syllable oo	1
marquette wash	1
yahoo mail	3
facebook	29
fa	1
wooden spoon, first use?	1
craigslist.org	1
setup dns server ubuntu	1
cool math games	1
good ways to get rid of cold quickly	1
light hearted feel good movies	1
standing folders that hold music sheets for hand bell choirs	2
craigslist appleton	1
mn vikings reddit	1
r lol	1
activities after gallbladder removal surgery	1
muv luv takeru	1
craigslist madison	2
bittern	1
psychinfo	1
grave of the fireflies full movie sub	1
inside out 2	1
plocky's roasted red pepper hummus chips	1
girl cum sucking video	1
html email template builder	1
the beach club gulf shores al	1
sling tv	1
lg optimus l7 p705	2
samsung galaxy ace style	1
lg g3 vigor ls88	1
alcatel one touch evo 7 hd vs lg g pad 7.0 uk410	1
can a smartphone with a bad esn, be used as a wi-fi device?	2
nioh release date	1
nascar talladega	1
jack and jill activities for preschool	1
air traffic radar	1
cnn	1
sylvan red cross wood stove	1
orc la crosse wood stoves forced air	1
2016 correspondents dinner	1
aberoth kefka	1
"lenovo tab2 a8 8"" android tablet 1.3ghz 1gb 16gb - navy blue"	1
samsung galaxay tab a.97 vs lenovo a8	1
aberoth tavelor skill	1
aberoth kefka rank	1
anthem blue cross blue shield hr	1
drugs that reduce inhibitions	1
states pot legal	1
xanax addiction behavior	1
chris walkin bio mechanical images	1
parabola	1
ellipse	1
sherrie serros uwec	1
gita sawalani uwec	1
joe kincheloe	1
john dewey philosophy	1
henry giroux philosophy	1
compucom wisconsin	1
naked woen	1
starbucks near me	1
ffrk reddit	1
highland park school district	1
business topics	1
nicolet national bank	1
professional resume writing racine wi	1
dogs hate hugs	1
goehner industries	1
jail in child most high god	1
flash control	1
alliance for animals	1
best vegan mac and cheese cashew	1
halles paris	1
sorrel	1
simple green review	1
acdc wiki	1
elvis presley influences mtv	1
led zeppelin influences	1
project free tv	1
la crosse eye glasses	1
mothers day gifts	1
calendar	2
tree spade rental in wisconsin	1
the killers biography	1
dukes of stratosphear psonic sunspot	1
free trial classes in milwaukee	1
voice instructor music theater voice jobs	1
what does a bunny rabbit symbolize	1
joy comes in the morning quotes	1
6122101377	1
kogama game	1
soundcloud	1
game of thrones reddit	1
ebt edge	1
jason spriggs highlights	1
delish	1
coffee art jesus tshirts	1
target	2
how to manual remove dnswalters.exe	1
contact google	1
minecraft maps	1
my aurora	1
sandalfoot condos sanibel island	1
linkedin	2
jefferson swap meet 2016	1
hamilton trivia	1
mc skin editor	1
uncharted 4	2
tim schafer twitter	1
musa costumes black desert online	1
black desert online grinding guide	1
kimber 9mm pistols	1
adult stores in indiana	1
pike county ohio	1
phim hong kong tvb cu	1
charter email server settings	1
people and dogs with cancer	1
magnetospheric multiscale mission	1
trailer hitch anti rattle	1
pictures of yanco cars	1
home depot	4
earth	1
metoprolol succinate	1
auto carpet replacement milwaukee, wi	2
aerobie pro flying ring	1
stanford pre collegiate summer program	1
watertown catholic schools	1
watertown school district 2014-15 calendar	1
uw health my chart	2
apartments based on income in milwaukee wi	1
google	3
사형선고 유지해야하는이유	1
average cost of appeals	1
ebay	5
mapquest	4
kmfdm	1
what is the name of the show on tv on 5/1/16 with morgan freeman	1
crunchyroll dubbed	1
roblox	2
is eating whole wheat bread if you want to lose weight	1
christina applegate	1
hitachi drive not detected	1
agario	2
miitomo with lyrics	1
woman naked in clear tank to drown	1
literary analysis paper topics for macbeth	1
job application skyward	1
sample job application form	1
70 mph bike	1
60mph bicycle human powered	1
rubin 1996 multiple	1
can package foreast deal with multiple imputed datasets in r	1
wells fargo	1
republican primary	1
oh canada brass	1
king 2266	1
holton collegiate b490rs	1
remington mouthpiece euphonium	1
wick 5al	1
the story of icarus pdf	1
lol account	1
blues vs penguins	1
jets vs capitals	1
netflix	4
rosetta stone spanish login	1
what functions does federal reserve provide to government	1
patio & deck contractors milton wi	1
fucked a stripper	1
microsoft blend for visual studio 2015	1
horny housewives	1
blink 182 tour	1
abbot trailside lodging, 49 davidson rd, abbot, me 04406	1
wyndham hotels in cape cod	1
travelodge cape cod	1
traveldge west yarmouth ma	1
chasin tails charters provincetown	1
vi health	1
free porn	1
comic con 2016	1
what kind of stethoscope for animals	1
best coheed and cambria songs	1
kohls	3
2002 volkswagen golf tdi axle bolts	1
youtube	8
accented a on pc	1
the resol'nare	1
dead or fuck 5 last sex	1
twitch	1
league of legends server status	1
teddy bear puppies for sale in wi	1
what causes moss on and in the gardrn soil?	1
no sound on mozilla firefox	1
horizon rentals florida	1
odyssey	1
subway	1
revzilla	1
nfl	1
politicians lying ny times	1
slitherio	3
janesville hyundai	1
dancesafe	1
teen girls domination porn	1
tears naturale free	1
celebrity cruises	1
toriko episode 1	1
html signature outlook 365	2
outlook 2016 html signature site:answers.microsoft.com	1
html email signature do you need body tag	1
usa today presidential polls	1
importance of financial statement analysis	1
quotes about foxes	1
minecraft skin editor	1
madame de sade play	1
overwatch characters	1
simbro	1
popmoney	1
samsung account	1
things to make with foamular	1
covantage	1
apv.com	1
rhinelander town hall	1
wisconsin circuit court	1
cordless roller shades black vinyl	1
did prince have jw funeral	1
is prince still a jehovah witness in 2015	1
the rave	2
craigslist	4
dunham's sports	2
y	1
dcs elgar plus for sale	1
glass dragon figurines	1
discount led lights	1
atlanta to milwaukee car hauling	1
blender	1
tomah weather	1
burger king menu 53219	1
how to make chinese pork fried rice	1
round steel tubing truss	1
round steel tube truss design	1
leicester city f.c.	1
create gmail	1
dane county airport	1
google news	1
villa magda marina di ragusa	1
blue oldsmobile intrigue 2001 gls	1
calculating e cell	1
2016 hard hit ball stats	2
helm of the crackling conqueror	1
ayelena_cruz boygirlblowjob	1
twitter	1
1-99 defense rs	1
where to buy steel boots in rs	1
outdoor screwing tarts today	1
teenager kills mom with sledgehammer	1
yahoo	6
read excel in python padas	1
scipy.optimize.fmin	1
hubzu	1
download free music	1
free music download	1
palm springs 42 inch vertical lp gas smoker	1
how long can you keep a butt plug in for	1
1960s slang	1
amazon video	1
fans customers, football	1
crystal bridges	1
the united states absolute advantage ability to produce a certain good more efficiently than another country	1
the united states comparative and absolute advantage	1
absolute advantage refers to a country’s ability to produce a certain good more efficiently than another country.	1
burney falls ca	1
nvidia gtx 970	1
gallera tonito padilla	1
isaac newton	1
pogchamp	1
define premise	1
green bay packers	1
baked apple slices no sugar	1
antimicrobial susceptibility test breakpoints	1
breakpoints susceptibility testing	1
ellestad funeral home mt horeb wi	2
cpt joke	1
aol	2
get some ice cream	1
vandertramp verbs	1
new medication	1
person dead the longest amount of time before coming back to life	1
arte studio	1
gun stores in milwaukee	1
green cab of madison inc.	1
pql software	1
fest foods	1
fleet farm	2
espn	2
how to create a path for a product flow in powerpoint	1
pipe bender lowes	1
3/8 tube bender	1
edelmann a63098	1
ultimate texas holdem trainer	1
imdb arrow	1
interesting events in europe	1
best way to remove tar from car	1
symptoms of melanoma	1
fox news	2
conjuring two trailer	1
advanced identity protector	1
summit credit union	1
wands of harry potter	1
ssn	1
win-alt-t	1
cluny museum in paris	1
warhammer	1
jsonline packers	1
35mm negatives to digital	1
jemmima kirke	1
"""pbs passport"""	1
for statement java :	1
2.1 bluetooth amplifier board 24v	1
west high school madison wi	1
direct tv channels	1
48 paper blinds	1
play monkey gems	1
women's baseball league 1943	1
watercolor artists	1
rosa bonheur	1
prove that the height of a red black tree is at most 2logn	1
jana bikini	4
janae bikini	1
skil part number 1619p00986	1
bondage	1
the fosters stereotypes	1
anna camp	1
mineral wells, texas	1
annotated bibliography	1
photo printing	1
gap	2
brittany snow nude	1
ggg	1
map my run	1
asus motherboard m5a97 won't boot	1
cindy coverdale age	1
3gp file	1
gold picture frames	1
canon fd 135mm f2.5	1
google fiber	1
what time is games of thrones on	1
power outage san carlos negros occidental	1
aol mail	2
facebook login	3
alienation	1
tummy time	1
selena adams	1
uw stevens point majors	1
how to start a gym	1
are in ear earbuds better than the old ones	1
how to record yard sale purchases for the irs	1
will star citizen work with vr	1
will there be an open universe star wars game	1
sky vs gaming	1
pinetop, az.	1
michaels classes	1
cover blubber review	1
gimmick	1
office 365	1
(http://www.britannica.com/art/jugendstil)	1
friedensreich hundertwasser represents the ultimate artist-architect of fantasy architecture. an artist influenced by the decorative artistic history of expressionism he applied\	1
sims	1
best prefab buildings for cabin	1
small cabin plans with loft and porch	1
anal mild dildo amatuer wife threesome strapon mff	1
playing games without c++ installed	1
reproduction antique furniture	1
unclaimed inheritance	1
gas prices krist merrill	1
weird tourist attractions wisconsin	1
wi road trips	1
what to do in wi in may	1
straight talk	1
craftsman 917.272420 wiring diagram	1
craftsman seat switch fuel cut off	1
mico headphones cost	1
intercepted russian communication in wwi	1
ralph moore beloit	1
agent p toy box chest	1
mazda tribute exhaust system diagram	1
wii usb configurable loader gamecube	1
sally dickerson, pace university	1
the godless girl	1
feeding tube bear	2
hamilton new york tickets	1
nike	1
wilde life	1
closed circuit movie trailer	1
when you don't feel like going to church go to church	1
drunk girl gets fucked by taxi	1
kix brooks	1
extreme sex toys	1
xvideos	3
survey.ultra.com	1
latele.com.uy uruguay	1
dress up games	1
keto diet	1
did humans and homo erectus exist at the same time	1
you rtube	1
qvc	1
the river wiki bruce	1
avast transfer license to new computer	1
xcel energy	1
mlb require gray on road	1
lesbisn sex videos	1
saving places national trust	1
kcci radar	1
my drama list	1
maine coon cats	1
cars for sale in madison wi	1
uicc card virgin mobile	1
comics on the bestsellers list	1
annabeth and percy fan art	1
percabeth wedding	1
justice league movie	1
civil war 2	1
burito sauce	1
flights from honolulu to kahului	1
lady lux coupon code	1
comment était lui	1
maiores paises do mundo	1
honda harmony model hrb216	1
safest suburbs of minneapolis	1
virgin mobile htc desire 816	1
w305st	1
epson powerlite 2030	1
excel vba how to select a value from a listbox userform	1
new spicy chicken at kfc	1
change fuel filter 6.0 powerstroke diesel	1
outdoor fountains	1
video input card	1
radar cafe fabric color	1
tom brady	1
nostbegins	1
bbw creampie compilation	1
used honda fit manual transmission	1
chicago cubs	1
carrie underwood	1
schlitz audubon nature center	1
earth day books	1
chatroulette	1
chat rooms	1
vera bradley	1
morton thiokol engineer	1
french country versus swedish design	1
lol streamer shows history	1
tumblr cyber goth porn	1
web browser 2016	1
virus affecting wireless connection	1
bmo harris	1
apush review	1
panga bar and grill delafield	1
sweatin' to the oldies 2.	1
will god forgive any sin catholic	1
car rental	1
facts about turning 40	1
market price for beans	1
town of peshtigo	1
wastch series last week tonight	1
kopps flavor forecast	1
wisconsin department of commerce	1
good tinder lines	1
boy chocolate lab names	1
scottish names for dogs	1
prince aids	1
diamond city blues ambush location	1
confidence man fallout 4	1
jennifer lawrence where's the pizza vine	1
charcoal grill stevens point	1
list of environmental resources	1
scope for 1000 yard shooting	1
4test ged	1
painkillers trailer	1
value cinema oak creek wi	1
xhampster	1
grayhound	1
royalty free sound effects	1
fiteck	1
rachel feinstein	1
the lion king blu ray	1
small sampling keyboard	1
roland s-50	1
cheapest car rental milwaukee	1
destiny skolas kell of kells	1
how to calculate u value	1
midwest brewing supplies	1
target ad	1
sarah chalke	1
christa miller	1
mlb	2
xnxx	2
von holzen auto & truck center	1
how to hook up an electric fence	1
new girl imbd	1
kayal flights from chicago to manila philippines	1
diy nice cardboard storage boxes	1
momma blanco	1
songs to sing for a talent show	1
american airlines	2
watch game of thrones online free	1
reviews of houzer granite sinks	1
smith sales	1
old paul	1
the secret of kells	1
wisconsin dmv	2
dominique ohaco	1
metal gear solid retcons	1
keg tap amazon	1
wi dnr mead wildlife	1
journal of forestry normal distribution scientific article under 10 pages	1
ztd game	1
arming teachers in schools an argument against	1
kmart	2
신짜오 공략	1
first aol mail	1
rental checkout form	1
google docs	3
640 west	1
hypnotized sex	2
bullet casting lead	1
heavy steel rifle swing target	1
m-1 carbine manual	1
iwo jima	1
which is better to lubricate an m1 rifle lithium or mobil 1 synthetic grease?	1
places to shoot in northern,il	1
arduino cnc build youtube	1
how to get emittance	1
slither.io	1
girl gogames	1
edina realty	1
lock user account linux command line	1
hotschedules	1
tandoori style chicken	1
whole wheat sourdough bread recipe	2
conspire	1
age of empires mods	1
american girl	1
amc theatres	1
tamarack tree	1
lol pro builds	1
riot	1
combined insurance company of wisconsin life insurance	1
yandere simulator cinematic mode	1
ten thousand john mark mcmillan	1
gotomypc	1
garden against house wall	1
hilton garden inn renton wa	1
upgradable ram for lenovo edge 15	1
greenhouse gas emission	1
national bike challenge	1
parks and recreation wika	1
pandora	2
midway airport parking	1
when can you bathe puppies	1
can you take a dog across the border to canada	1
watch daddy's home online free	1
poshmark	1
calculator	1
free granny screensaver	1
menards careers	1
fedex tracking	1
at texas schools, everything is bigger by david warren	1
ferd lngold import monroe wi	1
modhoster	1
ryrie study bible nasb, 1995	1
french cars	1
bizarro comics,com	1
packer 2016 undrafted free agent signings	1
lowes eua claire	1
husqvarna high speed lawn tractor	1
cbc test	1
370 van dyke st wrightstown, wi 54180	1
stock standard deviation	1
stock futures beta hedge	1
delta neutral hedge calculator	1
get set visual basic	1
title ix blog	1
uw madison bme design	1
mcdonalds	1
jin goo	1
sounds good crossword	1
family dollar	1
javascript canvas text width adn hegiht	1
photon vs unet	1
photon unity free	1
shopgoodwill.com	1
ford jubilee	1
ford jubilee food plots	1
eagle ct grand marsh 30 acres	1
turkey hunting in wisconsin	1
nanny	1
keg lift exercise	2
visual studio 2015	1
when a uranium 235 nucleus emits an alpha particle	1
fox brawl	1
rapid jab smash	1
fairbairn sykes	1
patrick brent pearl harbor	1
germ x advanced protection alcohol free press release	1
motz nursery wilson, wi	1
packers draft	2
kodi m3u usa tv playlist	1
vurtgo pogo	1
security update for adobe flash player for windows 10 version 1511 for x64-based systems (kb3154132)	1
uw madison	2
john sandford	1
associated bank hours janesville wisconsin	1
craigslist milwaukee	5
construction calculator	1
haskell bar in muskego	1
mbc 옥중화	1
mobile homes for sale by owner	1
book series for 26 year old males	1
books similar to swiss family robinson	1
bernard cornwell author	1
national banking act lincoln	1
how to find lowest common denominator	1
k31 swiss bayonet	1
galena il hotels	1
trial 2 danganronpa	1
one finger death punch	1
downloading books to kindle 3	1
critical software update for kindle e-readers	1
regency towers pensacola	1
pensacola beach web cam	1
math problem precalculus	1
rhubarb crumble recipe	1
kayak	2
mediacom	1
how to become a graphic designer	1
drawing shapes with pen tool in illustrator terry white	1
kwik trip hr	1
dwarf meyer lemon tree minneapolis	1
nurseries minneapolis	1
lowes meyer lemon tree	1
word print background color	1
windows 10 file history keep saved versions	1
kfiz	1
red white and blades 1983	1
ancient music free downoad	1
wisconsin atv laws	1
what is the proper procedure for stopping while you are descending on a steep slope? atv	1
ff325 stobe faceshield	1
riverside theater box office	1
grace van cutsem	1
the farm door county	1
jessie crawford recovery center in milwaukee wi	1
in text citation of a blog	1
hacia una etica cristiana en renovacion	1
hacia una etica cristiana en renovacion fatalismo	1
serebii	1
omnos stevens point	1
plastic cold frame vegetable garden wisconsin	1
las vegas grand canyon tour	1
muscoda morel festival 2016	1
livingston state bank locations	1
heinz brasil estagio	1
wecan	1
rosie ruiz	1
imdb	1
beastie boys intergalactic lyrics	1
rs children	1
skyrim perk points command	1
tornado-6 revolver	1
realistic lighting overhaul compatible mods	1
what is youtube drama	1
fftr1814lb	1
refrigerator knocking freezing slow	1
wwe news	1
how high can you fall into snow	1
how to contact fox news	1
cleaning oven with baking soda heating at 100 celciu	1
multifunction chair	1
black plague	1
gmail.com	1
princess huhuran	1
why shouldn't electrodes touch a salt bridge	1
broc kensmoe pioneer seed	1
bigdino	1
brown county property taxes	1
5430 tower rd de pere wi	1
marcus theatres sheboygan	1
hillary clinton goldman sachs	2
mums take kim selfie to show off ‘real’ bodies	1
oregon health	1
oregon ssi	1
according to a study done in 2014 approximately 69% of america is white by letting in people of different races and religions that is making america diverse and more complex	1
concurrency in nosql	1
nosql unique constraints	1
how much is a cartridge of ink to make	1
newsoft cd labeler windows vista	1
fairy tail	1
code black docmentary	1
cv and cp	1
heart infusion agar function	1
weather	3
gazeta tema	1
interstate shooting wisconsin	1
wisconsin interstate	1
common core math skills	1
formative assessments in wiscons9in	1
costco membership deals 2016	1
turok 2 cheats	1
w5450 keil coulee rd la crosse wi	1
shun dm0610	1
sunday brunches in milwaukee	1
winnebago	1
may day history	1
the amazing race time pacific	1
tess	1
michael scott dont you dare gif	1
wooxy	1
audible with prime membership	1
olx	1
chicago irish fest gaelic park images	1
challenging child	1
what's the difference between blade and soul and aion	1
dragon quest builders	1
how to be ninja	1
homestead nursery theresa wi	1
remax davenport iowa	1
fintech companies	1
deep discount	1
crash at talladega	1
stormtrackforum	1
360 fly \	1
campbell sci. thermistor 107-l5 special	1
daniel berrigan darft cards	1
disable internet explorer enhanced security configuration via server manager 2012 r2	1
duck game pingu hat	1
server 2012 r2 disable screen lock	1
how do i avoid ticks	1
iowa child and dependant abuse class schedule	1
bell helmets	1
outdoor sex	1
lexi bell	1
bart and lisa fucking	1
gurgorecenzja	1
aipmt 2016 cut off	1
sex using humeral head	1
sasha banks	1
diestrus + horse	1
horse barn plans	1
leased horse insurance	1
vertical transmission of hiv	1
maternal viral load, zidovudine treatment, and the risk of transmission of human immunodeficiency virus type 1 from mother to infant. pediatric aids clinical trials group protocol 076 study group.	1
punch hip hop	1
seated nude combing her hair degas 1887	1
weabenefits.com/your money	1
weekly meal planning	1
donald trump	1
capybara	1
apac	1
do you put anything on your dog after you remove a tick	1
turnstile fat people	1
i hate small talk	2
men beastiality	1
how to cut edit mp3	1
promaster rechargeable batteries	1
but one uses an iterator design pattern and the other doesn’t. list the pros and cons (if any) of each design	1
comcast careers	1
nfl draft grades	1
lyndsay petruny new job	1
ebersbach artist	1
pho trong master chef my	1
visa requirements for indian citizen to pakistan	1
mount olympus wisconsin dells indoor water park	1
crescent 170pc mechanics tool set	1
best way to boost wav without distortion	1
the originals cast	1
nfl draft results 2016	1
gods and kings dlc t	1
seatac	1
golden calf	1
uwec	1
chocolate lolita dress	1
fabric	1
galaxy s5 screen repair	1
model number: b140xtn02.e	1
what physically happens when you die	1
wwe chat room	1
wausau news herald obituaries	1
wausau police shot	1
dandelion wine recipe	1
htc throwdown results	1
spreading petite ass pics	2
cum on lips pics	1
pathfinder cleric	1
rhapsody	1
win xp para virtualbox	1
algoritmo para girar centro 3x3x3	1
remove things from rust	1
viterbo athletics	1
wis unemployment	1
nbc days of our lives	1
404 s webster ave green bay wi	1
139 s madison green bay wi	1
904 s monroe green bay wi	1
1028 porlier green bay wi	1
square enix	1
rick barry nba	1
steve nash	1
nfl championships	1
unicorn flower vector	1
most pretty crystal	1
why am i the one	1
ap chem equations to memorize	1
iron cross automotive	1
gm fleet	1
periodicos digitales mas leidos en españa	1
gray's tied house	1
housing collectives	1
australian-cattle-dog-blue-heeler	1
draeger langendorf	1
"asus - 15.6"" laptop - intel core i3 - 4gb memory - 1tb hard drive"	1
axxess aswc-1 steering wheel control adapter for hyundai accent	1
horsecock	1
beautiful oops lesson plans	2
directions to work	1
logical operator symbols	1
ma'ō picollo	1
lightning in the sky	1
removable license plate motorcycle	1
do gas station jobs drug test	1
throw some mo beat	1
how to install felt paper on floor handyman	1
godaddy hosting term match domain term	1
godaddy change nameservers to godaddy	1
redding ca	1
vacuum furnaces for auction	1
shawano speedway	1
current price of gold	1
biolite stove	1
is there a solution to the blackout with windows 10	1
windows word page fill effects does not save to pdf	1
lamp parts	1
elmbrook mercedes benz	1
flatgrass soccer tournament	1
smaller effective excercise equipment for an apartment	1
native american symbol of love	1
real simple	1
timbuktu labs	1
#2 steel scrap prices	1
thomas	1
fear and loathing in las vegas free online stream	1
prince purple rain album for sale	1
wood pallet information	1
deviantart	1
tux rental madison wi	1
mother day brunch rhinelander wi	1
xhamster	2
fulton trailer	1
knight solaire summon sign gwyn	1
anthony bane obit virginia,mn	1
emuparadise	1
av club interview queens of the stone age meth	1
brass instrument lacquer refinishing	1
flugelhorn shank adapter	1
identifying flugelhorn brand	1
cooper tires	1
2005 ninja 250 exhaust assembly	1
chronicles runescape legends brawler card	1
adam funhaus tattoo	1
microsoft outreach	1
beer can island mn	1
hudson wi beer can island music	1
foreclosure for sale new richmond wi	1
stadium view green bay	1
coolrom	1
lagertha	1
overnight train paris to prague	1
can my back cause my knee to hurt	1
aarp games	1
starwest botanicals	1
zillow manitowoc county	1
worst marvel comic book villains	1
worst comic book characters	1
worst comic book characters of all time	1
poison mushroom mario	1
movies for cub scouts	1
waupaca wi city deer hunt permits	1
lesbian porn	1
drain brain	1
well sediment filter	1
robert shaw	1
rosalind chao golden globe getty	1
lauren gibson actress	1
can a pension fund become a bank to make loans?	1
kagamine rin hentai	1
vistaprint promo code	1
becky mcguire facebook	1
logitech m185 specs	1
packers draft picks 2016	1
yangming	1
ebates	1
husky 3 in 1 all purpose cutter	1
jake farrow	1
n1759 forest lake rd 53010	1
leiyin temple india	1
gasbuddy wi	1
partsgeek	1
feiyue fy-03	1
hotels in dickinson with full kitchen	1
alla nubiles vipergirls	1
what are the disadvantages of using only expository text	1
90s polls	1
rune factory 4 differences	1
last of the summer wine variations on a theme of father's day	1
milwaukee circuit court	1
saxon math course 1 solutions manual	1
fb	1
how is a bone density test done	1
wario undertale	1
dreamworks face	1
jasco products	1
la crosse restaurants	1
pvz gw2 gameplay	1
aetas lumpini	1
renaissance phuket resort and spa	1
casting couch porn new	1
7th symphony second movement interpretation	1
cant automate magical crops	1
boars in evendim	1
blacked.com	1
divi video background loop choppy	1
freecam	1
rachel mcadams	1
mars perfect for lichens	1
how are crops genetically engineered	1
healthy kids day ymca green bay	1
the act of killing	1
high mileage oil	1
plant chamomile with garlic	1
2016 jeep renegade transmission problems	1
what is als	1
is als bad	1
architect sketchbook	1
build blog	1
aaa madison wi	1
keywords linkedin	1
100 most popular topics linkedin skills	1
pizza hut port washington road wi	1
pizza that serves buffet style in milwaukee	1
minute rice.com	1
beargrease lefty	1
windows view artrage thumbnail	1
hotmail	2
nascar	1
a1 furniture madison wi	1
cheap flights	1
mature eyes gaiaonline	1
google drive	3
nymph	1
sonar type sound navtex	1
kohls coupon	1
infonet racine	1
metroid fusion rom hacks	1
ottoman empire bronze age	1
iron age	1
uwm panther arena	1
#15. h.r. giger bar, gruyere, switzerland.	1
green room	2
firefox addons	1
magic launcher 1.9	1
fire new york	1
mudd cloth	1
floor cloth	1
hbo now	2
the lost tribe runescape	1
brotherhood minutemen	2
menard	1
why do you get horny before your period	1
narrow shoulders bridges ditches guardrails and trees are examples of	1
i am malalal quotes	1
crest cadillac brookfield	1
butt lifter shorts	1
how to wear a dress	1
will exercises get rid of bum cellulite	1
you tube	1
hawaii web cams	2
antisocial personality disorder	1
dahlias	1
model # lfx28968st with black sides	1
tlwolden26@gmail.com	1
chin up technique	1
new york street style 2016	1
leggings new york city	1
translate	1
gt2056v specs	1
"""any decent woman wouldn't do this"" by ""pang nutnicha"" mono music. thailand"	1
leh ratree	1
samsung galaxy core prime	1
kitkat vs lollipop os	1
konichiwa song	1
quotes about supportive friends	1
macys	1
craigslist green bay	2
brewers tickets	1
abby lee brazil fucking stepdad	1
kingdom hearts unchained x fb login failed	1
time rifters steam key	1
jewelers in chippewa falls wi	1
mps	1
protests milwaukee today	1
uw platteville food services	1
cheesy pull apart sliders recipe printable	1
game of thrones season 6 episode 2 torrent	1
загрузить mp3 pvris my house	1
abstract synonym	1
glock 23 police trade in	1
reddit	1
mdx with member filter	1
35 hp motor for boat	1
reagan tear down this wall	1
ukraine compared us	1
polyamory and being a secondary partner	1
simplicity 2105375asm	1
shopko venus shaving coupons	1
alex and sierra	1
atms	1
foi fm 102 9	1
rock and ice	1
brother yun	1
alison rapp was not a pedofile	1
cuts & bolts fabrics	1
are bisexual women seen as just being confused	1
dispose of mattress madison wi	1
gop debate	1
gop polls	1
uwec library hours	1
orland il	1
fuck.my.dick! the amazon position	1
jack fm	1
bikini porn	1
oslo	1
personal leadership philosophy	1
pollyanna	1
primary dates democratic	1
menards window shades	1
north high school	1
modern web design	1
diablo 3 witch hunter set	1
political party structure differences	1
michael authier	1
kim sorgent ministries	1
skin numbing spray	1
is mcjuggernuggets real	1
socialblade	1
wiki how to become a hacker	1
the real men in black	1
mcjuggernuggets wiki	1
haikyuu	1
long lines in poetry	1
sandy translation	1
www.husqvarna.com	1
candy crush	1
marcus theaters appleton wi	1
wellness center appleton wi	1
bones season 6 free stream	1
dystopian impulse in modern literature	1
chase visa card	1
clean a coffee maker	1
steel wool coffee vinegar stain	1
lehmann and casella 1998 section 6.1	1
what causes crankyness	1
largest binocular telescope	1
wisconsin rapids daily tribune	1
cost of living comparison international	1
prn.fm	1
norman bates	1
55 ne 5th avenue delray beach, fl 33483	1
states of wisconsin constitution copyright clause	1
devon cattle	1
dragonflight review	1
map speed time calculator	1
road america	1
kimpex fender guards with foot pegs for 06 polaris sportsman\	1
atv passenger foot rest	1
70-411 administering windows server 2012 lab 15 answers	1
70-411 administering windows server 2012 lab 15 answers full	1
busty pictures nude wet	1
busty pictures nude wet bent over penthouse	2
mangle x foxy	1
alaska airlines	1
linguistics honor society	1
espnwatch	1
o hare shuttle	1
veetle	1
ashleyisexcited	1
southwest cancel	1
frederick douglass	1
ringling college of art and design	1
impregnated hentai	1
pcr forum	1
rosemary leaves	1
leaf classification	1
rosmaridiphenol	1
physical properties of canola oil	1
canola oil melting point	1
madison zip code	1
maps	3
tripadvisor	1
dark souls 3 torrent	1
sierra trading post coupons	1
coach	1
tree of savior	1
menards	3
vm client	1
linux mint	1
installing linux mint on virtualbox	1
plex load xbmc metadata	1
cyberlink	1
alcohol vapor poisoning	1
packers news	1
cybera server	1
internet cafe software	1
total carrying cost calculator	1
franchise hockey manager 2	1
copy over the cracked content from the /crack directory on the image to your game install directory	1
where is ol doinyo lengai located	1
iafd	1
zoey foxx	1
how to make a dvd rw play on a dvd player	1
gm parts direct	1
cree flashlight vs surefire	1
tonga rhapsody quilt	1
tonga rhapsody quilt pattern	1
ccli	1
failed to play test tone windows 10	1
how to split a string into words in c++	1
prince	1
wiaawi girls soccer scores	1
2016 crestliner superhawk 1750	1
birds of northern michigan	1
non alcoholic sparkling punch with red grape juice	1
non alcoholic sparkling punch	1
88.9 milwaukee playlist	1
patrice daly	1
tully site:youtube.com	1
192.168.l.l	1
under armour hair bands	1
what are egg shells made up of	1
theater plays in oshkosh wi	1
houses for sale on robertson wauwatosa	3
install f4se	1
helen bader foundation	1
why would you use distilled water in bologna	2
48x48 corner tub	1
clawfoot tub shower curtain rod	1
ginger scrap and salvage,unity wi.	1
aim surplus info leak	1
realclearpolitics	1
high speed internet des moines iowa	1
slumberland	1
ice poseidon	1
julius poland wiec	1
9274892700465789054406	1
tidner scam boyfriend with erectile dysfunction	1
holly stogner	1
scott anthon photography	1
fable 3 glitch time stopped	1
list one possible pathway in the flow of blood from the dorsal venous arch of the foot to the right atrium of the heart	1
at&t partner plus phone module	1
plex pix setup	1
god of war ares fight tips	1
the 100 the cw	1
turning a picture black and white then having some color on befunky	1
martyn ashton injury	1
deceased celebrities 2016	1
mls 1406674	1
where is my refund	1
let your heart beat again	2
atame cast	1
chw	1
watchcartoonsonline anime	1
cocoa bean shell mulch	1
step2 clubhouse climber	1
resume templates	1
drake new album	1
white house jazz concert 2016	1
bompa meaning	1
jegs	1
forest lake menu	1
bad lip reading ted cruz	1
danielle colby	1
photography in havana	1
old town otter kayaks for sale	1
gundam unicorn bakabt	1
gundam	1
knitting patterns for rowan thick 'n' thin yarn	1
mortgage calculator	1
hoia baciu forest	1
diy slow speed grinder	1
rent cafe	1
online ecomony course	1
league of legends how to get influence points faster	1
america revealed food machine analysis	1
how has more meat eating in america changed the food industry	1
google slides templates	1
characteristics of ulysses grant	1
xnxx.com	1
watch zootopia online free	1
failed to create summon sign dark souls 3	1
midland daily news heroin	1
leaving the water running while washing dishes	1
how long to let baby cry at naptime	1
america's test kitchen cookies	1
beit oren	1
parking at target center	1
bryce harper	1
philippe barbarin	1
litehouse	1
game of thrones season 6 episode 2 watch online	1
construction estimate template free download	1
compettitve vaping	1
fallacies in the media	1
kenneth grieb	1
the future of the portuguese language	1
look who's back	1
carpeted surface chair mats for hard floors	1
american floor mats promo code 2016	1
schmitt music	1
eagle scout ceremony	1
lcs rules	1
midwest league of legends tourney	1
euc	1
tpb	1
iowa radar	1
sound deadening insulation	1
newegg	1
9xtunes reddit	1
channel 3000	3
wayfair	1
mayo clinic login	1
lisa's grooming salon	1
vaccination schedule	1
wolfgang amadeus mozart	1
flexon frames	1
watch masterchef online	1
daniel tosh stand up	1
crawls through the night	1
classical symphonies usually included	1
lakeside foods reedsburg	1
lowes arched front door	1
cribbage	3
creeping charlie	1
ark medical brew	1
flourless banana chocolate chip muffins	1
peanut butter banana chocolate chip muffins	1
wisconsin statutes who can officiate a marriage	1
create a minecraft skin	1
boom boom satellites	1
tumblr	2
sigma aldrich	1
waukesha state bank	1
nancy notions weekend 2016	1
amazon echo	1
how do i get my paraprofessional license in wisconsin	1
cbs sportsline	2
craigslist denver	1
open face pizza burger recipies	1
open face pizza burger recipes	1
mason domask	1
fond du lac reporter	1
ko homan	1
sister wives	1
eau claire marathon clothing	1
be the best you can be--in your nineties by molly schecter	1
diablo 3 menagerist	1
pizza hut on line order	1
whitespire birch trees	1
dro marijuana	1
sussex cardinals	1
vineland co	1
faultspawn	1
sorcerer pathfinder	1
wallmart	1
soap from bacon grease	2
redtube	1
citibank	1
friday memorial library	1
no sound on computer windows 10	1
grater whiter smiles coupon	1
10 mg oral torodol uses	1
gettysburg day 2	1
waupaca real estate	1
archaeological values in yellowstone national park	1
vahnerow, prussia	1
kbb	1
wires dog frames	1
siren,wi bethany lutheran church	1
2013 kia soul for sale raleigh nc	1
best craft beers in milwaukee	1
where to buy craft beers in milwaukee	1
watchdogs of farron	1
depression and anxiety disorder facts	1
causes of anxiety disorder	1
oxidative stress	1
metro kia madison	1
youporn	1
i found a way lyrics twin peaks	1
shi senryaku #1 comic	1
toxic orange gas romania	1
does yeast gram stain	1
anerobic culture pink indicator	1
pembroke welsh corgi	1
orange chicken	1
gilligan's landing	1
toppers	1
perfect stockings	1
i 90 construction wisconsin	1
dimensions tomah	1
director of clinical microbiology salary	1
xbox 360 list of purchased games	1
xbox 360 download history content not available	1
perry woods whitepages	1
weak acids	1
channel 15 news	2
mrskin	1
how to transport calves	1
hangar oconto airport	1
pro bowl inside linebacker green bay	1
credit one bank	1
tlc in astoria	1
memphis gardens	1
cumia compound itunes	1
city of milwaukee	1
wisconsin rapids father murder-suicide	1
nusakambangan island	1
youtube edm playlist	1
pof	2
we energies	1
lilly winwood	1
lol screensaver picture files	1
gpu that supports 3 monitors	1
legalize weed 2016	1
dragneel dota	1
discover deals	1
bold as love	1
donald tammy young amherst ny	1
aldoshoes	1
converse	1
dj snake twitter	1
2016 wis fishing opener	1
etsy	1
mitchel coates obituary	2
after long-term potentiation has occurred	1
forming many associations between new course material and what you already know is an effective way to build a network of	1
for purposes of lie detection, investigators have most commonly made use of a(n)	1
people should avoid back-to-back study times for learning spanish and french vocabulary in order to minimize	1
festival foods	1
howl	1
best thermal water bottle	1
nujjh	1
myaurora	1
outer limits zanti	1
how to get light skin like lil kim	1
check box	1
olive leaf extract social anxiety	1
fuller breasts during pregnancy	1
clothing plural or singular	1
yesterdays tractors	1
1/64 scale rollback bed kits for straight trucks	1
7153844545	1
nba	1
2188473875	1
david bradley tractor value	1
sucides due to depression medication	1
festival nude tumblr	1
pbs madison wi	1
recidivism rates	1
agents of s.h.i.e.l.d.	1
nike hyperdunk 2016	1
monta ellis paul george hickory	1
blood's thicker jersey	1
kde	1
os distro with kde plasma 5.5	1
the crowding out effects of fiscal policy are smaller if:	1
biogeochemical cycle of a grassland	1
mt big game appliccation	2
corregimiento buenos aires arboletes antioquia	1
translocaciones de vertebrados en latinoamerica	1
google scholar	1
howlong to make pizza n the grill	1
wis ccap	1
lvnv funding llc	1
alexandria mn phone directory	1
mia khalifa sex vids	1
www.the hun	1
mark allen racine wi	1
diana blake tube	1
diana blake pornhub	1
jg t3-sas fs3 airsoft rifle gun cqb aeg - metal version	1
american airlines.com	1
north korean famine 1994	1
the cold war	1
north korean hail storm 1994	1
pintrest	2
classic solitaire	1
phub	1
crazylegs classic 2016	1
illinois tolls	1
note frequency chart	1
refrigerator water filters	1
ken the odor dude	1
kindred lol	1
archetype geist	1
andy warhol blow jo	1
assuming the conclusion	1
the dover boys	1
tom klumpyan	1
motels in eau claire wi with pools	1
deluxe checks	1
lowe's hardware	1
stone tavern kent oh	1
manitowoc lincoln1964	1
helen exner shawano	1
bach ringtones	1
bodyboards	1
farm and fleet	1
kerrigan height and weight blizzard	1
common core standards	1
crossfit	1
michael kors cindy large dome crossbody navy	1
529 taft st fond du lac	1
76 east 9 th st fond du lac	1
522 saratoga north fond du lac , wi	1
senran kagura: estival versus	1
diy pegboard	1
rockstar energy drink discontinued	1
is pepsi discounting rockstar energy drink	1
who owns rockstar energy	2
plastic optical filter	1
legend of zelda windwaker mla citation	1
connect with english	1
hibike euphonium wiki	1
viper ddr4 timings	1
get freeware paint program	1
paint on helm switches fading	1
mature couples	1
wisconsin supreme court in citations	1
adversary system	1
aries daily horoscope	1
learnuw	1
ford f-150 lease options	1
paribus	1
blanc stainless cuff links	1
journeys	1
free sex cam	2
15-ac143wm	1
the raid: redemption	1
the raid redemption free online	1
best spy movies	1
best action movies	1
best rom com movies	1
birdman or (the unexpected virtue of ignorance)	1
marvel captain america civil war trailer	1
listing of accounts receivable by the age of each account is called	1
bellami	1
spell fabulous	1
fairbanks morse magneto parts	1
can you copy a desktop to transfer to another computer	1
in a hurry achievement d3	1
different segments of society – separated by social class, income, age, and race – that are engaged in a constant struggle with each other for control of society is depicted by which of the following models?	1
community supervision that occurs after release from jail or prison is called:	1
a style of policing that emphasizes centralized police organizations increased use of technology and a limitation of police discretion through regulations and guidelines was known as the:	1
in the courtroom work group, who is responsible for maintaining security and order in the judge’s chambers and in the courtroom?	1
four basic philosophical reasons for sentencing?	1
which of the following is true regarding intermediate sanctions?	1
light creature vs muspah	1
이쁜 글씨체 다운	1
java	1
pinterest	1
antenna web org	1
dwarf fortress	1
preservision areds 2	1
csr bluetooth	1
the blind horse winery	1
sermon mother's day 2015	1
league of legends	2
nvidia graphics card checker	1
you made me cum in your pussy	1
stufffed beef tenderloin with feta cheese	1
sunny wwf	1
pill identifier	1
lm3886 amplifier circuit	1
lm3886 input impedance	1
f7-15 bearing	2
kyocera brigadier case zizo	1
kyocera	1
amazon prime	1
the macallan	1
roadrunner email	2
garden utility trailer	1
panasonic wes9068pc	2
catlover234	1
northwoods sleigh and carriage	1
wikipedia	2
festfoods	1
keystone reality edgewood ia	1
3movs	1
youtube 4k stutter	1
taobao	1
wluk	1
wfrv	1
anal instruction	1
anchorage, al	1
nr2003 2016 carset	1
nr2003 mods	1
teamsnap	1
mother's day menu ideas	1
pixiv	1
bladebound magus pathfinder	1
mighty no. 9 - backers edition	1
pathfinder rpg poisonous frogs	1
pathfinder rpg dire tiger	1
overwatch beta times	1
simple harmonic motion in a pendulum	1
vince carter poster	1
custom poster	1
muthead	1
how to make images have higher resolution	1
2011 infiniti m56x	1
t test example	1
jigglypuff joke	1
matthew braunginn	1
mystery girl madison	1
imgur	1
skyrim bikini trouble cbbe bodyslide	1
tommy hilfiger	1
identity poem	1
no keys and three doors	1
kdwb	1
lease unreimbursable cost	1
columbia, mo zip	1
natal chart	1
sweet potato recipe	1
윤동주	1
jsonline	2
strip club appleton	1
boat tour appleton wi	2
boat cruise appleton wi	1
mahjong	1
brewers triple play	2
rms contrast	1
quicken lots of duplicate transactions	1
quicken view fitid	1
quicken setup web connect	1
runescape blood essence items	1
league of legends reddit	1
tax exempt interest municipal bonds	1
真空镀膜	1
vg tot 视频	1
薄红デイトリシッパー	1
剩余应力	1
清华大学出版社 英文	1
crate and barrel	1
charter.net	1
wilde toyota madison	1
toyota dealer in appleton	1
mavids pet spa	1
dog barking	1
compassion international	1
longshoremen for local 696?trackid=sp-006	1
for local boilermakers union #696	1
who can help me with paying my rent in green bay,wi?trackid=sp-006?trackid=sp-006?trackid=sp-006	1
bmw e34 rear brakes	1
t-mobile select choice	1
t-mobile coverage	1
david onyemata	1
beniquez brown	1
eglx ssbm bracket	1
shmoop	1
child's play charity	1
tool to set needle valve on two cycle carb	1
one year anniversary of death what to say	1
shadako26	1
rilee marks & dana dearmond	1
sawyer county wi land records portal	1
park lane jewelry	1
autumn west building- 3410 w lisbon milwaukee	1
kohls credit card	1
american inventions	1
stevie nicks silver spring live	1
face	1
aflac accident policy apendix	1
how to take care of surgery wounds after surgery	1
why is depression seen in women more	1
skippyjon jones	1
fighting a disorderly conduct ticket	1
criglist	1
amazxon	1
cos - tan x cos=0	1
google fonts	1
ninebark little devil	1
mixtures that would be considered buffers include which of the	1
powerful close to a motivational speech	1
surgery to remove belly fat	1
how much does a data scientist make	1
male milking machines	1
pros and cons of utilization focused evaluation	1
29 palms marine base	1
richland center funeral home	1
life the game	1
pi 2-lcd35-2015-03-03-raspbian-jessie	1
3.5 inch rpi lcd v3.0 setup	1
how to email someone on amazon	1
what electronics can use gpio pins	1
how to get your tv to read sstv	1
packers	1
udfa for 2016 and packers	1
geronimo allison	1
bed bath and beyond	1
usbank logon	1
candi co deck	1
ukulele how to strum	1
gfs	1
how many wallys does john fourse have	1
old coleman parts	2
rogans shoes lacrosse	1
5.25 coffee holder	1
www.my.unemployment.wisconsin.gov	1
hom furniture	1
buffalo wild wings	1
how to make new brush in clip studio paint	1
coke and popcorn the walking dead season 6	1
the walking dead season 6 episode 1	2
the brett rossi experience	1
gonzoxxx	1
werner replacement parts for s322b-4	1
mn lottery	1
rusty blitzcrank	1
диабет	1
mothers day flowers	1
angler cellphone under devices	1
diablo 3 in-geom	1
is overactive bladdar syndrome hereditary	1
web of science	1
good easy meals	1
espn/golf	1
wisconsin form 1 instructions	1
paul mccartney coloring page	1
named mob overveiw fear itself	1
mkx characters	1
census 2010 metropolitan areas racial makeup	1
do all groups need leadership?	1
cabinets now	1
blood moon thresh	1
direct tv	1
directv landlord agreement	1
matcha wisk japan wholesale	1
facebook.com	1
cardinal stritch	1
ardisam parts lookup	1
chegg	1
white pages	1
rectifier tube	1
geneva ridge	1
how to tell if your office 2000 is licensed properly	1
dark souls 3 wiki	1
frozen elsa and anna switch places	1
jews were mass murdered in poland after wwii	1
tori, tarra & bobbi love rocco	1
midnight's edge	1
lesbian hiv transmission probability	1
wi lottery	1
area of a triangle x y	1
game of thrones season 6 episode 2 putlockers	1
game of thrones season 6 episode 2 stream	1
warning: ipopt finished with status restoration failed	1
weihenstephaner hefeweissbier	1
тут.бай	1
draft grades nfl	1
what is a binding style chain	1
seaworld san diego	1
chapter 3 great gatsby	1
harsh architecture	1
kortendicks ace hardware	1
esl cafe	1
olympia tools	1
crescent code red	1
where does quartz in granite typically end up?	1
shawano wisconsin funeral homes	1
recent car accidents in bloomer wisconsin on may 1,2016	1
sims 2 error d3derr_invalidcall	1
what is a set of policies, procedures, standards, processes, practices, tools, techniques, and tasks that people apply to technical and management challenges	1
to temporarily hide all the records that do not meet your criteria	1
maisie williams smoking	1
rentracine.com	1
pokemon x list	1
packers cal	1
comedians in cars getting coffee	1
smith and wesson	1
john 20: 19-25 arabic text	1
thredup	1
tuna and hot dog hospital diet	1
honey monroe - first place	1
rachael madori, mick blue - gape	1
diamond monroe anal	1
younow	1
mini hot pot madison	1
boxingscene	1
techbargains	1
a- frame bridge	1
bill evans biography	1
johan santana	1
utorrent	1
benefits of marijuana	1
how to cite norml	1
is there a special spring/strut compressor for for f 150	1
metadrama	1
lake superior weddings	1
ebay motors	1
how to sing like stevie wonder	1
lyrics of bicycle race	1
long term resort reentals near cushing mn	1
spider minions on the roof	1
runescape money making	1
career development plan timetable	1
how to reference an article in a paper	1
sheboygan piercing places	1
revert local commit github client	1
what's the cause of the zombies in walking dead	1
crazylegs results	1
grip for armcor m206	1
armslist racine wi	1
in the above table, the government sector surplus or deficit (its budget balance) is a	2
torrent search	1
a real sailor only needs the stars to navigate	1
blank pony template	2
burlington	1
what's new on netflix	1
3511 s kernan ave appleton wi	1
powerball winning numbers	1
ashmore estates ashmore il	1
ripon high school	1
glencoe precalculus answer key	1
a simple and effective diy car upholstery cleaner	1
joshua stuhr death	1
there's poop in my soup online	1
bible gateway	1
curvy love	1
backpage	1
recruitment advertisement mock jury	1
water based lotion vs aloe based lotion	1
m&p 22lr pistol adapter	1
lucid tac self defense pen	1
but i'm lady movie	1
www.missingmoney.com	1
swisher mowers zero turn belts	1
custom benchmade 51 spacers	1
slot machine online free	1
weather underground	1
brewers superhero night	1
durango corsa	1
jeff geske linkedin	1
spider solitaire	1
k 45800-4-bn	1
k5317-4-bn	1
mickeys hartford	1
flags of european countries	1
stream game of thrones season 6 episode 2	1
stream game of thrones season 6 episode 2 free	1
mcfarland breakfast	1
800-832-9286	1
is garcinia cambogia a scam	1
cookie	1
"jeremy renner ""weight"" bourne"	1
brad pitt batman weight	1
brad pitt weight batman	1
safelink.com	1
daytime emmys 2016	1
motorhome at chattanogga	1
garrys mod how to get ulx ranks certain prop limits	1
20-16 map with planet nibiru	1
ipad mini lcd replacement	1
batman vs superman sockshare	1
swappa	1
servers for league of legends	1
retreat synonym	1
blastomycosis osteomyelitis	1
shorewood swim	1
sherton denver	1
gallbladder problems	1
internet tv options	1
i want to stop opening new tabs on clicking links	1
wild river for sale niagara wi	1
the good wife	1
naruto shippuden episode 242 dubbed	1
wisconsin public power	1
change my address	1
retro revolution	1
eagle robo new	1
rubber mat for front door	1
shark tank	1
hayley thomson milwaukee	1
anon ib wi	1
uwm psychology curriculum	1
leonardo dicaprio	1
w6481 lakeview ct menasha, wi 54952	1
grammar check	1
how to turn enable bi-directional support on in the printer's properties dialog box.	1
free fursona commissions	1
john suazo sculptor	1
wisconsin sheet metal local 18 contract	1
quote unquote records	1
meatloaf how to	1
craigslist madison wi	1
www.lakeshoreumc.com	1
wifi secure proxy	1
rsurek@universallending biz	1
bay valley nacho cheese sauce 3-oz pouches	1
nina grb1 crush	1
luke 13:29	1
how to read tire size	1
matteo's waukesha\	1
wordpress www redirect can't log in	1
remove page from google index webmaster tools	1
download itunes free	1
jolene 2008	1
the rivoli la crosse wi	1
uncharted 4 review	1
brookfield wisconsin motorcycle	1
red barry song	1
flv to mp4	1
someone saying that ain't real	1
i don't believe anything u say	1
new 3d porn games 2016	1
sex video game simulator	1
sex video games 2016	1
violet monroe clips4sale	1
yummymodel 2016 webcam videos	1
jezabel vessir creampie	2
new dvd movie releases 2016	1
unity 2d box collider trigger not working	1
insert bibliography	1
tangshan earthquake devastation	1
eschool wisconsin	1
james cameron's avatar the game mods pc	1
recover corrupted file	1
dead like me skipping in line	1
scott mosier	1
nolan miller	1
cách nấu bánh canh sườn non	1
leitheiser car west bend	1
the big rock candy mountain	1
lester holt	1
farming cache materials	1
"leoric's crown ""transmute failed."""	1
david grinnage	1
tacks in underwear bdsm	1
metal nail pad	1
nbadraft.net 2015	1
fox communities credit union online	1
viking longboat	1
viking longboat template	1
miller park carry in rules	1
jav uncensored paizuri	1
eve influence map	1
jump square release schedule	1
finnish heritage center hancock mi	1
mmo unblocked	1
scibor bases	1
desinger shoe warehouse	1
building concrete forms	1
wizard101 burly troll	1
polls for 2016 senate races	1
weatherbell global temperature	1
lamontagne ray no pressure	1
dominos horicon wi	1
hampton inn chicago downtown/n loop/michigan ave close this message close this message 3.0 out of 5	1
palmer house chicago	1
babes.com	2
rio backpack chaise lounge chair	1
pizza hut menomonee falls	1
rio backpack chaise lounge chair for sale	2
birthstone charms for necklace	1
what if my snakes eye caps didn't come off	1
ball python removing eyes caps	1
pasta sauce from scratch	3
dreams unlimited shipboard credit	1
public holiday philippines	1
cooper cs5 grand touring 94t tire 215/60r15 motortrend review	1
csgolotto	1
may 2016 ps plus	1
how to clean a bore snake	1
what kind of sex during her period	1
early signs of dementia	1
dying light weapon guide	1
how to stop the windows 10 upgrade	1
solar powered drone with camera	1
narrative language processing	1
korean langua	1
moscow apartments for rent	1
thisislennon	1
benefits of having dreads	2
antithem	1
dauphinoise potatoes	1
historical milwaukee	1
nws la crosse	1
beaver dam daily citizen	1
femal vocals on fallujah album	1
facebook app	1
ford f150	1
larry wilmore white house	1
2017 super bowl picks	1
fox river state bank	1
i wanna go home, this is the worst trip i have ever been on	1
saving private ryan full movie	1
fallout4 prefs.ini mods	1
minnesota duck calls	1
free sound music	2
amazon photos	1
the racing pulses	1
f	1
mr tinfoil	1
safe launch automatic	1
google translate	2
wrestling news	1
streamate	1
fat voyeur vids	1
who counters orianna	1
aluminum trailerds	1
cincinnati iowa george ireland	1
car started to shake when starting up	1
fishing in wisconsindells area	1
add counting cubes game	1
macy.com	1
how do you factor x^4+2x^2-3=0	1
stressed out + lyrics	1
myuw	1
merit wod	1
lol	1
pathfinder unchained rogue	1
pathfinder kitsune build	1
nissas revelation in green tron	1
algorithms ed psyh	1
grey or gray	1
decorah eagle cam	1
dictionary	1
rita hester	1
rihanna pon de replay	1
"'scavenger's daughter"" bondage"	3
agario play 2016	1
hyundai of racine	1
belinda church	1
recliner side table with storage	1
convenience concepts	1
chest of drawers	1
blood clots in hospital	1
dvt in hospitalized patients	1
nicolas flamel	1
hp c4580 change ip address	1
faeit 212	1
dominion virginia	1
wi rush	1
edible flower garden	1
chattino	2
best offensive hero in overwatch	1
weed overdose	1
learn@uw	1
map of us	1
statsistics wisconsin leads in	1
fender telecaster 2000 mexico	1
sinister	1
vernon county land records	1
gymanastics in sprata, wi	1
viroqua park and rec	1
hurricane	1
rovi	1
what happens when a nuclear waste leaks	1
nuclear energy efficiency vs solar and wind journal	1
garmin watches	1
hannah ferguson gif	1
hannah ferguson twerking	1
cynthia from mompov	1
booty shaking granny	1
hesitant wife fucks strange cock	1
liveleak	1
color picker from image	1
create a fantasy map	1
soa architecture example c#	1
countris not in axiz power in wwii	1
all access cbs promo code	1
lindsay lohan 2016	1
fatima 100 years later	1
uw madison box	1
replacing 2005 f150 muffler	1
2005 f150 magnaflow muffler	1
drake grammys	1
half angle identities calculator	1
jw model 20055 manual	1
tosa yoga workshop	1
adventure rock clip	2
mikhaela reid	1
writtin papaer on the movie 1982 sharon leal	1
osrs world map	1
ariens 920014 snow blower	1
latitude : 37.09691097 longitude : -84.06777104	1
venice tours	1
tree of life charcoal	1
dun it with a whiz	1
top paint horse reining stallions	3
ffxiv reddit	1
uwsp	1
quote from third eye tool	1
bill hicks	1
bimbo	1
macrodomain	1
dantdm roblox	1
kids.nineplanets.org saturn	1
29 pines family restaurant and lodge bar	1
fallout 4 effects maker	1
carbon flyer	1
dji	1
the hoai baciu forest	1
noenum	1
cat turtle	1
synchrony bank	1
japanese monsters	1
purple birthday cupcake furry paws	1
ascension lutheran church minocqua	1
snowflake afghan	1
lowes	1
best dishwasher brand	1
strict julie	1
hail caesar	1
marc jacobs beauty glow stick glistening illuminator	1
grant gym leader serebii	1
ヨスガノソラ エロ	1
stem cell research legal	1
t mobile	1
mr shoe milwaukee wi	1
world organization of scouting	1
hotel mystery shoppers	1
communication quarterly volume 44, issue 1, 1996	1
which is faster radon gas or helium	1
obama he dead gif	1
mama mia's	1
snowbird	1
finale show natural sign	1
may 13 2016 concerts wisconsin	1
property owner information milwaukee, wi	1
control korg volca beats with midi	1
kaoss pad pro plus set clock	1
doom 64 ex faq	1
dem know	1
mexican restaurant in princeton,wi	1
far cry primal	1
best long pillow	1
ranger tugs for sale	1
british kim donna gangbanged	1
yahoo news	1
ranger tug	1
ranger tug 25	1
1920 piano music	1
skyline comedy club schedule	1
bill howard hockey	1
gelatin hollandaise sauce recipe	1
green bay urologist	1
garen jungle build s6	1
medicare.gov/drug plans	1
quinton schooley	1
resurecting elevation worship	1
celia karmel	1
library clipart	1
ورة البقرة العفاسي	1
illiad cardinal stritch university	1
basic endocrinology epinephrine	1
pearl onions recipes	1
sauteed mushrooms	1
french onion beef pot pie	1
solarmovie	1
chevrolet trax	1
vudu	1
dictionary co,	1
all of me john legend lyrics	1
stattrak tec 9 avalanche mw	1
realidades 1 capitulo 7a-2 answers	1
myrene sister	1
sister angeline wisconsin	1
sterilite 12 quart storage box	1
what other gas tank will fit a 1999 road glide ?	1
famous demon paintings	1
xenomorph mating	1
ncsa	1
vintage miller high life lighted beer sign	1
balls of steel	1
cystic fibrosis	1
all inclusive jamaica	1
2016 calendar	1
chase	1
how do hmong dawb spell green	1
youtube ethoslab	1
thai sex resorts	1
tarragon chicken	1
shooting on 92nd and lincoln	1
motorola astro spectra s records	1
incendies putlocker	1
browns draft picks 2016	1
usa today	1
ebling library	1
coffee shop pre-ground coffee	1
is sex at 40 good	1
пушкин и гоголь хармс	1
hollister	1
ezekiel elliott jersey	1
golden corral	2
characteristic common to many domesticated crop plants	1
jbonamassa.com	1
josh gordon nfl draft	1
kids watch walking dead	1
hoi3 tech tree usa	1
hearts of iron 3 usa build ic	1
bow wow meow	1
becoming grandma leslie stall	1
pasadena, ca	1
mec2548ht	1
rusty dullum	1
my toshiba satallite keeps over heating and shutting down	1
imex games	1
праздник песни в литве	1
mormont	1
daredevil season 2 episode 13 streaming	1
curtis fins	1
schertz funeral hom san antonio tx	1
giant crab dark souls 3 finisher	1
wowprogress	1
sword of wounding	1
if you believe in me with all of your heart	1
replacment crosby clevis pins	1
plural form of novella	1
wireless security system	1
community state bank	1
cpt	1
free midi files	2
link to the past mysterious pond	1
mekong cafe wauwatosa	1
jon snow alive	1
in $http.get pass header parameter in angularjs	1
pivotal cloud foundry certification books	1
abstractsecuritywebapplicationinitializer maven	1
what are kids with congenital heart disease at risk for	1
the milner family sword coast legends	1
abandoned dig site sword coast legends	1
el pollo loco chicken daym drops	1
california raisins	1
ar 18	1
bactrim	1
lg volt 2	1
complete high school football field square footage	1
packet tracer 5.7.1.2	1
boost moble phones	1
zip code for kimberly wi	1
gay men in tight jeans with big baskets blogs	1
fedex	1
htc vive	1
wiper blade adapter kit	1
porn hub	1
leadership styles	1
walmart stevens point	1
menards stores	1
things to do in waukesha county	1
seirra trading post coupons	1
the external behavior of a system is described by	1
dead space comics online	1
crossbow for blackberry bushes	1
career builder green bay	1
environmental chemistry jobs wi	1
msnbc	1
commercial coffee machines	1
here i am , mercy me	1
posterior muscles of the upper body	1
manfrotto 475 pro geared tripod	1
flange focal distance chart	1
noodles and company	1
sauk county i 94	1
nancy reeder, md	1
games like nightmare in the lab	1
dawn of discovery city planning	1
pepperball rounds	1
rossi 243/20 gauge/22	1
apple store eau claire wi	1
why was i 94 closed today nearby madison	1
huevos	1
prodigy	1
steven avery reddit making a murderer	1
easybib	1
plain yogurt to make onion dip	1
ill receiver allison	1
images for british internation school of istanbul	1
non sibi photos	1
happiness is a warm gu	1
tractorhouse	1
math x12	1
vet clinic in east side of madison	1
paragon sparrow deck	1
sin 15	1
www.boat2trailer	1
news	1
education in milwaukee statistics	1
mass media in milwaukee wi	1
how to install dynamic v3.2 bo2 1.19 cex	1
stonegate apartments	1
nude scenes arabic actress viseo	1
penelope cruz ass ma ma	1
lesson plan template	1
rate my professor	1
tzu-chu lin	1
hex to binary	1
www.fitbit.com/setup	1
42 inch outdoor ceiling fan replacement blades	1
replacement 42 inch ceiling fan blades exterior	1
exterior ceiling fan blades	1
small simple website using php and mysqli	1
daisho con	1
nerf swords	1
wkow	1
android data recovery	1
google music	1
how to root galaxy note 5	1
david liners, wisdom	1
naked gardening day	1
4001 south 6th street milwaukee wi	1
brown stew shrimp	1
bvsteamtst	1
glass goblet	1
briebart	1
milwaukee	1
elena moussa	1
sequoia hotel redwood city	1
uwm financial aid fall 2016 dates	1
silicon valley season 3 episode 4 preview	1
go wild	1
rip quotes for a friend	1
