bang bros	1
american association of medical assistants	1
mamba out	1
berne evans pasadena	1
bike tire cut repair	1
is the fluoride added to drinking water the same as industrial fluoride	1
rx8 hose layout	1
cheap pizza delivery in cheyenne wy	1
buy pure enchantment pure spa oil diffusser	1
toby turner	1
myportal.gcu.edu	1
how to view casper star-tribune e-edition	1
how to refer to an anonymous source	1
toledo, ohio	1
kemmerer, wy senior center	1
rock springs, wy senior center	1
mtg eventide	1
winamp	1
asbestos effects on the environment	1
durarara	1
goggles for helmets	1
fox goggles	1
signal mountain lodge	1
autocad fabrication, webconnect login	1
"10"" cast iron no hub sanitary tee dimensions"	1
tyler pipe cast iron no hub	1
"10"" cast iron no hub fittings"	1
cast iron no hub fittings	1
ruger 10/22 triggers	1
if i have discharge should i start wearing a pad	1
evike	1
dish latino	1
in door pullup bar	2
calculating land cover of raster in arcgis	1
calculating number of roads in shapefile buffer	1
halo 2016	1
scramble for africa	1
ww2 important people	1
larry eustachy	1
uss cumberland	1
kenyon martin	1
bridezilla stories	1
slatkin & co website	1
yorick lcs	1
evelynn counter	1
twitter gradeaundera	1
pewdiepie twitter	1
wells fargo	1
behind the paint pdf	1
domestic violence in michigan	1
الاهلي السعودي	1
enzo and cass vs vaudevillains	1
pinterest	1
tv tropes the wolf among us	1
a variable declared in a function is also called a(n) ____ variable.	1
.the ____ symbol can be used to combine text strings.	2
an action for the browser to take in a script is called a ____.	1
why did the aagpbl start	1
how is the aagpbl different from boys baseball?	1
mastercool vacuum pump	1
wagner procoat no pressure	1
sorbet ingredients	1
carol or junior chase sheridan wy	1
logitech c615 drivers	1
walgreens	1
ancient origins membersite	1
gillette college	1
discover refer a friend	1
how to remove chromium	1
danny koker	1
bare necessities lyrics	1
disney movies list	1
mindless self indulgence	1
necco wafers flavors	1
universal studios florida	1
movie maker	1
pandora	1
bunk beds with stairs	1
iverhart max	1
dbs 41 gogoanime	1
feeling like i'm in a dream all the time	1
capitalism is the unequal sharing of blessings socialism is the equal sharing of miseries	1
freaky freddies	1
halliburton	1
medicare part d coverage	1
rockies tickets	1
sam capra series	1
facebook	1
outdoor furniture	1
sabrina carpenter	1
advantage energy technology data center migration	1
hunter douglas	1
peanuts figurines	1
joanna pettet 2012	1
state of utah jobs	1
free online tarot reading	1
9.2.1 jailbreak untethered	1
shark navigator swivel warranty	1
home depot	1
dog run kit	1
games for girls	1
create a void world minecraft	1
chest shop plugin	1
billings adult education	1
sears 7.5 charger	1
jerry bennett wyoming	2
3407crestline cir	2
boys cinch jeans	1
craigslist wyoming	1
ccleaner	1
ccleaner professional coupon code free	1
ikemenfuna	1
zombie flash game	1
oshine theme documentation	1
how to decrease size of pdf	1
arctic spare partd	1
pools: off the deep end	1
free atm fees	1
steph kegels nude tumblr	1
porn hub	1
dickies menu	1
create email account	1
laura trott interview	2
sonic the hedgehog lanyard	1
files shared by these updates invalid signature	2
nissan altima 1998 fuse box diagram	1
sim monsters	1
polaris of cheyenne	1
twitch	1
camara de comercio mexico - americana	1
irc dfu	1
irc code	1
porites care	1
teen mom	1
tater tot casserole	1
motorbooks	1
how was facebook created?	1
level 25 leves	1
where is the oxbow origin	1
nascar race today	1
sonic menu	1
the lutheran hour	1
wy state bar	1
2015 f1 race gp	1
classic oldsmobile air cleaner dual snorkel	1
14 inch dual snorkel air cleaners	1
why do i get water blisters inside of my legs	1
legend of the dragonfly	1
weebly.com	1
game of thrones season 2 episode 6 online free streaming	1
windows seven password finder	1
prague zoo	1
houses for sale casper wy area	1
bitdefender free	1
marvel galactus	1
rubber plugs automotive	1
fallout 4 railroad code	1
how do you draw a soccer ball	1
what happens if you go over the pitchers limit in fantasy baseball	1
how much do travel baseball coaches make	1
power bill high water heater	1
american eagle promo code	1
which of the following functional groups are found in a ketose sugar	1
how many possible tripeptides contain alanine (ala), and two glycine (gly) amino acids?	1
kbb	1
lucerne hammer pathfinder	1
microbial resistance	1
5 set rn wow	1
instroke case repair	1
2016 us bar table championships	1
golfworks free shipping coupons	1
elgin watch value	1
disaronno	1
java dead code warning	1
polo ralph lauren leather duffel ebay	1
may day	1
flipagram	1
painting ceilings	1
sexed semen heifers	1
emmrods	2
happy whells	1
sims 3 cheats	1
gomco circumcision	1
ctu login	1
flagstar mortgage	1
1999 jeep 2.5l	1
photo booth tag	1
gamejolt	1
sprint family plan	1
galaxy s7	1
ftb infinity evolved nuclear reactor design	1
annual salary police officer ogden utah	1
rockauto	1
clinton vp choices	1
form 1023 instructions	1
doc morgan fraternal jewelry	1
steiner 10x42 predator binoculars model 2444	1
wydot cameras	1
fastest way to level up heavy armor in skyrim	1
how much does it cost to resurface a cd	1
sewanee blackboard	1
la times crossword	1
ihg rewards	1
ihg	1
